# MagicaVoxel @ Ephtracy

# group
o 

# material
mtllib playa.mtl
usemtl palette

# normals
vn -1 0 0
vn 1 0 0
vn 0 0 1
vn 0 0 -1
vn 0 -1 0
vn 0 1 0

# texcoords
vt 0.0644531 0.5
vt 0.537109 0.5
vt 0.798828 0.5
vt 0.904297 0.5

# verts
v -3 0 3
v -3 0 0.6
v -3 0 0.3
v -3 0 -3
v -3 0.1 3
v -3 0.1 0.6
v -3 0.1 0.3
v -3 0.1 -3
v -2.6 3.1 0.4
v -2.6 3.1 0.0999999
v -2.6 3.4 0.4
v -2.6 3.4 0.0999999
v -2.6 4.2 0.3
v -2.6 4.2 -2.38419e-07
v -2.6 4.5 0.3
v -2.6 4.5 -2.38419e-07
v -2.5 3 0.5
v -2.5 3 -2.38419e-07
v -2.5 3.1 0.4
v -2.5 3.1 0.0999999
v -2.5 3.4 0.4
v -2.5 3.4 0.0999999
v -2.5 3.5 0.5
v -2.5 3.5 -2.38419e-07
v -2.5 4.1 0.4
v -2.5 4.1 -0.1
v -2.5 4.2 0.3
v -2.5 4.2 -2.38419e-07
v -2.5 4.5 0.3
v -2.5 4.5 -2.38419e-07
v -2.5 4.5 -0.1
v -2.5 4.5 -0.2
v -2.5 4.6 0.4
v -2.5 4.6 -0.2
v -2.4 2 0.4
v -2.4 2 0.0999999
v -2.4 2.3 0.4
v -2.4 2.3 0.0999999
v -2.4 2.9 0.4
v -2.4 2.9 0.0999999
v -2.4 3 0.4
v -2.4 3 0.0999999
v -2.4 3.1 0.6
v -2.4 3.1 0.5
v -2.4 3.1 -2.38419e-07
v -2.4 3.1 -0.1
v -2.4 3.4 0.6
v -2.4 3.4 0.5
v -2.4 3.4 -2.38419e-07
v -2.4 3.4 -0.1
v -2.4 3.5 0.4
v -2.4 3.5 0.0999999
v -2.4 3.6 0.4
v -2.4 3.6 0.0999999
v -2.4 4 0.3
v -2.4 4 -2.38419e-07
v -2.4 4.1 0.3
v -2.4 4.1 -2.38419e-07
v -2.4 4.2 0.5
v -2.4 4.2 0.4
v -2.4 4.2 -0.1
v -2.4 4.2 -0.2
v -2.4 4.4 -0.2
v -2.4 4.4 -0.3
v -2.4 4.5 0.5
v -2.4 4.5 0.4
v -2.4 4.5 -0.1
v -2.4 4.5 -0.2
v -2.4 4.5 -0.3
v -2.4 4.6 0.3
v -2.4 4.6 -2.38419e-07
v -2.4 4.7 0.3
v -2.4 4.7 -2.38419e-07
v -2.3 0.1 0.2
v -2.3 0.1 -0.8
v -2.3 0.6 0.2
v -2.3 0.6 -0.8
v -2.3 1.9 0.5
v -2.3 1.9 -2.38419e-07
v -2.3 2 0.4
v -2.3 2 0.0999999
v -2.3 2.3 0.4
v -2.3 2.3 0.0999999
v -2.3 2.4 0.5
v -2.3 2.4 -2.38419e-07
v -2.3 3.9 0.2
v -2.3 3.9 0.0999999
v -2.3 4 0.2
v -2.3 4 0.0999999
v -2.3 4.3 -0.2
v -2.3 4.3 -0.3
v -2.3 4.4 -0.2
v -2.3 4.4 -0.3
v -2.2 0.1 0.3
v -2.2 0.1 0.2
v -2.2 0.1 -0.8
v -2.2 0.1 -1
v -2.2 0.6 0.3
v -2.2 0.6 0.2
v -2.2 0.6 -0.8
v -2.2 0.6 -1
v -2.2 1.8 0.4
v -2.2 1.8 0.0999999
v -2.2 1.9 0.4
v -2.2 1.9 0.0999999
v -2.2 2 0.6
v -2.2 2 0.5
v -2.2 2 -2.38419e-07
v -2.2 2 -0.1
v -2.2 2.3 0.6
v -2.2 2.3 0.5
v -2.2 2.3 -2.38419e-07
v -2.2 2.3 -0.1
v -2.2 2.4 0.4
v -2.2 2.4 0.0999999
v -2.2 2.5 0.4
v -2.2 2.5 0.0999999
v -2.2 3.7 0.2
v -2.2 3.7 0.0999999
v -2.2 3.9 0.2
v -2.2 3.9 0.0999999
v -2.2 4.2 -0.2
v -2.2 4.2 -0.3
v -2.2 4.3 -0.2
v -2.2 4.3 -0.3
v -2.1 0.1 1.2
v -2.1 0.1 1.1
v -2.1 0.1 1
v -2.1 0.1 0.4
v -2.1 0.1 0.3
v -2.1 0.2 1.2
v -2.1 0.2 1
v -2.1 0.6 0.4
v -2.1 0.6 0.3
v -2.1 2.5 0.4
v -2.1 2.5 0.0999999
v -2.1 2.8 0.4
v -2.1 2.8 0.2
v -2.1 2.8 0.0999999
v -2.1 2.9 0.2
v -2.1 2.9 0.0999999
v -2.1 3.6 0.4
v -2.1 3.6 0.2
v -2.1 3.6 0.0999999
v -2.1 3.7 0.2
v -2.1 3.7 0.0999999
v -2.1 3.9 0.4
v -2.1 3.9 0.2
v -2.1 4.1 -0.1
v -2.1 4.1 -0.2
v -2.1 4.2 -0.1
v -2.1 4.2 -0.2
v -2 0.1 1
v -2 0.1 0.9
v -2 0.1 0.5
v -2 0.1 0.4
v -2 0.1 -1
v -2 0.1 -1.1
v -2 0.2 1
v -2 0.2 0.9
v -2 0.6 0.5
v -2 0.6 0.4
v -2 0.6 -0.1
v -2 0.6 -0.4
v -2 0.6 -1
v -2 0.6 -1.1
v -2 0.7 -2.38419e-07
v -2 0.7 -0.1
v -2 0.7 -0.4
v -2 0.7 -0.5
v -2 0.8 -0.1
v -2 0.8 -0.2
v -2 0.8 -0.3
v -2 0.8 -0.4
v -2 0.9 -2.38419e-07
v -2 0.9 -0.1
v -2 0.9 -0.4
v -2 0.9 -0.5
v -2 1 -0.2
v -2 1 -0.3
v -2 2.4 0.5
v -2 2.4 0.4
v -2 2.4 0.0999999
v -2 2.4 -2.38419e-07
v -2 2.8 0.4
v -2 2.8 0.2
v -2 2.8 0.0999999
v -2 2.9 0.5
v -2 2.9 0.2
v -2 2.9 0.0999999
v -2 2.9 -2.38419e-07
v -2 3.5 0.5
v -2 3.5 -2.38419e-07
v -2 3.6 0.4
v -2 3.6 0.2
v -2 3.6 0.0999999
v -2 3.9 0.4
v -2 3.9 0.2
v -2 4 0.5
v -2 4 0.2
v -2 4 0.0999999
v -2 4 -2.38419e-07
v -1.9 0.1 0.9
v -1.9 0.1 0.8
v -1.9 0.2 0.9
v -1.9 0.2 0.8
v -1.9 1.7 0.2
v -1.9 1.7 0.0999999
v -1.9 1.8 0.2
v -1.9 1.8 0.0999999
v -1.9 2.5 0.6
v -1.9 2.5 0.5
v -1.9 2.5 -2.38419e-07
v -1.9 2.5 -0.1
v -1.9 2.8 -2.38419e-07
v -1.9 2.8 -0.1
v -1.9 2.9 0.6
v -1.9 2.9 0.5
v -1.9 2.9 0.2
v -1.9 3 0.5
v -1.9 3 0.2
v -1.9 3.4 0.4
v -1.9 3.4 0.0999999
v -1.9 3.5 0.4
v -1.9 3.5 0.0999999
v -1.9 3.6 0.6
v -1.9 3.6 0.5
v -1.9 3.6 -2.38419e-07
v -1.9 3.6 -0.1
v -1.9 3.9 0.6
v -1.9 3.9 0.5
v -1.9 4 0.4
v -1.9 4 -2.38419e-07
v -1.9 4 -0.1
v -1.9 4.1 0.4
v -1.9 4.1 -2.38419e-07
v -1.9 4.7 0.3
v -1.9 4.7 -2.38419e-07
v -1.9 5 0.3
v -1.9 5 -2.38419e-07
v -1.8 0.1 0.8
v -1.8 0.1 0.7
v -1.8 0.1 0.6
v -1.8 0.1 0.5
v -1.8 0.2 0.8
v -1.8 0.6 0.8
v -1.8 0.6 0.7
v -1.8 0.6 0.6
v -1.8 0.6 0.5
v -1.8 0.6 -0.7
v -1.8 0.6 -1
v -1.8 0.7 -0.6
v -1.8 0.7 -0.7
v -1.8 0.7 -1
v -1.8 0.7 -1.1
v -1.8 0.8 -0.7
v -1.8 0.8 -0.8
v -1.8 0.8 -0.9
v -1.8 0.8 -1
v -1.8 0.9 -0.6
v -1.8 0.9 -0.7
v -1.8 0.9 -1
v -1.8 0.9 -1.1
v -1.8 1 -0.8
v -1.8 1 -0.9
v -1.8 2.7 0.7
v -1.8 2.7 0.6
v -1.8 2.8 0.7
v -1.8 2.8 0.6
v -1.8 3.8 -0.1
v -1.8 3.8 -0.2
v -1.8 3.9 -0.1
v -1.8 3.9 -0.2
v -1.8 4.6 0.4
v -1.8 4.6 0.2
v -1.8 4.6 0.0999999
v -1.8 4.6 -0.1
v -1.8 4.7 0.3
v -1.8 4.7 0.2
v -1.8 4.7 0.0999999
v -1.8 4.7 -2.38419e-07
v -1.8 5 0.3
v -1.8 5 -2.38419e-07
v -1.8 5.1 0.4
v -1.8 5.1 -0.1
v -1.7 0.1 0.7
v -1.7 0.1 0.6
v -1.7 0.1 -1.1
v -1.7 0.1 -1.2
v -1.7 0.6 0.8
v -1.7 0.6 0.7
v -1.7 0.6 0.6
v -1.7 0.6 -1.1
v -1.7 0.6 -1.2
v -1.7 0.7 0.8
v -1.7 0.7 0.7
v -1.7 1.6 0.4
v -1.7 1.6 0.2
v -1.7 1.6 0.0999999
v -1.7 1.7 0.2
v -1.7 1.7 0.0999999
v -1.7 1.9 0.4
v -1.7 1.9 0.2
v -1.7 3.6 -0.1
v -1.7 3.6 -0.2
v -1.7 3.8 -0.1
v -1.7 3.8 -0.2
v -1.7 4.5 0.3
v -1.7 4.5 0.2
v -1.7 4.5 0.0999999
v -1.7 4.5 -2.38419e-07
v -1.7 4.6 0.3
v -1.7 4.6 0.2
v -1.7 4.6 0.0999999
v -1.7 4.6 -2.38419e-07
v -1.7 4.7 0.5
v -1.7 4.7 0.4
v -1.7 4.7 -0.1
v -1.7 4.7 -0.2
v -1.7 5 0.5
v -1.7 5 0.4
v -1.7 5 -0.1
v -1.7 5 -0.2
v -1.7 5.1 0.3
v -1.7 5.1 -2.38419e-07
v -1.7 5.2 0.3
v -1.7 5.2 -2.38419e-07
v -1.6 0.1 0.9
v -1.6 0.1 0.8
v -1.6 0.6 0.9
v -1.6 0.6 0.8
v -1.6 0.6 0.7
v -1.6 0.6 0.5
v -1.6 0.7 0.9
v -1.6 0.7 0.8
v -1.6 0.7 0.7
v -1.6 0.7 0.5
v -1.6 0.7 0.4
v -1.6 0.8 0.8
v -1.6 0.8 0.7
v -1.6 0.8 0.6
v -1.6 0.8 0.5
v -1.6 0.9 0.9
v -1.6 0.9 0.8
v -1.6 0.9 0.5
v -1.6 0.9 0.4
v -1.6 1 0.7
v -1.6 1 0.6
v -1.6 1.5 0.5
v -1.6 1.5 -2.38419e-07
v -1.6 1.6 0.4
v -1.6 1.6 0.2
v -1.6 1.6 0.0999999
v -1.6 1.9 0.4
v -1.6 1.9 0.2
v -1.6 1.9 0.0999999
v -1.6 2 0.5
v -1.6 2 -2.38419e-07
v -1.6 3.5 -2.38419e-07
v -1.6 3.5 -0.1
v -1.6 3.6 -2.38419e-07
v -1.6 3.6 -0.1
v -1.5 0.1 1.1
v -1.5 0.1 0.9
v -1.5 0.6 1.1
v -1.5 0.6 0.9
v -1.5 1.4 0.4
v -1.5 1.4 0.0999999
v -1.5 1.5 0.4
v -1.5 1.5 0.0999999
v -1.5 1.6 0.6
v -1.5 1.6 0.5
v -1.5 1.6 -2.38419e-07
v -1.5 1.6 -0.1
v -1.5 1.9 0.6
v -1.5 1.9 0.5
v -1.5 1.9 -2.38419e-07
v -1.5 1.9 -0.1
v -1.5 2 0.4
v -1.5 2 0.0999999
v -1.5 2.1 0.4
v -1.5 2.1 0.0999999
v -1.5 4.4 0.2
v -1.5 4.4 0.0999999
v -1.5 4.5 0.2
v -1.5 4.5 0.0999999
v -1.4 0.1 1.3
v -1.4 0.1 1.1
v -1.4 0.6 1.3
v -1.4 0.6 1.1
v -1.4 0.6 0.7
v -1.4 0.6 0.6
v -1.4 0.6 -0.7
v -1.4 0.6 -1
v -1.4 0.7 0.7
v -1.4 0.7 -0.6
v -1.4 0.7 -0.7
v -1.4 0.7 -1
v -1.4 0.7 -1.1
v -1.4 0.8 0.6
v -1.4 0.8 0.5
v -1.4 0.8 -0.7
v -1.4 0.8 -0.8
v -1.4 0.8 -0.9
v -1.4 0.8 -1
v -1.4 0.9 0.7
v -1.4 0.9 0.6
v -1.4 0.9 -0.6
v -1.4 0.9 -0.7
v -1.4 0.9 -1
v -1.4 0.9 -1.1
v -1.4 1 0.6
v -1.4 1 0.5
v -1.4 1 -0.8
v -1.4 1 -0.9
v -1.4 2.1 0.4
v -1.4 2.1 0.0999999
v -1.4 2.3 0.2
v -1.4 2.3 0.0999999
v -1.4 2.4 0.4
v -1.4 2.4 0.3
v -1.4 2.4 0.2
v -1.4 2.4 0.0999999
v -1.4 2.5 0.3
v -1.4 2.5 0.2
v -1.4 3.1 0.4
v -1.4 3.1 0.0999999
v -1.4 3.3 0.2
v -1.4 3.3 0.0999999
v -1.4 3.4 0.4
v -1.4 3.4 0.2
v -1.4 3.4 0.0999999
v -1.4 3.4 -2.38419e-07
v -1.4 3.5 0.2
v -1.4 3.5 0.0999999
v -1.4 3.5 -2.38419e-07
v -1.4 4.3 0.2
v -1.4 4.3 0.0999999
v -1.4 4.4 0.2
v -1.4 4.4 0.0999999
v -1.3 0.1 1.4
v -1.3 0.1 1.3
v -1.3 0.6 1.4
v -1.3 0.6 1.3
v -1.3 0.6 0.6
v -1.3 0.6 -0.1
v -1.3 0.7 0.8
v -1.3 0.7 0.7
v -1.3 0.8 0.6
v -1.3 0.8 0.5
v -1.3 0.9 0.7
v -1.3 0.9 0.6
v -1.3 1 0.8
v -1.3 1 0.6
v -1.3 1 0.5
v -1.3 1 -0.1
v -1.3 1.1 0.6
v -1.3 1.1 0.5
v -1.3 2 0.5
v -1.3 2 0.4
v -1.3 2 0.0999999
v -1.3 2 -2.38419e-07
v -1.3 2.3 0.0999999
v -1.3 2.4 0.4
v -1.3 2.4 0.3
v -1.3 2.5 0.5
v -1.3 2.5 0.4
v -1.3 2.5 0.3
v -1.3 2.5 0.0999999
v -1.3 2.5 -2.38419e-07
v -1.3 3 0.5
v -1.3 3 -2.38419e-07
v -1.3 3.1 0.4
v -1.3 3.1 0.0999999
v -1.3 3.3 0.0999999
v -1.3 3.3 -2.38419e-07
v -1.3 3.3 -0.1
v -1.3 3.4 0.4
v -1.3 3.4 0.2
v -1.3 3.4 0.0999999
v -1.3 3.4 -2.38419e-07
v -1.3 3.5 0.5
v -1.3 3.5 0.2
v -1.3 3.5 -2.38419e-07
v -1.3 3.5 -0.1
v -1.3 4.2 0.4
v -1.3 4.2 0.0999999
v -1.3 4.3 0.2
v -1.3 4.3 0.0999999
v -1.3 4.5 0.4
v -1.3 4.5 0.2
v -1.2 0.1 1.5
v -1.2 0.1 1.4
v -1.2 0.1 -1.2
v -1.2 0.1 -1.3
v -1.2 0.6 1.5
v -1.2 0.6 1.4
v -1.2 0.6 0.9
v -1.2 0.6 0.8
v -1.2 0.6 -0.1
v -1.2 0.6 -0.2
v -1.2 0.6 -1.2
v -1.2 0.6 -1.3
v -1.2 1 0.9
v -1.2 1 0.8
v -1.2 1 0.5
v -1.2 1 0.4
v -1.2 1 -0.1
v -1.2 1 -0.2
v -1.2 1.1 0.5
v -1.2 1.1 0.4
v -1.2 2.1 0.6
v -1.2 2.1 0.5
v -1.2 2.1 -2.38419e-07
v -1.2 2.1 -0.1
v -1.2 2.4 -2.38419e-07
v -1.2 2.4 -0.1
v -1.2 2.5 0.6
v -1.2 2.5 0.5
v -1.2 2.5 0.4
v -1.2 2.6 0.5
v -1.2 2.6 0.4
v -1.2 2.9 0.4
v -1.2 2.9 -0.2
v -1.2 3 0.4
v -1.2 3 -2.38419e-07
v -1.2 3.1 0.6
v -1.2 3.1 0.5
v -1.2 3.1 -0.2
v -1.2 3.1 -0.3
v -1.2 3.2 -0.2
v -1.2 3.2 -0.3
v -1.2 3.3 -2.38419e-07
v -1.2 3.3 -0.1
v -1.2 3.4 0.6
v -1.2 3.4 0.5
v -1.2 3.4 -0.1
v -1.2 3.4 -0.2
v -1.2 3.5 0.4
v -1.2 3.5 0.2
v -1.2 3.6 0.4
v -1.2 3.6 0.2
v -1.2 3.9 -0.8
v -1.2 3.9 -1.1
v -1.2 4.1 0.5
v -1.2 4.1 -2.38419e-07
v -1.2 4.2 0.4
v -1.2 4.2 0.0999999
v -1.2 4.2 -0.8
v -1.2 4.2 -1.1
v -1.2 4.3 0.0999999
v -1.2 4.5 0.4
v -1.2 4.5 0.2
v -1.2 4.6 0.5
v -1.2 4.6 0.2
v -1.2 4.6 0.0999999
v -1.2 4.6 -2.38419e-07
v -1.1 0.1 1.6
v -1.1 0.1 1.5
v -1.1 0.6 1.6
v -1.1 0.6 1.5
v -1.1 0.6 -0.2
v -1.1 0.6 -0.3
v -1.1 1 0.4
v -1.1 1 0.3
v -1.1 1 -0.2
v -1.1 1 -0.3
v -1.1 1.1 0.4
v -1.1 1.1 0.3
v -1.1 1.3 0.2
v -1.1 1.3 0.0999999
v -1.1 1.4 0.2
v -1.1 1.4 0.0999999
v -1.1 2.8 0.2
v -1.1 2.8 -0.3
v -1.1 2.9 0.2
v -1.1 2.9 -0.2
v -1.1 2.9 -0.3
v -1.1 2.9 -0.4
v -1.1 3.1 -0.2
v -1.1 3.1 -0.3
v -1.1 3.2 -0.2
v -1.1 3.2 -0.3
v -1.1 3.2 -0.4
v -1.1 3.3 -0.2
v -1.1 3.3 -0.3
v -1.1 3.8 -0.7
v -1.1 3.8 -1.2
v -1.1 3.9 -0.8
v -1.1 3.9 -1.1
v -1.1 4 0.4
v -1.1 4 0.2
v -1.1 4 0.0999999
v -1.1 4.1 0.4
v -1.1 4.1 0.2
v -1.1 4.1 0.0999999
v -1.1 4.2 0.6
v -1.1 4.2 0.5
v -1.1 4.2 -2.38419e-07
v -1.1 4.2 -0.1
v -1.1 4.2 -0.8
v -1.1 4.2 -1.1
v -1.1 4.3 -0.7
v -1.1 4.3 -1.2
v -1.1 4.5 0.6
v -1.1 4.5 0.5
v -1.1 4.5 -0.1
v -1.1 4.5 -0.3
v -1.1 4.6 0.4
v -1.1 4.6 0.0999999
v -1.1 4.6 -2.38419e-07
v -1.1 4.7 0.4
v -1.1 4.7 0.0999999
v -1.1 4.8 -2.38419e-07
v -1.1 4.8 -0.3
v -1.1 5 0.7
v -1.1 5 0.4
v -1.1 5.3 0.7
v -1.1 5.3 0.4
v -1 0.1 1.7
v -1 0.1 1.6
v -1 0.1 -1.3
v -1 0.1 -1.4
v -1 0.6 1.7
v -1 0.6 1.6
v -1 0.6 1
v -1 0.6 0.9
v -1 0.6 -0.3
v -1 0.6 -0.4
v -1 0.6 -1.3
v -1 0.6 -1.4
v -1 0.7 1.6
v -1 0.7 1.5
v -1 0.9 1.6
v -1 0.9 1.5
v -1 1 1
v -1 1 0.9
v -1 1 0.3
v -1 1 0.2
v -1 1 -0.3
v -1 1 -0.4
v -1 1.1 0.3
v -1 1.1 0.2
v -1 1.2 0.2
v -1 1.2 0.0999999
v -1 1.3 0.2
v -1 1.3 0.0999999
v -1 2.6 0.6
v -1 2.6 0.4
v -1 2.6 0.3
v -1 2.7 0.0999999
v -1 2.7 -0.2
v -1 2.8 0.0999999
v -1 2.8 -0.2
v -1 2.8 -0.3
v -1 2.8 -0.4
v -1 2.9 0.6
v -1 2.9 0.4
v -1 2.9 0.3
v -1 2.9 -0.3
v -1 2.9 -0.4
v -1 2.9 -0.5
v -1 3 -0.4
v -1 3 -0.5
v -1 3.3 1
v -1 3.3 0.7
v -1 3.3 -0.1
v -1 3.3 -0.2
v -1 3.4 -0.1
v -1 3.4 -0.2
v -1 3.6 1
v -1 3.6 0.7
v -1 3.7 -0.8
v -1 3.7 -1.1
v -1 3.8 -0.8
v -1 3.8 -1.1
v -1 3.9 0.2
v -1 3.9 0.0999999
v -1 3.9 -0.6
v -1 3.9 -0.7
v -1 3.9 -1.2
v -1 3.9 -1.3
v -1 4 0.2
v -1 4 0.0999999
v -1 4.2 -0.6
v -1 4.2 -0.7
v -1 4.2 -1.2
v -1 4.2 -1.3
v -1 4.3 -0.8
v -1 4.3 -1.1
v -1 4.4 -0.1
v -1 4.4 -0.4
v -1 4.4 -0.8
v -1 4.4 -1.1
v -1 4.5 -0.1
v -1 4.5 -0.3
v -1 4.6 0.0999999
v -1 4.6 -2.38419e-07
v -1 4.7 0.0999999
v -1 4.8 0.4
v -1 4.8 0.0999999
v -1 4.8 -2.38419e-07
v -1 4.8 -0.3
v -1 4.9 0.8
v -1 4.9 0.4
v -1 4.9 0.0999999
v -1 4.9 -2.38419e-07
v -1 4.9 -0.3
v -1 4.9 -0.4
v -1 5 0.7
v -1 5 0.4
v -1 5.1 0.3
v -1 5.1 0.0999999
v -1 5.2 -2.38419e-07
v -1 5.2 -0.3
v -1 5.3 0.7
v -1 5.3 0.4
v -1 5.4 0.8
v -1 5.4 0.3
v -0.9 0.1 1.8
v -0.9 0.1 1.7
v -0.9 0.1 -1.4
v -0.9 0.1 -1.5
v -0.9 0.6 1.8
v -0.9 0.6 1.7
v -0.9 0.6 1.6
v -0.9 0.6 1.5
v -0.9 0.6 -1.4
v -0.9 0.6 -1.5
v -0.9 0.7 1.6
v -0.9 0.7 1.5
v -0.9 1 0.2
v -0.9 1 -2.38419e-07
v -0.9 1.1 0.2
v -0.9 1.2 0.2
v -0.9 1.2 0.0999999
v -0.9 1.6 0.2
v -0.9 1.6 0.0999999
v -0.9 1.9 0.2
v -0.9 1.9 0.0999999
v -0.9 2 0.0999999
v -0.9 2 -2.38419e-07
v -0.9 2.4 -2.38419e-07
v -0.9 2.4 -0.1
v -0.9 2.5 0.7
v -0.9 2.5 0.6
v -0.9 2.5 0.4
v -0.9 2.5 0.0999999
v -0.9 2.5 -2.38419e-07
v -0.9 2.6 0.6
v -0.9 2.6 0.4
v -0.9 2.6 0.3
v -0.9 2.6 0.2
v -0.9 2.6 0.0999999
v -0.9 2.7 0.0999999
v -0.9 2.7 -2.38419e-07
v -0.9 2.7 -0.1
v -0.9 2.7 -0.2
v -0.9 2.7 -0.3
v -0.9 2.8 0.2
v -0.9 2.8 0.0999999
v -0.9 2.8 -0.2
v -0.9 2.8 -0.3
v -0.9 2.9 0.6
v -0.9 2.9 0.4
v -0.9 2.9 0.3
v -0.9 2.9 0.2
v -0.9 3 0.7
v -0.9 3 0.5
v -0.9 3 0.4
v -0.9 3.2 1.1
v -0.9 3.2 0.6
v -0.9 3.3 1
v -0.9 3.3 0.7
v -0.9 3.4 0.6
v -0.9 3.5 0.0999999
v -0.9 3.5 -2.38419e-07
v -0.9 3.6 1
v -0.9 3.6 0.7
v -0.9 3.6 0.2
v -0.9 3.6 0.0999999
v -0.9 3.7 1.1
v -0.9 3.7 0.6
v -0.9 3.9 0.2
v -0.9 3.9 0.0999999
v -0.9 4 1.5
v -0.9 4 1.2
v -0.9 4.1 0.0999999
v -0.9 4.1 -2.38419e-07
v -0.9 4.3 1.5
v -0.9 4.3 1.2
v -0.9 4.3 -0.1
v -0.9 4.3 -0.3
v -0.9 4.4 -0.1
v -0.9 4.4 -0.3
v -0.9 4.5 -0.4
v -0.9 4.5 -0.5
v -0.9 4.7 0.5
v -0.9 4.7 0.4
v -0.9 4.7 0.2
v -0.9 4.7 0.0999999
v -0.9 4.8 1.5
v -0.9 4.8 1.2
v -0.9 4.8 0.7
v -0.9 4.8 0.5
v -0.9 4.8 0.4
v -0.9 4.8 0.2
v -0.9 4.8 0.0999999
v -0.9 4.8 -0.4
v -0.9 4.8 -0.5
v -0.9 4.8 -0.7
v -0.9 4.8 -1
v -0.9 4.9 0.7
v -0.9 4.9 0.4
v -0.9 4.9 0.0999999
v -0.9 4.9 -2.38419e-07
v -0.9 4.9 -0.3
v -0.9 4.9 -0.4
v -0.9 5 0.9
v -0.9 5 0.8
v -0.9 5.1 1.5
v -0.9 5.1 1.2
v -0.9 5.1 0.3
v -0.9 5.1 0.0999999
v -0.9 5.1 -0.7
v -0.9 5.1 -1
v -0.9 5.2 0.2
v -0.9 5.2 0.0999999
v -0.9 5.2 -2.38419e-07
v -0.9 5.2 -0.3
v -0.9 5.3 0.3
v -0.9 5.3 0.2
v -0.9 5.3 0.0999999
v -0.9 5.3 -0.4
v -0.9 5.4 0.8
v -0.9 5.4 0.4
v -0.9 5.5 0.6
v -0.9 5.5 0.4
v -0.9 5.6 0.9
v -0.9 5.6 0.6
v -0.8 0.6 -0.4
v -0.8 0.6 -0.5
v -0.8 0.7 -1.1
v -0.8 0.7 -1.2
v -0.8 0.8 1.6
v -0.8 0.8 1.5
v -0.8 0.9 -1.1
v -0.8 0.9 -1.2
v -0.8 1 1.6
v -0.8 1 1.5
v -0.8 1 -2.38419e-07
v -0.8 1 -0.1
v -0.8 1 -0.4
v -0.8 1 -0.5
v -0.8 1.1 0.3
v -0.8 1.1 0.2
v -0.8 2 0.3
v -0.8 2 0.2
v -0.8 2.1 -0.1
v -0.8 2.1 -0.2
v -0.8 2.2 -2.38419e-07
v -0.8 2.2 -0.1
v -0.8 2.3 -0.1
v -0.8 2.3 -0.2
v -0.8 2.4 0.7
v -0.8 2.4 0.6
v -0.8 2.5 0.7
v -0.8 2.5 0.6
v -0.8 2.6 0.8
v -0.8 2.6 0.7
v -0.8 2.9 0.8
v -0.8 2.9 0.7
v -0.8 3 0.6
v -0.8 3 0.5
v -0.8 3 -0.4
v -0.8 3 -0.6
v -0.8 3.1 1
v -0.8 3.1 0.7
v -0.8 3.1 0.6
v -0.8 3.1 0.5
v -0.8 3.2 1
v -0.8 3.2 0.7
v -0.8 3.2 -0.3
v -0.8 3.2 -0.4
v -0.8 3.3 1.2
v -0.8 3.3 1.1
v -0.8 3.3 0.6
v -0.8 3.3 0.5
v -0.8 3.3 -0.3
v -0.8 3.3 -0.6
v -0.8 3.4 -2.38419e-07
v -0.8 3.4 -0.1
v -0.8 3.5 0.5
v -0.8 3.5 0.3
v -0.8 3.5 0.2
v -0.8 3.6 1.2
v -0.8 3.6 1.1
v -0.8 3.6 0.6
v -0.8 3.6 0.5
v -0.8 3.7 1
v -0.8 3.7 0.7
v -0.8 3.7 -0.5
v -0.8 3.7 -0.8
v -0.8 3.8 1
v -0.8 3.8 0.7
v -0.8 3.8 -0.7
v -0.8 3.8 -0.8
v -0.8 3.9 1.6
v -0.8 3.9 1.1
v -0.8 3.9 -0.6
v -0.8 3.9 -0.7
v -0.8 4 1.5
v -0.8 4 1.2
v -0.8 4 0.3
v -0.8 4 0.2
v -0.8 4 -0.5
v -0.8 4 -0.6
v -0.8 4.2 -2.38419e-07
v -0.8 4.2 -0.1
v -0.8 4.3 1.5
v -0.8 4.3 1.2
v -0.8 4.4 1.6
v -0.8 4.4 1.1
v -0.8 4.7 1.6
v -0.8 4.7 1.1
v -0.8 4.7 -0.6
v -0.8 4.7 -1.1
v -0.8 4.8 1.5
v -0.8 4.8 1.2
v -0.8 4.8 -0.7
v -0.8 4.8 -1
v -0.8 4.9 -0.4
v -0.8 4.9 -0.5
v -0.8 5.1 1.5
v -0.8 5.1 1.2
v -0.8 5.1 -0.7
v -0.8 5.1 -1
v -0.8 5.2 1.6
v -0.8 5.2 1.1
v -0.8 5.2 1
v -0.8 5.2 0.9
v -0.8 5.2 0.2
v -0.8 5.2 0.0999999
v -0.8 5.2 -0.4
v -0.8 5.2 -0.5
v -0.8 5.2 -0.6
v -0.8 5.2 -1.1
v -0.8 5.3 0.2
v -0.8 5.3 0.0999999
v -0.8 5.3 -2.38419e-07
v -0.8 5.3 -0.3
v -0.8 5.4 -2.38419e-07
v -0.8 5.4 -0.3
v -0.8 5.5 0.6
v -0.8 5.5 0.5
v -0.8 5.6 0.9
v -0.8 5.6 0.6
v -0.8 5.7 1
v -0.8 5.7 0.5
v -0.7 0.1 1.9
v -0.7 0.1 1.8
v -0.7 0.6 1.9
v -0.7 0.6 1.8
v -0.7 0.6 1.1
v -0.7 0.6 1
v -0.7 0.6 -1.1
v -0.7 0.6 -1.2
v -0.7 0.7 -1.1
v -0.7 0.7 -1.2
v -0.7 1 1.1
v -0.7 1 1
v -0.7 1 0.4
v -0.7 1 0.3
v -0.7 1 -0.1
v -0.7 1 -0.2
v -0.7 1.2 0.5
v -0.7 1.2 0.4
v -0.7 1.9 -0.2
v -0.7 1.9 -0.3
v -0.7 2.1 0.5
v -0.7 2.1 0.4
v -0.7 2.1 0.3
v -0.7 2.1 -0.1
v -0.7 2.1 -0.2
v -0.7 2.1 -0.3
v -0.7 2.3 -0.1
v -0.7 2.3 -0.2
v -0.7 2.7 -0.1
v -0.7 2.7 -0.2
v -0.7 2.9 -0.4
v -0.7 2.9 -0.7
v -0.7 3 -0.4
v -0.7 3 -0.6
v -0.7 3.3 0.5
v -0.7 3.3 0.4
v -0.7 3.3 -0.2
v -0.7 3.3 -0.6
v -0.7 3.4 0.4
v -0.7 3.4 0.3
v -0.7 3.4 -0.1
v -0.7 3.4 -0.2
v -0.7 3.4 -0.7
v -0.7 3.6 0.5
v -0.7 3.6 0.4
v -0.7 3.6 -0.4
v -0.7 3.6 -0.9
v -0.7 3.7 -0.5
v -0.7 3.7 -0.9
v -0.7 3.8 1.5
v -0.7 3.8 1.2
v -0.7 3.9 1.5
v -0.7 3.9 1.2
v -0.7 4 1.7
v -0.7 4 1.6
v -0.7 4 1.1
v -0.7 4 1
v -0.7 4 -0.5
v -0.7 4 -0.6
v -0.7 4.1 0.4
v -0.7 4.1 0.3
v -0.7 4.1 -0.4
v -0.7 4.1 -0.6
v -0.7 4.2 -0.6
v -0.7 4.2 -0.7
v -0.7 4.3 1.7
v -0.7 4.3 1.6
v -0.7 4.3 1.1
v -0.7 4.3 1
v -0.7 4.3 -0.1
v -0.7 4.3 -0.2
v -0.7 4.3 -0.7
v -0.7 4.3 -0.8
v -0.7 4.4 1.5
v -0.7 4.4 1.2
v -0.7 4.4 -0.6
v -0.7 4.4 -0.8
v -0.7 4.5 1.5
v -0.7 4.5 1.2
v -0.7 4.6 1.5
v -0.7 4.6 1.2
v -0.7 4.6 -0.7
v -0.7 4.6 -1
v -0.7 4.7 1.5
v -0.7 4.7 1.2
v -0.7 4.7 -0.7
v -0.7 4.7 -1
v -0.7 4.8 1.7
v -0.7 4.8 1.6
v -0.7 4.8 1.1
v -0.7 4.8 1
v -0.7 4.8 -0.5
v -0.7 4.8 -0.6
v -0.7 4.8 -1.1
v -0.7 4.8 -1.2
v -0.7 4.9 -0.5
v -0.7 5.1 1.7
v -0.7 5.1 1.6
v -0.7 5.1 1.1
v -0.7 5.1 1
v -0.7 5.1 -0.5
v -0.7 5.1 -0.6
v -0.7 5.1 -1.1
v -0.7 5.1 -1.2
v -0.7 5.2 1.5
v -0.7 5.2 1.2
v -0.7 5.2 -0.7
v -0.7 5.2 -1
v -0.7 5.3 1.5
v -0.7 5.3 1.2
v -0.7 5.3 1.1
v -0.7 5.3 1
v -0.7 5.3 -0.7
v -0.7 5.3 -1
v -0.7 5.5 0.5
v -0.7 5.5 0.4
v -0.7 5.6 1.1
v -0.7 5.6 1
v -0.7 5.6 0.5
v -0.7 5.6 0.4
v -0.7 5.7 0.9
v -0.7 5.7 0.6
v -0.7 5.8 0.9
v -0.7 5.8 0.6
v -0.6 0.1 2
v -0.6 0.1 1.9
v -0.6 0.1 -1.5
v -0.6 0.1 -1.6
v -0.6 0.6 2
v -0.6 0.6 1.9
v -0.6 0.6 -0.5
v -0.6 0.6 -0.6
v -0.6 0.6 -1.5
v -0.6 0.6 -1.6
v -0.6 0.8 1.6
v -0.6 0.8 1.5
v -0.6 0.8 -1.1
v -0.6 0.8 -1.2
v -0.6 0.9 1.6
v -0.6 0.9 1.5
v -0.6 1 -0.5
v -0.6 1 -0.6
v -0.6 1 -1.1
v -0.6 1 -1.2
v -0.6 1.7 -0.2
v -0.6 1.7 -0.3
v -0.6 1.9 -0.2
v -0.6 1.9 -0.3
v -0.6 2.7 -0.2
v -0.6 2.7 -0.3
v -0.6 2.8 -0.2
v -0.6 2.8 -0.3
v -0.6 2.8 -0.4
v -0.6 2.8 -0.6
v -0.6 2.9 0.9
v -0.6 2.9 0.8
v -0.6 2.9 0.7
v -0.6 2.9 -0.3
v -0.6 2.9 -0.4
v -0.6 2.9 -0.6
v -0.6 3 0.7
v -0.6 3 0.6
v -0.6 3 -0.7
v -0.6 3 -0.8
v -0.6 3.1 0.9
v -0.6 3.1 0.7
v -0.6 3.1 0.6
v -0.6 3.2 0.6
v -0.6 3.2 0.4
v -0.6 3.3 0.6
v -0.6 3.3 0.4
v -0.6 3.3 -0.7
v -0.6 3.3 -0.8
v -0.6 3.4 -0.3
v -0.6 3.4 -0.4
v -0.6 3.4 -0.6
v -0.6 3.5 -0.3
v -0.6 3.5 -0.4
v -0.6 3.5 -0.6
v -0.6 3.5 -0.8
v -0.6 3.6 0.6
v -0.6 3.6 0.4
v -0.6 3.6 -0.4
v -0.6 3.6 -0.6
v -0.6 3.6 -0.8
v -0.6 3.7 0.6
v -0.6 3.7 0.4
v -0.6 3.7 -0.3
v -0.6 3.7 -0.4
v -0.6 3.7 -0.9
v -0.6 3.7 -1
v -0.6 3.8 1.2
v -0.6 3.8 1
v -0.6 3.8 0.8
v -0.6 3.8 -0.9
v -0.6 3.8 -1
v -0.6 3.9 1.2
v -0.6 3.9 1.1
v -0.6 3.9 0.9
v -0.6 3.9 0.8
v -0.6 4 1.1
v -0.6 4 1
v -0.6 4 0.9
v -0.6 4 -0.3
v -0.6 4 -0.4
v -0.6 4.1 -0.5
v -0.6 4.1 -0.6
v -0.6 4.3 -0.5
v -0.6 4.3 -0.6
v -0.6 4.4 -0.7
v -0.6 4.4 -0.8
v -0.6 4.4 -1
v -0.6 4.5 1.4
v -0.6 4.5 1.2
v -0.6 4.5 -0.7
v -0.6 4.5 -0.8
v -0.6 4.6 1.4
v -0.6 4.6 1.2
v -0.6 4.6 -0.8
v -0.6 4.6 -1
v -0.5 1.1 0.5
v -0.5 1.1 0.4
v -0.5 1.2 0.5
v -0.5 1.2 0.4
v -0.5 1.5 -0.2
v -0.5 1.5 -0.3
v -0.5 1.7 -0.2
v -0.5 1.7 -0.3
v -0.5 3.1 0.6
v -0.5 3.1 0.4
v -0.5 3.2 0.6
v -0.5 3.2 0.4
v -0.5 3.7 0.6
v -0.5 3.7 0.4
v -0.5 3.8 0.6
v -0.5 3.8 0.4
v -0.5 4.8 -0.4
v -0.5 4.8 -0.5
v -0.5 4.9 -0.4
v -0.5 4.9 -0.5
v -0.5 5.1 -0.5
v -0.5 5.1 -0.6
v -0.5 5.2 -0.4
v -0.5 5.2 -0.5
v -0.5 5.2 -0.6
v -0.5 5.3 -0.4
v -0.5 5.3 -0.6
v -0.4 0.1 2.1
v -0.4 0.1 2
v -0.4 0.6 2.1
v -0.4 0.6 2
v -0.4 0.8 -1.1
v -0.4 0.8 -1.2
v -0.4 0.9 -1.1
v -0.4 0.9 -1.2
v -0.4 1.2 -0.2
v -0.4 1.2 -0.3
v -0.4 1.5 -0.2
v -0.4 1.5 -0.3
v -0.4 3 0.5
v -0.4 3 0.4
v -0.4 3.1 0.5
v -0.4 3.1 0.4
v -0.4 3.8 0.5
v -0.4 3.8 0.4
v -0.4 4.3 0.5
v -0.4 4.3 0.4
v -0.4 4.4 -0.2
v -0.4 4.4 -0.3
v -0.4 4.5 -0.2
v -0.4 4.5 -0.3
v -0.4 4.6 -0.4
v -0.4 4.6 -0.5
v -0.4 4.8 -0.4
v -0.4 4.8 -0.5
v -0.4 4.9 0.6
v -0.4 4.9 0.5
v -0.4 5 0.6
v -0.4 5 0.5
v -0.4 5.3 0.4
v -0.4 5.3 0.0999999
v -0.4 5.3 -0.2
v -0.4 5.3 -0.5
v -0.4 5.4 0.4
v -0.4 5.4 0.0999999
v -0.4 5.4 -0.2
v -0.4 5.4 -0.5
v -0.3 0.1 2.2
v -0.3 0.1 2.1
v -0.3 0.6 2.2
v -0.3 0.6 2.1
v -0.3 0.6 1.2
v -0.3 0.6 1.1
v -0.3 0.7 2
v -0.3 0.7 1.9
v -0.3 0.9 2
v -0.3 0.9 1.9
v -0.3 1 1.2
v -0.3 1 1.1
v -0.3 2.9 0.6
v -0.3 2.9 0.5
v -0.3 3 0.6
v -0.3 3 0.5
v -0.3 3.9 0.6
v -0.3 3.9 0.5
v -0.3 4.2 0.6
v -0.3 4.2 0.5
v -0.2 0.1 2.3
v -0.2 0.1 2.2
v -0.2 0.6 2.3
v -0.2 0.6 2.2
v -0.2 0.6 2
v -0.2 0.6 1.9
v -0.2 0.7 2
v -0.2 0.7 1.9
v -0.2 0.7 -1.1
v -0.2 0.7 -1.2
v -0.2 0.9 -1.1
v -0.2 0.9 -1.2
v -0.2 1.7 0.4
v -0.2 1.7 0.3
v -0.2 2 0.4
v -0.2 2 0.3
v -0.0999999 0.1 2.4
v -0.0999999 0.1 2.3
v -0.0999999 0.6 2.4
v -0.0999999 0.6 2.3
v -0.0999999 0.6 -1.1
v -0.0999999 0.6 -1.2
v -0.0999999 0.7 -1.1
v -0.0999999 0.7 -1.2
v -0.0999999 0.8 2
v -0.0999999 0.8 1.9
v -0.0999999 1 2
v -0.0999999 1 1.9
v -0.0999999 1.6 0.5
v -0.0999999 1.6 0.2
v -0.0999999 1.7 0.4
v -0.0999999 1.7 0.2
v -0.0999999 2 0.4
v -0.0999999 2 0.2
v -0.0999999 2.1 0.5
v -0.0999999 2.1 0.2
v 2.38419e-07 0.1 -1.6
v 2.38419e-07 0.1 -1.7
v 2.38419e-07 0.6 -1.6
v 2.38419e-07 0.6 -1.7
v 2.38419e-07 0.8 -1.1
v 2.38419e-07 0.8 -1.2
v 2.38419e-07 1 -1.1
v 2.38419e-07 1 -1.2
v 2.38419e-07 1.5 0.4
v 2.38419e-07 1.5 0.0999999
v 2.38419e-07 1.6 0.4
v 2.38419e-07 1.6 0.0999999
v 2.38419e-07 1.7 0.6
v 2.38419e-07 1.7 0.5
v 2.38419e-07 1.7 -2.38419e-07
v 2.38419e-07 1.7 -0.1
v 2.38419e-07 2 0.6
v 2.38419e-07 2 0.5
v 2.38419e-07 2 -2.38419e-07
v 2.38419e-07 2 -0.1
v 2.38419e-07 2.1 0.4
v 2.38419e-07 2.1 0.0999999
v 2.38419e-07 2.2 0.4
v 2.38419e-07 2.2 0.0999999
v 2.38419e-07 4.2 -2.38419e-07
v 2.38419e-07 4.2 -0.1
v 2.38419e-07 4.3 0.0999999
v 2.38419e-07 4.3 -2.38419e-07
v 2.38419e-07 4.4 0.0999999
v 2.38419e-07 4.4 -0.1
v 2.38419e-07 4.4 -0.2
v 2.38419e-07 4.5 0.0999999
v 2.38419e-07 4.5 -0.2
v 2.38419e-07 4.6 0.3
v 2.38419e-07 4.6 0.2
v 2.38419e-07 4.8 0.3
v 2.38419e-07 4.8 0.2
v 2.38419e-07 5 -2.38419e-07
v 2.38419e-07 5 -0.1
v 2.38419e-07 5.1 -2.38419e-07
v 2.38419e-07 5.1 -0.1
v 0.1 0.8 2
v 0.1 0.8 1.9
v 0.1 0.9 2
v 0.1 0.9 1.9
v 0.1 2.5 0.4
v 0.1 2.5 0.0999999
v 0.1 2.6 0.4
v 0.1 2.6 0.2
v 0.1 2.6 0.0999999
v 0.1 2.7 0.6
v 0.1 2.7 0.5
v 0.1 2.7 -2.38419e-07
v 0.1 2.7 -0.1
v 0.1 3 0.6
v 0.1 3 0.5
v 0.1 3 -2.38419e-07
v 0.1 3 -0.1
v 0.1 3.1 0.4
v 0.1 3.1 0.0999999
v 0.1 3.2 0.4
v 0.1 3.2 0.0999999
v 0.1 4 -2.38419e-07
v 0.1 4 -0.2
v 0.1 4.1 -2.38419e-07
v 0.1 4.1 -0.1
v 0.1 4.3 0.3
v 0.1 4.3 0.2
v 0.1 4.4 0.2
v 0.1 4.4 0.0999999
v 0.1 4.4 -0.1
v 0.1 4.4 -0.2
v 0.1 4.5 0.3
v 0.1 4.5 0.2
v 0.1 4.5 0.0999999
v 0.2 0.8 -1.1
v 0.2 0.8 -1.2
v 0.2 0.9 -1.1
v 0.2 0.9 -1.2
v 0.2 3 -2.38419e-07
v 0.2 3 -0.1
v 0.2 3.1 0.0999999
v 0.2 3.1 -2.38419e-07
v 0.2 3.2 0.2
v 0.2 3.2 0.0999999
v 0.2 3.3 0.2
v 0.2 3.3 -0.1
v 0.2 3.9 0.0999999
v 0.2 3.9 -0.1
v 0.2 4 0.0999999
v 0.2 4 -0.1
v 0.2 4.1 -0.2
v 0.2 4.1 -0.3
v 0.2 4.2 0.4
v 0.2 4.2 0.3
v 0.2 4.4 0.4
v 0.2 4.4 0.3
v 0.2 4.4 -0.2
v 0.2 4.4 -0.3
v 0.3 0.7 -1.3
v 0.3 0.7 -1.4
v 0.3 0.9 -1.3
v 0.3 0.9 -1.4
v 0.3 1 0.0999999
v 0.3 1 -2.38419e-07
v 0.3 1.1 0.0999999
v 0.3 1.1 -2.38419e-07
v 0.3 2.9 -0.1
v 0.3 2.9 -0.2
v 0.3 3.2 0.3
v 0.3 3.2 0.2
v 0.3 3.3 0.2
v 0.3 3.3 -0.1
v 0.3 3.4 0.3
v 0.3 3.4 -0.2
v 0.3 4.4 0.4
v 0.3 4.4 0.3
v 0.3 4.5 0.3
v 0.3 4.5 0.2
v 0.3 4.6 0.4
v 0.3 4.6 0.3
v 0.3 4.6 0.2
v 0.4 0.6 -1.3
v 0.4 0.6 -1.4
v 0.4 0.7 1.5
v 0.4 0.7 1.4
v 0.4 0.7 -1.3
v 0.4 0.7 -1.4
v 0.4 0.9 1.5
v 0.4 0.9 1.4
v 0.4 2.1 0.4
v 0.4 2.1 0.0999999
v 0.4 2.3 0.4
v 0.4 2.3 0.0999999
v 0.4 3 -0.2
v 0.4 3 -0.3
v 0.4 3.2 0.4
v 0.4 3.2 0.3
v 0.4 3.3 0.4
v 0.4 3.3 0.3
v 0.4 3.3 -0.2
v 0.4 3.3 -0.3
v 0.4 3.4 0.2
v 0.4 3.4 -0.1
v 0.4 3.5 0.2
v 0.4 3.5 -0.1
v 0.4 4.2 0.5
v 0.4 4.2 0.4
v 0.4 4.6 0.4
v 0.4 4.6 0.2
v 0.4 4.7 0.5
v 0.4 4.7 0.2
v 0.5 0.6 1.5
v 0.5 0.6 1.4
v 0.5 0.7 1.5
v 0.5 0.7 1.4
v 0.5 0.8 -1.3
v 0.5 0.8 -1.4
v 0.5 1 -1.3
v 0.5 1 -1.4
v 0.5 1.9 0.5
v 0.5 1.9 0.4
v 0.5 1.9 0.0999999
v 0.5 1.9 -2.38419e-07
v 0.5 2.1 0.0999999
v 0.5 2.3 0.4
v 0.5 2.3 0.0999999
v 0.5 2.4 0.5
v 0.5 2.4 -2.38419e-07
v 0.5 3.3 0.4
v 0.5 3.3 0.3
v 0.5 3.4 0.4
v 0.5 3.4 0.3
v 0.5 4.3 0.6
v 0.5 4.3 0.5
v 0.5 4.6 0.6
v 0.5 4.6 0.5
v 0.5 4.7 0.4
v 0.5 4.7 0.0999999
v 0.5 4.8 0.4
v 0.5 4.8 0.2
v 0.5 4.9 0.2
v 0.5 4.9 0.0999999
v 0.6 0.7 -0.9
v 0.6 0.7 -1
v 0.6 0.8 1.5
v 0.6 0.8 1.4
v 0.6 0.9 -0.9
v 0.6 0.9 -1
v 0.6 1 1.5
v 0.6 1 1.4
v 0.6 1.8 0.4
v 0.6 1.8 0.2
v 0.6 1.9 0.4
v 0.6 1.9 0.2
v 0.6 2 0.6
v 0.6 2 0.5
v 0.6 2 -2.38419e-07
v 0.6 2 -0.1
v 0.6 2.3 0.6
v 0.6 2.3 0.5
v 0.6 2.3 -2.38419e-07
v 0.6 2.3 -0.1
v 0.6 2.4 0.4
v 0.6 2.4 0.0999999
v 0.6 2.5 0.4
v 0.6 2.5 0.0999999
v 0.6 3 0.5
v 0.6 3 0.4
v 0.6 3.4 0.4
v 0.6 3.4 0.2
v 0.6 3.5 0.5
v 0.6 3.5 0.2
v 0.6 4.5 -0.1
v 0.6 4.5 -0.2
v 0.6 4.8 0.3
v 0.6 4.8 0.2
v 0.6 4.9 0.2
v 0.6 4.9 -0.1
v 0.6 5 0.3
v 0.6 5 -0.2
v 0.7 0.6 -0.9
v 0.7 0.6 -1
v 0.7 0.7 -0.9
v 0.7 0.7 -1
v 0.7 0.8 -1.3
v 0.7 0.8 -1.4
v 0.7 0.9 -1.3
v 0.7 0.9 -1.4
v 0.7 2.9 0.4
v 0.7 2.9 0.3
v 0.7 3 0.4
v 0.7 3 0.3
v 0.7 3.1 0.6
v 0.7 3.1 0.5
v 0.7 3.4 0.6
v 0.7 3.4 0.5
v 0.7 3.5 0.4
v 0.7 3.5 0.0999999
v 0.7 3.6 0.4
v 0.7 3.6 0.0999999
v 0.7 4.6 -0.2
v 0.7 4.6 -0.3
v 0.7 4.8 0.4
v 0.7 4.8 0.3
v 0.7 4.9 0.4
v 0.7 4.9 0.3
v 0.7 4.9 -0.2
v 0.7 4.9 -0.3
v 0.7 5 0.2
v 0.7 5 -0.1
v 0.7 5.1 0.2
v 0.7 5.1 -0.1
v 0.8 0.6 -2.38419e-07
v 0.8 0.6 -0.1
v 0.8 0.7 -2.38419e-07
v 0.8 0.7 -0.1
v 0.8 0.8 1.5
v 0.8 0.8 1.4
v 0.8 0.8 -0.9
v 0.8 0.8 -1
v 0.8 0.9 1.5
v 0.8 0.9 1.4
v 0.8 1 -0.9
v 0.8 1 -1
v 0.8 3.6 0.4
v 0.8 3.6 0.0999999
v 0.8 3.7 0.4
v 0.8 3.7 0.0999999
v 0.8 5 0.3
v 0.8 5 0.2
v 0.8 5.1 0.2
v 0.8 5.1 -2.38419e-07
v 0.8 5.3 0.3
v 0.8 5.3 -2.38419e-07
v 0.9 2.5 0.4
v 0.9 2.5 0.0999999
v 0.9 2.6 0.4
v 0.9 2.6 0.0999999
v 0.9 3.5 0.5
v 0.9 3.5 0.4
v 0.9 3.5 0.0999999
v 0.9 3.5 -2.38419e-07
v 0.9 3.7 0.4
v 0.9 3.7 0.0999999
v 0.9 3.8 0.5
v 0.9 3.8 -2.38419e-07
v 0.9 4.9 0.4
v 0.9 4.9 0.3
v 0.9 5.1 -2.38419e-07
v 0.9 5.1 -0.1
v 0.9 5.3 0.3
v 0.9 5.3 -2.38419e-07
v 0.9 5.4 0.4
v 0.9 5.4 -0.1
v 1 0.6 0.8
v 1 0.6 0.5
v 1 0.7 0.9
v 1 0.7 0.8
v 1 0.7 0.5
v 1 0.7 0.4
v 1 0.8 0.8
v 1 0.8 0.7
v 1 0.8 0.6
v 1 0.8 0.5
v 1 0.8 -0.9
v 1 0.8 -1
v 1 0.9 0.9
v 1 0.9 0.8
v 1 0.9 0.5
v 1 0.9 0.4
v 1 0.9 -0.9
v 1 0.9 -1
v 1 1 0.7
v 1 1 0.6
v 1 2.4 0.5
v 1 2.4 0.4
v 1 2.4 0.0999999
v 1 2.4 -2.38419e-07
v 1 2.5 0.0999999
v 1 2.6 0.4
v 1 2.6 0.0999999
v 1 2.7 0.5
v 1 2.7 -2.38419e-07
v 1 3.4 0.6
v 1 3.4 0.5
v 1 3.4 -2.38419e-07
v 1 3.4 -0.1
v 1 3.5 -0.1
v 1 3.5 -0.2
v 1 3.7 0.6
v 1 3.7 0.5
v 1 3.8 0.4
v 1 3.8 0.0999999
v 1 3.8 -2.38419e-07
v 1 3.8 -0.2
v 1 3.9 0.4
v 1 3.9 0.0999999
v 1 5 0.5
v 1 5 0.4
v 1 5 -0.1
v 1 5 -0.2
v 1 5.3 0.5
v 1 5.3 0.4
v 1 5.3 -0.1
v 1 5.3 -0.2
v 1 5.4 0.3
v 1 5.4 -2.38419e-07
v 1 5.5 0.3
v 1 5.5 -2.38419e-07
v 1.1 2.2 0.6
v 1.1 2.2 0.5
v 1.1 2.2 -2.38419e-07
v 1.1 2.2 -0.1
v 1.1 2.6 0.6
v 1.1 2.6 0.5
v 1.1 2.6 -2.38419e-07
v 1.1 2.6 -0.1
v 1.1 2.7 0.4
v 1.1 2.7 0.0999999
v 1.1 2.8 0.4
v 1.1 2.8 0.0999999
v 1.1 3.4 -0.1
v 1.1 3.4 -0.3
v 1.1 3.5 -0.1
v 1.1 3.5 -0.2
v 1.1 3.8 0.0999999
v 1.1 3.8 -0.2
v 1.1 3.9 0.0999999
v 1.1 3.9 -0.3
v 1.2 0.6 -0.5
v 1.2 0.6 -0.8
v 1.2 0.7 -0.4
v 1.2 0.7 -0.5
v 1.2 0.7 -0.8
v 1.2 0.7 -0.9
v 1.2 0.8 -0.5
v 1.2 0.8 -0.6
v 1.2 0.8 -0.7
v 1.2 0.8 -0.8
v 1.2 0.9 -0.4
v 1.2 0.9 -0.5
v 1.2 0.9 -0.8
v 1.2 0.9 -0.9
v 1.2 1 -0.6
v 1.2 1 -0.7
v 1.2 3.3 -2.38419e-07
v 1.2 3.3 -0.2
v 1.2 3.4 -2.38419e-07
v 1.2 3.4 -0.2
v 1.2 3.5 -0.3
v 1.2 3.5 -0.4
v 1.2 3.8 -0.3
v 1.2 3.8 -0.4
v 1.2 3.9 0.0999999
v 1.2 3.9 -0.2
v 1.2 4 0.0999999
v 1.2 4 -0.2
v 1.3 0.6 0.0999999
v 1.3 0.6 -2.38419e-07
v 1.3 0.6 -0.1
v 1.3 0.6 -0.2
v 1.3 0.7 0.2
v 1.3 0.7 0.0999999
v 1.3 0.7 -2.38419e-07
v 1.3 0.7 -0.1
v 1.3 0.7 -0.2
v 1.3 0.7 -0.3
v 1.3 0.8 0.0999999
v 1.3 0.8 -2.38419e-07
v 1.3 0.8 -0.1
v 1.3 0.8 -0.2
v 1.3 0.9 0.2
v 1.3 0.9 0.0999999
v 1.3 0.9 -0.2
v 1.3 0.9 -0.3
v 1.3 1 -2.38419e-07
v 1.3 1 -0.1
v 1.3 2.7 0.5
v 1.3 2.7 0.4
v 1.3 2.7 0.0999999
v 1.3 2.7 -2.38419e-07
v 1.3 2.8 0.4
v 1.3 2.8 0.0999999
v 1.3 2.9 0.5
v 1.3 2.9 -2.38419e-07
v 1.3 4 0.4
v 1.3 4 0.0999999
v 1.3 4.3 0.4
v 1.3 4.3 0.0999999
v 1.4 2.6 0.6
v 1.4 2.6 0.5
v 1.4 2.6 -2.38419e-07
v 1.4 2.6 -0.1
v 1.4 2.8 0.6
v 1.4 2.8 0.5
v 1.4 2.8 -2.38419e-07
v 1.4 2.8 -0.1
v 1.4 2.9 0.4
v 1.4 2.9 0.0999999
v 1.4 3 0.4
v 1.4 3 0.0999999
v 1.4 3.9 0.5
v 1.4 3.9 0.2
v 1.4 3.9 0.0999999
v 1.4 4 0.4
v 1.4 4 0.2
v 1.4 4 0.0999999
v 1.4 4 -2.38419e-07
v 1.4 4.3 0.4
v 1.4 4.3 0.0999999
v 1.4 4.4 0.5
v 1.4 4.4 -2.38419e-07
v 1.5 3.8 0.4
v 1.5 3.8 0.3
v 1.5 3.8 0.2
v 1.5 3.9 0.4
v 1.5 3.9 0.2
v 1.5 4 0.6
v 1.5 4 0.5
v 1.5 4 -2.38419e-07
v 1.5 4 -0.1
v 1.5 4.3 0.6
v 1.5 4.3 0.5
v 1.5 4.3 -2.38419e-07
v 1.5 4.3 -0.1
v 1.5 4.4 0.4
v 1.5 4.4 0.0999999
v 1.5 4.5 0.4
v 1.5 4.5 0.0999999
v 1.7 0.6 -2.38419e-07
v 1.7 0.6 -0.1
v 1.7 0.7 -2.38419e-07
v 1.7 0.7 -0.1
v 1.8 2.9 0.4
v 1.8 2.9 0.2
v 1.8 2.9 0.0999999
v 1.8 3.2 0.4
v 1.8 3.2 0.0999999
v 1.9 0.1 -0.2
v 1.9 0.1 -0.3
v 1.9 0.2 -0.2
v 1.9 0.2 -0.3
v 1.9 2.8 0.5
v 1.9 2.8 0.4
v 1.9 2.8 0.2
v 1.9 2.8 0.0999999
v 1.9 2.8 -2.38419e-07
v 1.9 2.9 0.4
v 1.9 2.9 0.2
v 1.9 2.9 0.0999999
v 1.9 3.2 0.4
v 1.9 3.2 0.0999999
v 1.9 3.3 0.5
v 1.9 3.3 -2.38419e-07
v 2 0.1 -0.3
v 2 0.1 -0.4
v 2 0.2 -0.3
v 2 0.2 -0.4
v 2 2.7 0.4
v 2 2.7 0.2
v 2 2.8 0.4
v 2 2.8 0.2
v 2 2.9 0.6
v 2 2.9 0.5
v 2 2.9 -2.38419e-07
v 2 2.9 -0.1
v 2 3.2 0.6
v 2 3.2 0.5
v 2 3.2 -2.38419e-07
v 2 3.2 -0.1
v 2 3.3 0.4
v 2 3.3 0.0999999
v 2 3.4 0.4
v 2 3.4 0.0999999
v 2.1 0.1 -0.4
v 2.1 0.1 -0.5
v 2.1 0.2 -0.4
v 2.1 0.2 -0.5
v -2.3 4.5 -0.1
v -2.3 4.5 -0.2
v -2.3 4.6 -0.1
v -2.3 4.6 -0.2
v -2.2 4.3 -0.2
v -2.2 4.3 -0.3
v -2.2 4.5 -0.2
v -2.2 4.5 -0.3
v -2.1 2.9 0.4
v -2.1 2.9 0.2
v -2.1 3 0.4
v -2.1 3 0.2
v -2.1 3.1 0.6
v -2.1 3.1 0.5
v -2.1 3.1 -2.38419e-07
v -2.1 3.1 -0.1
v -2.1 3.4 0.6
v -2.1 3.4 0.5
v -2.1 3.4 -2.38419e-07
v -2.1 3.4 -0.1
v -2.1 3.5 0.4
v -2.1 3.5 0.0999999
v -2.1 3.6 0.4
v -2.1 3.6 0.2
v -2.1 3.6 0.0999999
v -2.1 4 0.3
v -2.1 4 0.2
v -2.1 4 0.0999999
v -2.1 4 -2.38419e-07
v -2.1 4.1 0.3
v -2.1 4.1 0.2
v -2.1 4.1 0.0999999
v -2.1 4.1 -2.38419e-07
v -2.1 4.2 0.5
v -2.1 4.2 0.4
v -2.1 4.2 -0.1
v -2.1 4.2 -0.2
v -2.1 4.2 -0.3
v -2.1 4.3 -0.2
v -2.1 4.3 -0.3
v -2.1 4.5 0.5
v -2.1 4.5 0.4
v -2.1 4.5 -0.1
v -2.1 4.5 -0.2
v -2.1 4.6 0.3
v -2.1 4.6 -2.38419e-07
v -2.1 4.7 0.3
v -2.1 4.7 -2.38419e-07
v -2 0.1 1.2
v -2 0.1 1.1
v -2 0.2 1.2
v -2 0.2 1.1
v -2 3 0.5
v -2 3 0.2
v -2 3 0.0999999
v -2 3 -2.38419e-07
v -2 3.1 0.4
v -2 3.1 0.2
v -2 3.1 0.0999999
v -2 3.4 0.4
v -2 3.4 0.0999999
v -2 3.5 0.5
v -2 3.5 -2.38419e-07
v -2 4 0.2
v -2 4 0.0999999
v -2 4.1 0.4
v -2 4.1 0.2
v -2 4.1 0.0999999
v -2 4.1 -0.2
v -2 4.2 0.3
v -2 4.2 0.2
v -2 4.2 0.0999999
v -2 4.2 -2.38419e-07
v -2 4.2 -0.1
v -2 4.2 -0.2
v -2 4.5 0.3
v -2 4.5 -2.38419e-07
v -2 4.6 0.4
v -2 4.6 -0.1
v -1.9 0.1 1.1
v -1.9 0.1 1
v -1.9 0.2 1.1
v -1.9 0.2 1
v -1.9 0.6 -0.1
v -1.9 0.6 -0.4
v -1.9 0.7 -2.38419e-07
v -1.9 0.7 -0.1
v -1.9 0.7 -0.4
v -1.9 0.7 -0.5
v -1.9 0.8 -0.1
v -1.9 0.8 -0.2
v -1.9 0.8 -0.3
v -1.9 0.8 -0.4
v -1.9 0.9 -2.38419e-07
v -1.9 0.9 -0.1
v -1.9 0.9 -0.4
v -1.9 0.9 -0.5
v -1.9 1 -0.2
v -1.9 1 -0.3
v -1.9 1.8 0.4
v -1.9 1.8 0.2
v -1.9 1.9 0.4
v -1.9 1.9 0.2
v -1.9 2 0.6
v -1.9 2 0.5
v -1.9 2 -2.38419e-07
v -1.9 2 -0.1
v -1.9 2.3 0.6
v -1.9 2.3 0.5
v -1.9 2.3 -2.38419e-07
v -1.9 2.3 -0.1
v -1.9 3 0.2
v -1.9 3 0.0999999
v -1.9 3.1 0.4
v -1.9 3.1 0.2
v -1.9 3.1 0.0999999
v -1.9 3.4 0.4
v -1.9 3.4 0.0999999
v -1.9 4.2 0.3
v -1.9 4.2 -2.38419e-07
v -1.9 4.5 0.3
v -1.9 4.5 -2.38419e-07
v -1.8 0.1 1
v -1.8 0.1 0.9
v -1.8 0.2 1
v -1.8 0.2 0.9
v -1.8 1.9 0.5
v -1.8 1.9 0.2
v -1.8 1.9 0.0999999
v -1.8 1.9 -2.38419e-07
v -1.8 2 0.4
v -1.8 2 0.2
v -1.8 2 0.0999999
v -1.8 2.4 0.5
v -1.8 2.4 0.4
v -1.8 2.4 0.0999999
v -1.8 2.4 -2.38419e-07
v -1.8 2.9 0.5
v -1.8 2.9 0.4
v -1.8 3 0.5
v -1.8 3 0.4
v -1.8 4 0.0999999
v -1.8 4 -2.38419e-07
v -1.8 4.1 0.0999999
v -1.8 4.1 -2.38419e-07
v -1.7 0.1 0.9
v -1.7 0.1 0.8
v -1.7 0.2 0.9
v -1.7 0.2 0.8
v -1.7 0.6 -0.7
v -1.7 0.6 -1
v -1.7 0.7 -0.6
v -1.7 0.7 -0.7
v -1.7 0.7 -1
v -1.7 0.7 -1.1
v -1.7 0.8 -0.7
v -1.7 0.8 -0.8
v -1.7 0.8 -0.9
v -1.7 0.8 -1
v -1.7 0.9 -0.6
v -1.7 0.9 -0.7
v -1.7 0.9 -1
v -1.7 0.9 -1.1
v -1.7 1 -0.8
v -1.7 1 -0.9
v -1.7 1.9 0.2
v -1.7 1.9 0.0999999
v -1.7 2 0.4
v -1.7 2 0.2
v -1.7 2 0.0999999
v -1.7 2.3 0.4
v -1.7 2.3 0.0999999
v -1.7 2.8 0.6
v -1.7 2.8 0.5
v -1.7 2.9 0.6
v -1.7 2.9 0.5
v -1.7 3.9 -2.38419e-07
v -1.7 3.9 -0.1
v -1.7 4 -2.38419e-07
v -1.7 4 -0.1
v -1.6 2.3 0.4
v -1.6 2.3 0.0999999
v -1.6 2.4 0.4
v -1.6 2.4 0.2
v -1.6 2.4 0.0999999
v -1.6 2.5 0.6
v -1.6 2.5 0.5
v -1.6 2.5 -2.38419e-07
v -1.6 2.5 -0.1
v -1.6 2.6 0.6
v -1.6 2.6 0.5
v -1.6 2.7 0.7
v -1.6 2.7 0.6
v -1.6 2.7 0.5
v -1.6 2.8 0.7
v -1.6 2.8 0.5
v -1.6 2.8 -2.38419e-07
v -1.6 2.8 -0.1
v -1.6 2.9 0.4
v -1.6 2.9 0.0999999
v -1.6 3 0.4
v -1.6 3 0.0999999
v -1.6 3.4 0.4
v -1.6 3.4 0.0999999
v -1.6 3.5 0.4
v -1.6 3.5 0.2
v -1.6 3.5 0.0999999
v -1.6 3.6 0.6
v -1.6 3.6 0.5
v -1.6 3.6 -0.1
v -1.6 3.6 -0.2
v -1.6 3.7 -2.38419e-07
v -1.6 3.7 -0.1
v -1.6 3.9 0.6
v -1.6 3.9 0.5
v -1.6 3.9 -2.38419e-07
v -1.6 3.9 -0.2
v -1.6 4 0.4
v -1.6 4 0.0999999
v -1.6 4.1 0.4
v -1.6 4.1 0.0999999
v -1.5 0.6 0.7
v -1.5 0.6 0.5
v -1.5 0.7 0.9
v -1.5 0.7 0.8
v -1.5 0.7 0.7
v -1.5 0.7 0.5
v -1.5 0.7 0.4
v -1.5 0.8 0.8
v -1.5 0.8 0.7
v -1.5 0.8 0.6
v -1.5 0.8 0.5
v -1.5 0.9 0.9
v -1.5 0.9 0.8
v -1.5 0.9 0.5
v -1.5 0.9 0.4
v -1.5 1 0.7
v -1.5 1 0.6
v -1.5 2.4 0.5
v -1.5 2.4 0.2
v -1.5 2.4 0.0999999
v -1.5 2.4 -2.38419e-07
v -1.5 2.5 0.5
v -1.5 2.5 0.2
v -1.5 2.6 0.6
v -1.5 2.6 0.5
v -1.5 2.6 0.4
v -1.5 2.6 0.0999999
v -1.5 2.7 0.6
v -1.5 2.7 0.5
v -1.5 2.8 0.4
v -1.5 2.8 0.0999999
v -1.5 2.9 0.5
v -1.5 2.9 -2.38419e-07
v -1.5 3.5 0.5
v -1.5 3.5 0.2
v -1.5 3.5 -2.38419e-07
v -1.5 3.5 -0.1
v -1.5 3.6 0.4
v -1.5 3.6 0.2
v -1.5 3.6 0.0999999
v -1.5 3.6 -2.38419e-07
v -1.5 3.7 -2.38419e-07
v -1.5 3.7 -0.1
v -1.5 3.8 0.0999999
v -1.5 3.9 0.4
v -1.5 3.9 0.0999999
v -1.5 4 0.5
v -1.5 4 -2.38419e-07
v -1.4 2.5 0.5
v -1.4 2.5 0.4
v -1.4 2.6 0.5
v -1.4 2.6 0.4
v -1.4 2.6 0.2
v -1.4 2.6 0.0999999
v -1.4 2.8 0.4
v -1.4 2.8 0.0999999
v -1.4 3.6 0.4
v -1.4 3.6 0.2
v -1.4 3.7 0.2
v -1.4 3.7 0.0999999
v -1.4 3.8 0.2
v -1.4 3.8 0.0999999
v -1.4 3.9 0.4
v -1.4 3.9 0.0999999
v -1.4 4.5 0.3
v -1.4 4.5 0.2
v -1.4 4.5 0.0999999
v -1.4 4.5 -2.38419e-07
v -1.4 4.6 0.3
v -1.4 4.6 0.2
v -1.4 4.6 0.0999999
v -1.4 4.6 -2.38419e-07
v -1.4 4.7 0.5
v -1.4 4.7 0.4
v -1.4 4.7 -0.1
v -1.4 4.7 -0.2
v -1.4 5 0.5
v -1.4 5 0.4
v -1.4 5 -0.1
v -1.4 5 -0.2
v -1.4 5.1 0.3
v -1.4 5.1 -2.38419e-07
v -1.4 5.2 0.3
v -1.4 5.2 -2.38419e-07
v -1.3 0.6 -0.7
v -1.3 0.6 -1
v -1.3 0.7 -0.6
v -1.3 0.7 -0.7
v -1.3 0.7 -1
v -1.3 0.7 -1.1
v -1.3 0.8 -0.7
v -1.3 0.8 -0.8
v -1.3 0.8 -0.9
v -1.3 0.8 -1
v -1.3 0.9 -0.6
v -1.3 0.9 -0.7
v -1.3 0.9 -1
v -1.3 0.9 -1.1
v -1.3 1 -0.8
v -1.3 1 -0.9
v -1.3 3.5 0.0999999
v -1.3 3.5 -2.38419e-07
v -1.3 3.6 0.0999999
v -1.3 3.6 -2.38419e-07
v -1.3 4.6 0.4
v -1.3 4.6 0.2
v -1.3 4.6 0.0999999
v -1.3 4.6 -0.1
v -1.3 4.7 0.3
v -1.3 4.7 0.2
v -1.3 4.7 0.0999999
v -1.3 4.7 -2.38419e-07
v -1.3 5 0.3
v -1.3 5 -2.38419e-07
v -1.3 5.1 0.4
v -1.3 5.1 -0.1
v -1.2 1.4 0.4
v -1.2 1.4 0.2
v -1.2 1.5 0.4
v -1.2 1.5 0.2
v -1.2 1.6 0.6
v -1.2 1.6 0.5
v -1.2 1.6 -2.38419e-07
v -1.2 1.6 -0.1
v -1.2 1.9 0.6
v -1.2 1.9 0.5
v -1.2 1.9 -2.38419e-07
v -1.2 1.9 -0.1
v -1.2 3.4 -2.38419e-07
v -1.2 3.4 -0.1
v -1.2 3.5 -2.38419e-07
v -1.2 3.5 -0.1
v -1.2 3.6 0.2
v -1.2 3.6 0.0999999
v -1.2 3.7 0.2
v -1.2 3.7 0.0999999
v -1.2 4.7 0.3
v -1.2 4.7 -2.38419e-07
v -1.2 5 0.3
v -1.2 5 -2.38419e-07
v -1.1 1 0.6
v -1.1 1 0.5
v -1.1 1.1 0.6
v -1.1 1.1 0.5
v -1.1 1.5 0.5
v -1.1 1.5 0.2
v -1.1 1.5 0.0999999
v -1.1 1.5 -2.38419e-07
v -1.1 1.6 0.4
v -1.1 1.6 0.2
v -1.1 1.7 0.0999999
v -1.1 2 0.5
v -1.1 2 0.4
v -1.1 2 0.0999999
v -1.1 2 -2.38419e-07
v -1.1 2.5 0.5
v -1.1 2.5 0.4
v -1.1 2.6 0.5
v -1.1 2.6 0.4
v -1.1 3.3 -0.1
v -1.1 3.3 -0.2
v -1.1 3.4 -0.1
v -1.1 3.4 -0.2
v -1 1 0.5
v -1 1 0.4
v -1 1.1 0.5
v -1 1.1 0.4
v -1 1.6 0.4
v -1 1.6 0.2
v -1 1.6 0.0999999
v -1 1.7 0.2
v -1 1.7 0.0999999
v -1 1.9 0.4
v -1 1.9 0.0999999
v -0.9 0.8 1.6
v -0.9 0.8 1.5
v -0.9 0.9 1.6
v -0.9 0.9 1.5
v -0.9 1 0.4
v -0.9 1 0.3
v -0.9 1.1 0.4
v -0.9 1.1 0.3
v -0.9 1.9 0.4
v -0.9 1.9 0.2
v -0.9 2 0.4
v -0.9 2 0.2
v -0.9 2.1 0.6
v -0.9 2.1 0.5
v -0.9 2.1 -2.38419e-07
v -0.9 2.1 -0.1
v -0.9 2.2 -2.38419e-07
v -0.9 2.2 -0.1
v -0.9 2.3 0.6
v -0.9 2.3 0.5
v -0.9 2.8 -0.3
v -0.9 2.8 -0.4
v -0.9 2.9 -0.3
v -0.9 2.9 -0.4
v -0.9 2.9 -0.5
v -0.9 3 -0.4
v -0.9 3 -0.5
v -0.9 3.1 0.6
v -0.9 3.1 0.5
v -0.9 3.2 0.6
v -0.9 3.4 0.6
v -0.9 3.4 0.5
v -0.9 3.5 0.4
v -0.9 3.5 0.2
v -0.9 3.6 0.4
v -0.9 3.6 0.2
v -0.8 2 0.5
v -0.8 2 0.3
v -0.8 2.1 0.5
v -0.8 2.1 0.3
v -0.8 2.7 -0.2
v -0.8 2.7 -0.3
v -0.8 2.8 -0.2
v -0.8 2.8 -0.3
v -0.8 3.1 0.5
v -0.8 3.1 0.4
v -0.8 3.3 0.5
v -0.8 3.4 0.4
v -0.8 3.4 0.3
v -0.8 3.5 0.5
v -0.8 3.5 0.3
v -0.8 4 0.4
v -0.8 4 0.3
v -0.8 4.1 0.4
v -0.8 4.1 0.3
v -0.8 4.2 0.6
v -0.8 4.2 0.5
v -0.8 4.5 0.6
v -0.8 4.5 0.5
v -0.7 0.8 1.6
v -0.7 0.8 1.5
v -0.7 0.8 -1.1
v -0.7 0.8 -1.2
v -0.7 0.9 -1.1
v -0.7 0.9 -1.2
v -0.7 1 1.6
v -0.7 1 1.5
v -0.7 2.2 0.5
v -0.7 2.2 0.4
v -0.7 2.3 0.6
v -0.7 2.3 0.5
v -0.7 2.3 0.4
v -0.7 2.4 0.7
v -0.7 2.4 0.6
v -0.7 2.4 0.5
v -0.7 2.5 0.7
v -0.7 2.5 0.6
v -0.7 3.7 -0.9
v -0.7 3.7 -1.1
v -0.7 3.8 -0.9
v -0.7 3.8 -1.1
v -0.7 3.9 -1.2
v -0.7 3.9 -1.3
v -0.7 4.1 0.5
v -0.7 4.1 0.4
v -0.7 4.2 -1.2
v -0.7 4.2 -1.3
v -0.7 4.6 0.5
v -0.7 4.6 0.4
v -0.6 0.6 1.6
v -0.6 0.6 1.5
v -0.6 0.7 1.6
v -0.6 0.7 1.5
v -0.6 1.3 0.5
v -0.6 1.3 0.4
v -0.6 2 -0.2
v -0.6 2 -0.3
v -0.6 2.1 -0.2
v -0.6 2.1 -0.3
v -0.6 2.2 0.5
v -0.6 2.2 0.4
v -0.6 3.8 -1
v -0.6 3.8 -1.2
v -0.6 3.9 -1
v -0.6 3.9 -1.1
v -0.6 4 -1.1
v -0.6 4 -1.2
v -0.6 4.3 -0.2
v -0.6 4.3 -0.3
v -0.6 4.4 -0.2
v -0.6 4.4 -0.3
v -0.6 4.5 -0.4
v -0.6 4.5 -0.5
v -0.6 4.8 0.7
v -0.6 4.8 0.6
v -0.6 4.8 -0.4
v -0.6 4.8 -0.5
v -0.6 4.9 0.7
v -0.6 4.9 0.6
v -0.6 5 0.9
v -0.6 5 0.8
v -0.6 5.1 0.9
v -0.6 5.1 0.8
v -0.5 0.7 1.6
v -0.5 0.7 1.5
v -0.5 0.8 -1.1
v -0.5 0.8 -1.2
v -0.5 0.9 1.6
v -0.5 0.9 1.5
v -0.5 1 -1.1
v -0.5 1 -1.2
v -0.5 1.2 0.5
v -0.5 1.2 0.4
v -0.5 1.3 0.5
v -0.5 1.3 0.4
v -0.5 1.8 -0.2
v -0.5 1.8 -0.3
v -0.5 2 -0.2
v -0.5 2 -0.3
v -0.5 2.3 0.5
v -0.5 2.3 0.4
v -0.5 2.4 0.6
v -0.5 2.4 0.5
v -0.5 2.4 0.4
v -0.5 2.5 0.6
v -0.5 2.5 0.5
v -0.5 2.6 0.8
v -0.5 2.6 0.7
v -0.5 2.7 -0.2
v -0.5 2.7 -0.3
v -0.5 2.8 0.8
v -0.5 2.8 0.7
v -0.5 2.8 -0.3
v -0.5 2.9 0.9
v -0.5 2.9 0.8
v -0.5 2.9 -0.2
v -0.5 2.9 -0.3
v -0.5 3 0.7
v -0.5 3 0.6
v -0.5 3 0.4
v -0.5 3.1 1
v -0.5 3.1 0.9
v -0.5 3.1 0.7
v -0.5 3.1 0.6
v -0.5 3.1 0.4
v -0.5 3.2 1
v -0.5 3.2 0.9
v -0.5 3.2 0.7
v -0.5 3.3 1.2
v -0.5 3.3 1.1
v -0.5 3.5 -0.4
v -0.5 3.5 -0.5
v -0.5 3.6 1.2
v -0.5 3.6 1.1
v -0.5 3.6 -0.4
v -0.5 3.6 -0.5
v -0.5 3.7 1
v -0.5 3.7 0.8
v -0.5 3.7 0.7
v -0.5 3.8 1.2
v -0.5 3.8 1
v -0.5 3.8 0.8
v -0.5 3.8 0.7
v -0.5 3.9 1.2
v -0.5 3.9 1.1
v -0.5 3.9 0.9
v -0.5 3.9 0.8
v -0.5 4 1.1
v -0.5 4 1
v -0.5 4 0.9
v -0.5 4.4 -0.2
v -0.5 4.4 -0.4
v -0.5 4.5 1.4
v -0.5 4.5 1.2
v -0.5 4.5 -0.2
v -0.5 4.5 -0.4
v -0.5 4.5 -0.8
v -0.5 4.5 -1
v -0.5 4.6 1.4
v -0.5 4.6 1.2
v -0.5 4.6 -0.8
v -0.5 4.6 -1
v -0.5 4.8 0.6
v -0.5 4.8 0.5
v -0.5 4.9 0.8
v -0.5 4.9 0.6
v -0.5 5 0.7
v -0.5 5 0.5
v -0.5 5.1 0.8
v -0.5 5.1 0.7
v -0.5 5.3 0.4
v -0.5 5.3 0.3
v -0.5 5.3 -2.38419e-07
v -0.5 5.3 -0.3
v -0.5 5.4 0.4
v -0.5 5.4 0.3
v -0.5 5.4 -2.38419e-07
v -0.5 5.4 -0.3
v -0.4 0.6 -1.1
v -0.4 0.6 -1.2
v -0.4 0.7 -1.1
v -0.4 0.7 -1.2
v -0.4 1.6 -0.2
v -0.4 1.6 -0.3
v -0.4 1.8 -0.2
v -0.4 1.8 -0.3
v -0.4 2.4 0.5
v -0.4 2.4 0.4
v -0.4 2.5 0.7
v -0.4 2.5 0.5
v -0.4 2.5 0.4
v -0.4 2.6 0.6
v -0.4 2.6 0.5
v -0.4 2.9 0.6
v -0.4 2.9 0.5
v -0.4 3 0.7
v -0.4 3 0.5
v -0.4 3.2 1.1
v -0.4 3.2 0.7
v -0.4 3.3 1
v -0.4 3.3 0.7
v -0.4 3.6 1
v -0.4 3.6 0.7
v -0.4 3.7 1.1
v -0.4 3.7 0.7
v -0.4 3.8 1.5
v -0.4 3.8 1.2
v -0.4 3.9 1.5
v -0.4 3.9 1.2
v -0.4 4 1.7
v -0.4 4 1.6
v -0.4 4 1.1
v -0.4 4 1
v -0.4 4.3 1.7
v -0.4 4.3 1.6
v -0.4 4.3 1.1
v -0.4 4.3 1
v -0.4 4.4 1.5
v -0.4 4.4 1.2
v -0.4 4.5 1.5
v -0.4 4.5 1.2
v -0.4 4.6 1.5
v -0.4 4.6 1.2
v -0.4 4.6 -0.7
v -0.4 4.6 -1
v -0.4 4.7 1.5
v -0.4 4.7 1.2
v -0.4 4.7 0.5
v -0.4 4.7 0.4
v -0.4 4.7 -0.7
v -0.4 4.7 -1
v -0.4 4.8 1.7
v -0.4 4.8 1.6
v -0.4 4.8 1.1
v -0.4 4.8 1
v -0.4 4.8 0.5
v -0.4 4.8 0.4
v -0.4 4.8 -1.1
v -0.4 4.8 -1.2
v -0.4 5 0.7
v -0.4 5 0.6
v -0.4 5.1 1.7
v -0.4 5.1 1.6
v -0.4 5.1 1.1
v -0.4 5.1 1
v -0.4 5.1 0.9
v -0.4 5.1 0.7
v -0.4 5.1 -1.1
v -0.4 5.1 -1.2
v -0.4 5.2 1.5
v -0.4 5.2 1.2
v -0.4 5.2 0.9
v -0.4 5.2 0.6
v -0.4 5.2 -2.38419e-07
v -0.4 5.2 -0.1
v -0.4 5.2 -0.7
v -0.4 5.2 -1
v -0.4 5.3 1.5
v -0.4 5.3 1.2
v -0.4 5.3 1.1
v -0.4 5.3 1
v -0.4 5.3 0.5
v -0.4 5.3 0.4
v -0.4 5.3 -2.38419e-07
v -0.4 5.3 -0.1
v -0.4 5.3 -0.7
v -0.4 5.3 -1
v -0.4 5.4 0.4
v -0.4 5.6 1.1
v -0.4 5.6 1
v -0.4 5.6 0.5
v -0.4 5.6 0.4
v -0.4 5.7 0.9
v -0.4 5.7 0.6
v -0.4 5.8 0.9
v -0.4 5.8 0.6
v -0.3 0.7 -1.1
v -0.3 0.7 -1.2
v -0.3 0.9 -1.1
v -0.3 0.9 -1.2
v -0.3 1 -0.1
v -0.3 1 -0.2
v -0.3 1.1 0.5
v -0.3 1.1 0.4
v -0.3 1.1 -0.1
v -0.3 1.1 -0.2
v -0.3 1.2 0.5
v -0.3 1.2 0.4
v -0.3 1.2 0.3
v -0.3 1.2 -0.2
v -0.3 1.2 -0.3
v -0.3 1.3 -0.1
v -0.3 1.3 -0.2
v -0.3 1.6 -0.2
v -0.3 1.6 -0.3
v -0.3 2.5 0.4
v -0.3 2.5 0.3
v -0.3 2.6 0.6
v -0.3 2.6 0.5
v -0.3 2.6 -0.1
v -0.3 2.6 -0.2
v -0.3 2.7 0.6
v -0.3 2.7 0.5
v -0.3 2.8 -0.1
v -0.3 2.8 -0.2
v -0.3 2.8 -0.3
v -0.3 2.8 -0.6
v -0.3 2.9 -0.2
v -0.3 2.9 -0.3
v -0.3 2.9 -0.6
v -0.3 3 -0.7
v -0.3 3 -0.8
v -0.3 3.2 -0.1
v -0.3 3.2 -0.2
v -0.3 3.3 1
v -0.3 3.3 0.8
v -0.3 3.3 -0.7
v -0.3 3.3 -0.8
v -0.3 3.4 -0.1
v -0.3 3.4 -0.2
v -0.3 3.4 -0.3
v -0.3 3.4 -0.6
v -0.3 3.5 -0.3
v -0.3 3.5 -0.5
v -0.3 3.5 -0.6
v -0.3 3.5 -0.8
v -0.3 3.6 1
v -0.3 3.6 0.8
v -0.3 3.6 -0.5
v -0.3 3.6 -0.8
v -0.3 3.7 -0.3
v -0.3 3.7 -0.4
v -0.3 3.7 -0.9
v -0.3 3.7 -1
v -0.3 3.9 1.6
v -0.3 3.9 1.1
v -0.3 3.9 -0.9
v -0.3 3.9 -1
v -0.3 4 1.5
v -0.3 4 1.2
v -0.3 4 -0.3
v -0.3 4 -0.4
v -0.3 4 -1.1
v -0.3 4 -1.2
v -0.3 4.1 -0.5
v -0.3 4.1 -0.6
v -0.3 4.3 1.5
v -0.3 4.3 1.2
v -0.3 4.3 -0.5
v -0.3 4.3 -0.6
v -0.3 4.3 -1.1
v -0.3 4.3 -1.2
v -0.3 4.4 1.6
v -0.3 4.4 1.1
v -0.3 4.4 0.4
v -0.3 4.4 0.3
v -0.3 4.4 -0.1
v -0.3 4.4 -0.2
v -0.3 4.4 -0.7
v -0.3 4.4 -1
v -0.3 4.5 -0.7
v -0.3 4.5 -1
v -0.3 4.7 1.6
v -0.3 4.7 1.1
v -0.3 4.7 0.4
v -0.3 4.7 0.3
v -0.3 4.7 -0.6
v -0.3 4.7 -1.1
v -0.3 4.8 1.5
v -0.3 4.8 1.2
v -0.3 4.8 -0.6
v -0.3 4.8 -0.7
v -0.3 4.8 -1
v -0.3 4.9 -0.6
v -0.3 4.9 -0.7
v -0.3 5.1 1.5
v -0.3 5.1 1.2
v -0.3 5.1 -0.7
v -0.3 5.1 -1
v -0.3 5.2 1.6
v -0.3 5.2 1.1
v -0.3 5.2 1
v -0.3 5.2 0.6
v -0.3 5.2 0.5
v -0.3 5.2 -0.7
v -0.3 5.2 -1.1
v -0.3 5.3 0.9
v -0.3 5.3 0.6
v -0.3 5.3 0.5
v -0.3 5.6 0.9
v -0.3 5.6 0.6
v -0.3 5.7 1
v -0.3 5.7 0.5
v -0.2 0.8 2
v -0.2 0.8 1.9
v -0.2 0.9 2
v -0.2 0.9 1.9
v -0.2 1 0.4
v -0.2 1 0.3
v -0.2 1.1 -2.38419e-07
v -0.2 1.1 -0.1
v -0.2 1.1 -0.2
v -0.2 1.2 0.4
v -0.2 1.2 0.3
v -0.2 1.2 0.2
v -0.2 1.3 -0.1
v -0.2 1.3 -0.2
v -0.2 1.7 0.3
v -0.2 1.7 0.2
v -0.2 2 0.3
v -0.2 2 0.2
v -0.2 2.5 0.5
v -0.2 2.5 0.4
v -0.2 2.5 0.3
v -0.2 2.5 0.2
v -0.2 2.6 0.5
v -0.2 2.6 0.4
v -0.2 2.6 -0.1
v -0.2 2.6 -0.2
v -0.2 2.7 -2.38419e-07
v -0.2 2.7 -0.1
v -0.2 2.8 -0.1
v -0.2 2.8 -0.2
v -0.2 2.9 -0.2
v -0.2 2.9 -0.7
v -0.2 3 -2.38419e-07
v -0.2 3 -0.1
v -0.2 3 -0.3
v -0.2 3 -0.6
v -0.2 3.1 0.6
v -0.2 3.1 0.5
v -0.2 3.1 0.4
v -0.2 3.2 0.6
v -0.2 3.2 0.4
v -0.2 3.2 -0.1
v -0.2 3.2 -0.2
v -0.2 3.3 0.8
v -0.2 3.3 0.7
v -0.2 3.3 -0.3
v -0.2 3.3 -0.6
v -0.2 3.4 -0.1
v -0.2 3.4 -0.2
v -0.2 3.4 -0.7
v -0.2 3.6 0.8
v -0.2 3.6 0.7
v -0.2 3.6 -0.4
v -0.2 3.6 -0.9
v -0.2 3.7 0.6
v -0.2 3.7 0.4
v -0.2 3.7 -0.5
v -0.2 3.7 -0.8
v -0.2 3.8 0.6
v -0.2 3.8 0.5
v -0.2 3.8 0.4
v -0.2 3.9 -2.38419e-07
v -0.2 3.9 -0.1
v -0.2 3.9 -0.9
v -0.2 3.9 -1.1
v -0.2 4 1.5
v -0.2 4 1.2
v -0.2 4 -0.5
v -0.2 4 -0.7
v -0.2 4 -0.8
v -0.2 4 -1
v -0.2 4.1 -0.4
v -0.2 4.1 -0.6
v -0.2 4.2 -2.38419e-07
v -0.2 4.2 -0.1
v -0.2 4.3 1.5
v -0.2 4.3 1.2
v -0.2 4.3 -0.7
v -0.2 4.3 -1
v -0.2 4.4 0.3
v -0.2 4.4 0.2
v -0.2 4.4 -2.38419e-07
v -0.2 4.4 -0.1
v -0.2 4.4 -0.6
v -0.2 4.4 -1.1
v -0.2 4.7 0.3
v -0.2 4.7 0.2
v -0.2 4.8 1.5
v -0.2 4.8 1.2
v -0.2 4.8 -0.7
v -0.2 4.8 -1
v -0.2 4.9 -0.7
v -0.2 5.1 1.5
v -0.2 5.1 1.2
v -0.2 5.1 -0.7
v -0.2 5.1 -1
v -0.2 5.3 0.9
v -0.2 5.3 0.6
v -0.2 5.6 0.9
v -0.2 5.6 0.6
v -0.0999999 0.8 -1.1
v -0.0999999 0.8 -1.2
v -0.0999999 0.9 -1.1
v -0.0999999 0.9 -1.2
v -0.0999999 1 0.3
v -0.0999999 1 0.2
v -0.0999999 1.1 0.2
v -0.0999999 1.1 -2.38419e-07
v -0.0999999 1.2 0.3
v -0.0999999 1.2 0.2
v -0.0999999 1.6 0.2
v -0.0999999 1.6 -2.38419e-07
v -0.0999999 2.1 0.2
v -0.0999999 2.1 -2.38419e-07
v -0.0999999 2.5 0.2
v -0.0999999 2.5 0.0999999
v -0.0999999 2.6 0.0999999
v -0.0999999 2.6 -2.38419e-07
v -0.0999999 3 -0.3
v -0.0999999 3 -0.6
v -0.0999999 3.1 0.0999999
v -0.0999999 3.1 -2.38419e-07
v -0.0999999 3.2 0.7
v -0.0999999 3.2 0.4
v -0.0999999 3.2 0.2
v -0.0999999 3.2 0.0999999
v -0.0999999 3.3 0.6
v -0.0999999 3.3 0.3
v -0.0999999 3.3 -0.3
v -0.0999999 3.3 -0.6
v -0.0999999 3.6 0.6
v -0.0999999 3.6 0.3
v -0.0999999 3.7 0.7
v -0.0999999 3.7 0.4
v -0.0999999 3.7 0.2
v -0.0999999 3.7 0.0999999
v -0.0999999 3.7 -0.5
v -0.0999999 3.7 -0.8
v -0.0999999 3.8 0.0999999
v -0.0999999 3.8 -2.38419e-07
v -0.0999999 4 -0.5
v -0.0999999 4 -0.7
v -0.0999999 4 -0.8
v -0.0999999 4 -1
v -0.0999999 4.3 0.0999999
v -0.0999999 4.3 -2.38419e-07
v -0.0999999 4.3 -0.7
v -0.0999999 4.3 -1
v -0.0999999 4.4 0.2
v -0.0999999 4.4 0.0999999
v -0.0999999 4.4 -2.38419e-07
v -0.0999999 4.4 -0.3
v -0.0999999 4.5 0.2
v -0.0999999 4.5 -2.38419e-07
v -0.0999999 4.5 -0.3
v -0.0999999 4.6 -0.4
v -0.0999999 4.6 -0.5
v -0.0999999 4.7 0.4
v -0.0999999 4.7 0.2
v -0.0999999 4.8 0.4
v -0.0999999 4.8 0.2
v -0.0999999 4.8 -0.4
v -0.0999999 4.8 -0.5
v -0.0999999 4.9 0.6
v -0.0999999 4.9 0.5
v -0.0999999 4.9 -0.6
v -0.0999999 4.9 -0.7
v -0.0999999 5 -2.38419e-07
v -0.0999999 5 -0.1
v -0.0999999 5.2 0.6
v -0.0999999 5.2 0.5
v -0.0999999 5.2 -2.38419e-07
v -0.0999999 5.2 -0.1
v -0.0999999 5.2 -0.6
v -0.0999999 5.2 -0.7
v -0.0999999 5.3 0.4
v -0.0999999 5.3 0.0999999
v -0.0999999 5.3 -0.2
v -0.0999999 5.3 -0.5
v -0.0999999 5.4 0.4
v -0.0999999 5.4 0.0999999
v -0.0999999 5.4 -0.2
v -0.0999999 5.4 -0.5
v 2.38419e-07 0.8 2
v 2.38419e-07 0.8 1.9
v 2.38419e-07 1 2
v 2.38419e-07 1 1.9
v 2.38419e-07 1 0.0999999
v 2.38419e-07 1 -0.1
v 2.38419e-07 1.1 0.0999999
v 2.38419e-07 1.1 -0.1
v 2.38419e-07 2.5 0.4
v 2.38419e-07 2.5 0.0999999
v 2.38419e-07 2.6 0.4
v 2.38419e-07 2.6 0.2
v 2.38419e-07 2.6 0.0999999
v 2.38419e-07 2.7 0.6
v 2.38419e-07 2.7 0.5
v 2.38419e-07 2.7 -2.38419e-07
v 2.38419e-07 2.7 -0.1
v 2.38419e-07 3 0.6
v 2.38419e-07 3 0.5
v 2.38419e-07 3 -2.38419e-07
v 2.38419e-07 3 -0.1
v 2.38419e-07 3.1 0.4
v 2.38419e-07 3.1 0.0999999
v 2.38419e-07 3.2 0.4
v 2.38419e-07 3.2 0.0999999
v 2.38419e-07 3.3 0.6
v 2.38419e-07 3.3 0.3
v 2.38419e-07 3.6 0.6
v 2.38419e-07 3.6 0.3
v 2.38419e-07 3.7 0.4
v 2.38419e-07 3.7 0.0999999
v 2.38419e-07 3.8 0.4
v 2.38419e-07 3.8 0.0999999
v 2.38419e-07 3.9 0.6
v 2.38419e-07 3.9 0.5
v 2.38419e-07 3.9 -2.38419e-07
v 2.38419e-07 3.9 -0.1
v 2.38419e-07 4.1 -2.38419e-07
v 2.38419e-07 4.1 -0.1
v 2.38419e-07 4.2 0.6
v 2.38419e-07 4.2 0.5
v 2.38419e-07 4.3 0.4
v 2.38419e-07 4.3 0.2
v 2.38419e-07 4.4 0.4
v 2.38419e-07 4.4 0.2
v 2.38419e-07 4.5 -0.3
v 2.38419e-07 4.5 -0.4
v 2.38419e-07 4.6 -0.3
v 2.38419e-07 4.6 -0.4
v 2.38419e-07 4.8 0.5
v 2.38419e-07 4.8 0.3
v 2.38419e-07 4.8 -0.4
v 2.38419e-07 4.8 -0.6
v 2.38419e-07 4.9 0.4
v 2.38419e-07 4.9 0.3
v 2.38419e-07 4.9 -0.4
v 2.38419e-07 4.9 -0.5
v 2.38419e-07 5.1 0.0999999
v 2.38419e-07 5.1 -2.38419e-07
v 2.38419e-07 5.1 -0.1
v 2.38419e-07 5.1 -0.2
v 2.38419e-07 5.2 0.4
v 2.38419e-07 5.2 0.0999999
v 2.38419e-07 5.2 -0.2
v 2.38419e-07 5.2 -0.5
v 2.38419e-07 5.3 0.5
v 2.38419e-07 5.3 -2.38419e-07
v 2.38419e-07 5.3 -0.1
v 2.38419e-07 5.3 -0.6
v 0.1 0.6 2
v 0.1 0.6 1.9
v 0.1 0.6 1.2
v 0.1 0.6 1
v 0.1 0.6 -0.5
v 0.1 0.6 -0.6
v 0.1 0.7 2
v 0.1 0.7 1.9
v 0.1 0.8 -1.1
v 0.1 0.8 -1.2
v 0.1 1 1.2
v 0.1 1 1
v 0.1 1 -0.5
v 0.1 1 -0.6
v 0.1 1 -1.1
v 0.1 1 -1.2
v 0.1 3.8 0.5
v 0.1 3.8 -2.38419e-07
v 0.1 3.9 0.4
v 0.1 3.9 0.0999999
v 0.1 4 0.0999999
v 0.1 4 -2.38419e-07
v 0.1 4.2 0.4
v 0.1 4.2 0.3
v 0.1 4.3 0.5
v 0.1 4.3 0.3
v 0.1 4.9 0.4
v 0.1 4.9 0.3
v 0.1 4.9 0.2
v 0.1 4.9 -0.3
v 0.1 4.9 -0.4
v 0.1 4.9 -0.5
v 0.1 5 0.2
v 0.1 5 0.0999999
v 0.1 5 -0.2
v 0.1 5 -0.3
v 0.1 5.1 0.0999999
v 0.1 5.1 -0.2
v 0.1 5.2 0.4
v 0.1 5.2 0.0999999
v 0.1 5.2 -0.2
v 0.1 5.2 -0.5
v 0.2 0.6 1
v 0.2 0.6 0.8
v 0.2 0.6 -1.1
v 0.2 0.6 -1.2
v 0.2 0.7 2
v 0.2 0.7 1.9
v 0.2 0.7 -1.1
v 0.2 0.7 -1.2
v 0.2 0.9 2
v 0.2 0.9 1.9
v 0.2 1 1
v 0.2 1 0.8
v 0.2 3.9 0.4
v 0.2 3.9 0.2
v 0.2 4 0.3
v 0.2 4 0.2
v 0.2 4.1 0.4
v 0.2 4.1 0.3
v 0.3 0.6 0.8
v 0.3 0.6 0.6
v 0.3 0.6 -0.4
v 0.3 0.6 -0.5
v 0.3 0.7 -1.1
v 0.3 0.7 -1.2
v 0.3 0.9 -1.1
v 0.3 0.9 -1.2
v 0.3 1 0.8
v 0.3 1 0.6
v 0.3 1 -0.4
v 0.3 1 -0.5
v 0.3 1.5 0.4
v 0.3 1.5 0.0999999
v 0.3 1.6 0.4
v 0.3 1.6 0.0999999
v 0.3 1.7 0.6
v 0.3 1.7 0.5
v 0.3 1.7 -2.38419e-07
v 0.3 1.7 -0.1
v 0.3 2 0.6
v 0.3 2 0.5
v 0.3 2 -2.38419e-07
v 0.3 2 -0.1
v 0.3 2.1 0.4
v 0.3 2.1 0.0999999
v 0.3 2.2 0.4
v 0.3 2.2 0.0999999
v 0.3 4.6 0.3
v 0.3 4.6 0.2
v 0.3 4.6 -0.3
v 0.3 4.6 -0.4
v 0.3 4.9 0.3
v 0.3 4.9 0.2
v 0.3 4.9 -0.3
v 0.3 4.9 -0.4
v 0.3 5 0.0999999
v 0.3 5 -0.2
v 0.3 5.1 0.0999999
v 0.3 5.1 -0.2
v 0.4 0.6 0.6
v 0.4 0.6 0.4
v 0.4 0.6 -0.3
v 0.4 0.6 -0.4
v 0.4 0.8 -1.3
v 0.4 0.8 -1.4
v 0.4 0.9 -1.3
v 0.4 0.9 -1.4
v 0.4 1 0.6
v 0.4 1 0.4
v 0.4 1 0.2
v 0.4 1 0.0999999
v 0.4 1 -0.3
v 0.4 1 -0.4
v 0.4 1.1 0.2
v 0.4 1.1 0.0999999
v 0.4 1.6 0.5
v 0.4 1.6 -2.38419e-07
v 0.4 1.7 0.4
v 0.4 1.7 0.0999999
v 0.4 1.8 0.0999999
v 0.4 2.1 0.5
v 0.4 2.1 0.4
v 0.4 2.1 0.0999999
v 0.4 2.1 -2.38419e-07
v 0.4 2.5 0.4
v 0.4 2.5 0.0999999
v 0.4 2.6 0.4
v 0.4 2.6 0.0999999
v 0.4 2.7 0.6
v 0.4 2.7 0.5
v 0.4 2.7 -2.38419e-07
v 0.4 2.7 -0.1
v 0.4 2.8 -2.38419e-07
v 0.4 2.8 -0.1
v 0.4 3 0.6
v 0.4 3 0.5
v 0.4 4.5 -0.1
v 0.4 4.5 -0.2
v 0.4 4.5 -0.3
v 0.4 4.6 -0.1
v 0.4 4.6 -0.2
v 0.4 4.7 0.2
v 0.4 4.7 0.0999999
v 0.4 4.9 0.0999999
v 0.4 4.9 -0.2
v 0.4 5 0.2
v 0.4 5 -0.3
v 0.5 0.1 2.4
v 0.5 0.1 2.3
v 0.5 0.1 -1.6
v 0.5 0.1 -1.7
v 0.5 0.6 2.4
v 0.5 0.6 2.3
v 0.5 0.6 0.4
v 0.5 0.6 0.2
v 0.5 0.6 -0.2
v 0.5 0.6 -0.3
v 0.5 0.6 -1.6
v 0.5 0.6 -1.7
v 0.5 0.8 1.5
v 0.5 0.8 1.4
v 0.5 0.9 1.5
v 0.5 0.9 1.4
v 0.5 1 0.4
v 0.5 1 0.2
v 0.5 1 -0.2
v 0.5 1 -0.3
v 0.5 1.7 0.4
v 0.5 1.7 0.0999999
v 0.5 1.8 0.2
v 0.5 1.8 0.0999999
v 0.5 1.9 0.4
v 0.5 1.9 0.2
v 0.5 2.6 0.5
v 0.5 2.6 -2.38419e-07
v 0.5 2.7 0.4
v 0.5 2.7 0.0999999
v 0.5 2.8 0.0999999
v 0.5 2.8 -2.38419e-07
v 0.5 3.1 0.5
v 0.5 3.1 0.4
v 0.5 3.9 0.2
v 0.5 3.9 -0.1
v 0.5 4 0.2
v 0.5 4 -0.1
v 0.5 4.1 -0.2
v 0.5 4.1 -0.3
v 0.5 4.4 -0.2
v 0.5 4.4 -0.3
v 0.5 4.6 -0.1
v 0.5 4.6 -0.2
v 0.5 4.9 -0.1
v 0.5 4.9 -0.2
v 0.6 0.6 0.2
v 0.6 0.6 0.0999999
v 0.6 0.6 -2.38419e-07
v 0.6 0.6 -0.2
v 0.6 0.8 -1.3
v 0.6 0.8 -1.4
v 0.6 1 0.2
v 0.6 1 0.0999999
v 0.6 1 -2.38419e-07
v 0.6 1 -0.2
v 0.6 1 -1.3
v 0.6 1 -1.4
v 0.6 1.1 0.0999999
v 0.6 1.1 -2.38419e-07
v 0.6 2.7 0.4
v 0.6 2.7 0.0999999
v 0.6 2.8 0.2
v 0.6 2.8 0.0999999
v 0.6 2.9 0.3
v 0.6 2.9 0.2
v 0.6 3 0.4
v 0.6 3 0.3
v 0.6 4 0.3
v 0.6 4 -0.2
v 0.6 4.1 0.3
v 0.6 4.1 -0.1
v 0.6 4.5 -0.1
v 0.6 4.5 -0.2
v 0.7 0.1 2.3
v 0.7 0.1 2.1
v 0.7 0.6 2.3
v 0.7 0.6 2.1
v 0.7 0.6 -1.3
v 0.7 0.6 -1.4
v 0.7 0.7 0.0999999
v 0.7 0.7 -2.38419e-07
v 0.7 0.7 -1.3
v 0.7 0.7 -1.4
v 0.7 0.8 1.5
v 0.7 0.8 1.4
v 0.7 0.8 -0.9
v 0.7 0.8 -1
v 0.7 0.9 -0.9
v 0.7 0.9 -1
v 0.7 1 1.5
v 0.7 1 1.4
v 0.7 1 0.0999999
v 0.7 1 -2.38419e-07
v 0.7 2.8 0.2
v 0.7 2.8 -0.1
v 0.7 2.9 0.2
v 0.7 2.9 -0.1
v 0.7 3 -0.2
v 0.7 3 -0.3
v 0.7 3.3 -0.2
v 0.7 3.3 -0.3
v 0.7 3.4 -2.38419e-07
v 0.7 3.4 -0.1
v 0.7 3.5 -2.38419e-07
v 0.7 3.5 -0.1
v 0.7 4.1 0.0999999
v 0.7 4.1 -0.1
v 0.7 4.2 0.0999999
v 0.7 4.2 -2.38419e-07
v 0.7 4.3 -2.38419e-07
v 0.7 4.3 -0.1
v 0.8 0.1 2.1
v 0.8 0.1 1.9
v 0.8 0.1 -1.5
v 0.8 0.1 -1.6
v 0.8 0.6 2.1
v 0.8 0.6 1.9
v 0.8 0.6 1.5
v 0.8 0.6 1.4
v 0.8 0.6 0.0999999
v 0.8 0.6 -2.38419e-07
v 0.8 0.6 -1.5
v 0.8 0.6 -1.6
v 0.8 0.7 1.5
v 0.8 0.7 1.4
v 0.8 0.7 0.0999999
v 0.8 0.7 -2.38419e-07
v 0.8 0.7 -1.3
v 0.8 0.7 -1.4
v 0.8 0.9 -1.3
v 0.8 0.9 -1.4
v 0.8 2.9 0.0999999
v 0.8 2.9 -0.2
v 0.8 3 0.0999999
v 0.8 3 -0.1
v 0.8 3.4 -0.1
v 0.8 3.4 -0.2
v 0.8 4.1 0.4
v 0.8 4.1 0.0999999
v 0.8 4.2 0.4
v 0.8 4.2 0.0999999
v 0.8 4.3 0.6
v 0.8 4.3 0.5
v 0.8 4.3 -2.38419e-07
v 0.8 4.3 -0.1
v 0.8 4.4 -2.38419e-07
v 0.8 4.4 -0.1
v 0.8 4.6 0.6
v 0.8 4.6 0.5
v 0.9 0.1 1.9
v 0.9 0.1 1.6
v 0.9 0.6 1.9
v 0.9 0.6 1.6
v 0.9 0.7 1.5
v 0.9 0.7 1.4
v 0.9 0.8 -0.9
v 0.9 0.8 -1
v 0.9 0.9 1.5
v 0.9 0.9 1.4
v 0.9 1 -0.9
v 0.9 1 -1
v 0.9 1.8 0.4
v 0.9 1.8 0.0999999
v 0.9 1.9 0.4
v 0.9 1.9 0.0999999
v 0.9 2 0.6
v 0.9 2 0.5
v 0.9 2 -2.38419e-07
v 0.9 2 -0.1
v 0.9 2.3 0.6
v 0.9 2.3 0.5
v 0.9 2.3 -2.38419e-07
v 0.9 2.3 -0.1
v 0.9 3 -2.38419e-07
v 0.9 3 -0.1
v 0.9 3.1 -2.38419e-07
v 0.9 3.1 -0.1
v 0.9 4.2 0.5
v 0.9 4.2 -2.38419e-07
v 0.9 4.3 0.4
v 0.9 4.3 0.0999999
v 0.9 4.4 0.0999999
v 0.9 4.4 -2.38419e-07
v 0.9 4.7 0.5
v 0.9 4.7 0.4
v 1 0.1 1.6
v 1 0.1 1.4
v 1 0.1 -1.4
v 1 0.1 -1.5
v 1 0.6 1.6
v 1 0.6 1.4
v 1 0.6 -0.9
v 1 0.6 -1
v 1 0.6 -1.4
v 1 0.6 -1.5
v 1 0.7 -0.9
v 1 0.7 -1
v 1 1.9 0.5
v 1 1.9 -2.38419e-07
v 1 2 0.4
v 1 2 0.0999999
v 1 2.1 0.5
v 1 2.1 0.4
v 1 2.1 0.0999999
v 1 2.1 -2.38419e-07
v 1 2.9 0.4
v 1 2.9 0.0999999
v 1 3 0.4
v 1 3 0.0999999
v 1 3.1 0.6
v 1 3.1 0.5
v 1 3.1 -2.38419e-07
v 1 3.1 -0.1
v 1 3.4 0.6
v 1 3.4 0.5
v 1 3.4 -2.38419e-07
v 1 3.4 -0.1
v 1 4.3 0.4
v 1 4.3 0.0999999
v 1 4.4 0.0999999
v 1 4.4 -0.1
v 1 4.5 0.3
v 1 4.5 -0.1
v 1 4.6 -0.2
v 1 4.6 -0.3
v 1 4.9 0.4
v 1 4.9 0.3
v 1 4.9 -0.2
v 1 4.9 -0.3
v 1.1 0.1 1.4
v 1.1 0.1 1.1
v 1.1 0.1 -1.3
v 1.1 0.1 -1.4
v 1.1 0.6 1.4
v 1.1 0.6 1.1
v 1.1 0.6 0.8
v 1.1 0.6 0.5
v 1.1 0.6 -1.3
v 1.1 0.6 -1.4
v 1.1 0.7 0.9
v 1.1 0.7 0.8
v 1.1 0.7 0.5
v 1.1 0.7 0.4
v 1.1 0.7 -0.9
v 1.1 0.7 -1
v 1.1 0.8 0.8
v 1.1 0.8 0.7
v 1.1 0.8 0.6
v 1.1 0.8 0.5
v 1.1 0.9 0.9
v 1.1 0.9 0.8
v 1.1 0.9 0.5
v 1.1 0.9 0.4
v 1.1 0.9 -0.9
v 1.1 0.9 -1
v 1.1 1 0.7
v 1.1 1 0.6
v 1.1 3 0.5
v 1.1 3 -2.38419e-07
v 1.1 3.1 0.4
v 1.1 3.1 0.0999999
v 1.1 3.3 0.5
v 1.1 3.3 0.4
v 1.1 3.3 0.0999999
v 1.1 3.3 -2.38419e-07
v 1.1 4.5 0.3
v 1.1 4.5 -0.2
v 1.1 4.6 0.2
v 1.1 4.6 -0.1
v 1.1 4.7 0.2
v 1.1 4.8 0.3
v 1.1 4.8 0.2
v 1.1 5 -0.1
v 1.1 5 -0.2
v 1.2 0.1 1.1
v 1.2 0.1 0.7
v 1.2 0.6 1.1
v 1.2 0.6 0.7
v 1.2 3.1 0.4
v 1.2 3.1 0.0999999
v 1.2 3.2 0.4
v 1.2 3.2 0.0999999
v 1.2 4.6 0.2
v 1.2 4.6 -0.1
v 1.2 4.7 0.2
v 1.2 4.7 0.0999999
v 1.2 4.8 0.2
v 1.2 4.8 0.0999999
v 1.2 4.8 -2.38419e-07
v 1.2 4.9 -2.38419e-07
v 1.2 4.9 -0.1
v 1.3 0.1 -1.2
v 1.3 0.1 -1.3
v 1.3 0.6 -0.5
v 1.3 0.6 -0.8
v 1.3 0.6 -1.2
v 1.3 0.6 -1.3
v 1.3 0.7 -0.4
v 1.3 0.7 -0.5
v 1.3 0.7 -0.8
v 1.3 0.7 -0.9
v 1.3 0.8 -0.5
v 1.3 0.8 -0.6
v 1.3 0.8 -0.7
v 1.3 0.8 -0.8
v 1.3 0.9 -0.4
v 1.3 0.9 -0.5
v 1.3 0.9 -0.8
v 1.3 0.9 -0.9
v 1.3 1 -0.6
v 1.3 1 -0.7
v 1.3 3.2 0.4
v 1.3 3.2 0.0999999
v 1.3 3.3 0.4
v 1.3 3.3 0.0999999
v 1.3 3.4 0.6
v 1.3 3.4 0.5
v 1.3 3.7 0.6
v 1.3 3.7 0.5
v 1.3 3.8 0.4
v 1.3 3.8 0.2
v 1.3 3.9 0.4
v 1.3 3.9 0.2
v 1.3 4.8 0.3
v 1.3 4.8 -2.38419e-07
v 1.3 4.9 0.3
v 1.3 4.9 -2.38419e-07
v 1.3 5 0.5
v 1.3 5 0.4
v 1.3 5 -0.1
v 1.3 5 -0.2
v 1.3 5.3 0.5
v 1.3 5.3 0.4
v 1.3 5.3 -0.1
v 1.3 5.3 -0.2
v 1.3 5.4 0.3
v 1.3 5.4 -2.38419e-07
v 1.3 5.5 0.3
v 1.3 5.5 -2.38419e-07
v 1.4 0.1 0.7
v 1.4 0.1 0.6
v 1.4 0.6 0.7
v 1.4 0.6 0.6
v 1.4 0.6 -2.38419e-07
v 1.4 0.6 -0.2
v 1.4 0.7 0.2
v 1.4 0.7 0.0999999
v 1.4 0.7 -2.38419e-07
v 1.4 0.7 -0.2
v 1.4 0.7 -0.3
v 1.4 0.8 0.0999999
v 1.4 0.8 -2.38419e-07
v 1.4 0.8 -0.1
v 1.4 0.8 -0.2
v 1.4 0.9 0.2
v 1.4 0.9 0.0999999
v 1.4 0.9 -0.2
v 1.4 0.9 -0.3
v 1.4 1 -2.38419e-07
v 1.4 1 -0.1
v 1.4 2 0.4
v 1.4 2 0.0999999
v 1.4 2.1 0.4
v 1.4 2.1 0.0999999
v 1.4 2.2 0.6
v 1.4 2.2 0.5
v 1.4 2.2 -2.38419e-07
v 1.4 2.2 -0.1
v 1.4 2.5 0.6
v 1.4 2.5 0.5
v 1.4 2.5 -2.38419e-07
v 1.4 2.5 -0.1
v 1.4 3.3 0.5
v 1.4 3.3 0.0999999
v 1.4 3.4 0.4
v 1.4 3.4 0.0999999
v 1.4 3.7 0.4
v 1.4 3.7 0.3
v 1.4 3.8 0.5
v 1.4 3.8 0.3
v 1.4 4.9 0.4
v 1.4 4.9 -0.1
v 1.4 5 0.3
v 1.4 5 -2.38419e-07
v 1.4 5.3 0.3
v 1.4 5.3 -2.38419e-07
v 1.4 5.4 0.4
v 1.4 5.4 -0.1
v 1.5 0.1 0.6
v 1.5 0.1 0.5
v 1.5 0.1 -1.1
v 1.5 0.1 -1.2
v 1.5 0.6 0.6
v 1.5 0.6 0.5
v 1.5 0.6 -1.1
v 1.5 0.6 -1.2
v 1.5 2.1 0.5
v 1.5 2.1 -2.38419e-07
v 1.5 2.2 0.4
v 1.5 2.2 0.0999999
v 1.5 2.3 0.0999999
v 1.5 2.4 0.5
v 1.5 2.4 0.4
v 1.5 2.4 0.0999999
v 1.5 2.4 -2.38419e-07
v 1.5 3.3 0.0999999
v 1.5 3.3 -0.2
v 1.5 3.4 0.4
v 1.5 3.4 0.2
v 1.5 3.4 0.0999999
v 1.5 3.4 -0.2
v 1.5 3.5 -0.3
v 1.5 3.5 -0.4
v 1.5 3.6 0.2
v 1.5 3.7 0.4
v 1.5 3.7 0.3
v 1.5 3.8 0.3
v 1.5 3.8 0.2
v 1.5 3.8 -0.3
v 1.5 3.8 -0.4
v 1.5 3.9 -2.38419e-07
v 1.5 3.9 -0.2
v 1.5 4 -2.38419e-07
v 1.5 4 -0.1
v 1.5 4 -0.2
v 1.5 5 0.3
v 1.5 5 -2.38419e-07
v 1.5 5.3 0.3
v 1.5 5.3 -2.38419e-07
v 1.6 0.1 0.5
v 1.6 0.1 0.4
v 1.6 0.1 -1
v 1.6 0.1 -1.1
v 1.6 0.6 0.5
v 1.6 0.6 0.4
v 1.6 0.6 -1
v 1.6 0.6 -1.1
v 1.6 2.2 0.4
v 1.6 2.2 0.0999999
v 1.6 2.3 0.4
v 1.6 2.3 0.0999999
v 1.6 3.4 0.2
v 1.6 3.4 -0.3
v 1.6 3.5 0.0999999
v 1.6 3.5 -0.2
v 1.6 3.6 0.2
v 1.6 3.6 0.0999999
v 1.6 3.8 0.2
v 1.6 3.8 0.0999999
v 1.6 3.8 -0.2
v 1.6 3.9 0.0999999
v 1.6 3.9 -2.38419e-07
v 1.6 3.9 -0.3
v 1.7 0.1 0.4
v 1.7 0.1 0.0999999
v 1.7 0.1 -0.8
v 1.7 0.1 -1
v 1.7 0.6 0.4
v 1.7 0.6 0.0999999
v 1.7 0.6 -0.8
v 1.7 0.6 -1
v 1.7 2.3 0.4
v 1.7 2.3 0.0999999
v 1.7 2.4 0.4
v 1.7 2.4 0.0999999
v 1.7 2.5 0.6
v 1.7 2.5 0.5
v 1.7 2.5 -2.38419e-07
v 1.7 2.5 -0.1
v 1.7 2.8 0.6
v 1.7 2.8 0.5
v 1.7 2.8 -2.38419e-07
v 1.7 2.8 -0.1
v 1.7 2.9 0.4
v 1.7 2.9 0.2
v 1.7 2.9 0.0999999
v 1.7 3 0.4
v 1.7 3 0.0999999
v 1.7 3.5 0.0999999
v 1.7 3.5 -0.2
v 1.7 3.8 0.0999999
v 1.7 3.8 -0.2
v 1.8 0.1 0.0999999
v 1.8 0.1 -2.38419e-07
v 1.8 0.1 -0.2
v 1.8 0.1 -0.3
v 1.8 0.1 -0.5
v 1.8 0.1 -0.8
v 1.8 0.2 -0.1
v 1.8 0.2 -0.2
v 1.8 0.6 0.0999999
v 1.8 0.6 -2.38419e-07
v 1.8 0.6 -0.1
v 1.8 0.6 -0.3
v 1.8 0.6 -0.5
v 1.8 0.6 -0.8
v 1.8 0.7 0.0999999
v 1.8 0.7 -0.1
v 1.8 2.4 0.5
v 1.8 2.4 -2.38419e-07
v 1.8 2.5 0.4
v 1.8 2.5 0.0999999
v 1.8 2.7 0.0999999
v 1.8 2.8 0.4
v 1.8 2.8 0.2
v 1.8 2.9 0.5
v 1.8 2.9 0.4
v 1.8 2.9 0.2
v 1.8 2.9 0.0999999
v 1.8 2.9 -2.38419e-07
v 1.8 3.8 0.4
v 1.8 3.8 0.0999999
v 1.8 3.9 0.4
v 1.8 3.9 0.0999999
v 1.8 4 0.6
v 1.8 4 0.5
v 1.8 4 -2.38419e-07
v 1.8 4 -0.1
v 1.8 4.3 0.6
v 1.8 4.3 0.5
v 1.8 4.3 -2.38419e-07
v 1.8 4.3 -0.1
v 1.8 4.4 0.4
v 1.8 4.4 0.0999999
v 1.8 4.5 0.4
v 1.8 4.5 0.0999999
v 1.9 0.1 -2.38419e-07
v 1.9 0.1 -0.1
v 1.9 0.1 -0.3
v 1.9 0.1 -0.5
v 1.9 0.2 -0.1
v 1.9 0.2 -0.3
v 1.9 0.6 -2.38419e-07
v 1.9 0.6 -0.1
v 1.9 0.6 -0.3
v 1.9 0.6 -0.5
v 1.9 2.5 0.4
v 1.9 2.5 0.0999999
v 1.9 2.7 0.2
v 1.9 2.7 0.0999999
v 1.9 2.8 0.4
v 1.9 2.8 0.2
v 1.9 3.9 0.5
v 1.9 3.9 -2.38419e-07
v 1.9 4 0.4
v 1.9 4 0.0999999
v 1.9 4.3 0.4
v 1.9 4.3 0.0999999
v 1.9 4.4 0.5
v 1.9 4.4 -2.38419e-07
v 2 0.1 -0.1
v 2 0.1 -0.2
v 2 0.2 -0.1
v 2 0.2 -0.2
v 2 4 0.4
v 2 4 0.0999999
v 2 4.3 0.4
v 2 4.3 0.0999999
v 2.1 0.1 -0.2
v 2.1 0.1 -0.3
v 2.1 0.2 -0.2
v 2.1 0.2 -0.3
v 2.2 0.1 -0.3
v 2.2 0.1 -0.4
v 2.2 0.2 -0.3
v 2.2 0.2 -0.4
v 2.3 0.1 -0.4
v 2.3 0.1 -0.5
v 2.3 0.2 -0.4
v 2.3 0.2 -0.5
v 2.3 2.7 0.4
v 2.3 2.7 0.0999999
v 2.3 2.8 0.4
v 2.3 2.8 0.0999999
v 2.3 2.9 0.6
v 2.3 2.9 0.5
v 2.3 2.9 -2.38419e-07
v 2.3 2.9 -0.1
v 2.3 3.2 0.6
v 2.3 3.2 0.5
v 2.3 3.2 -2.38419e-07
v 2.3 3.2 -0.1
v 2.3 3.3 0.4
v 2.3 3.3 0.0999999
v 2.3 3.4 0.4
v 2.3 3.4 0.0999999
v 2.4 2.8 0.5
v 2.4 2.8 -2.38419e-07
v 2.4 2.9 0.4
v 2.4 2.9 0.0999999
v 2.4 3.2 0.4
v 2.4 3.2 0.0999999
v 2.4 3.3 0.5
v 2.4 3.3 -2.38419e-07
v 2.5 2.9 0.4
v 2.5 2.9 0.0999999
v 2.5 3.2 0.4
v 2.5 3.2 0.0999999
v 3 0 3
v 3 0 -3
v 3 0.1 3
v 3 0.1 -3
v -3 0 3
v -3 0.1 3
v -0.4 0 3
v -0.4 0.1 3
v 0.7 0 3
v 0.7 0.1 3
v 3 0 3
v 3 0.1 3
v -0.0999999 0.1 2.4
v -0.0999999 0.6 2.4
v 0.5 0.1 2.4
v 0.5 0.6 2.4
v -0.2 0.1 2.3
v -0.2 0.6 2.3
v -0.0999999 0.1 2.3
v -0.0999999 0.6 2.3
v 0.5 0.1 2.3
v 0.5 0.6 2.3
v 0.7 0.1 2.3
v 0.7 0.6 2.3
v -0.3 0.1 2.2
v -0.3 0.6 2.2
v -0.2 0.1 2.2
v -0.2 0.6 2.2
v -0.4 0.1 2.1
v -0.4 0.6 2.1
v -0.3 0.1 2.1
v -0.3 0.6 2.1
v 0.7 0.1 2.1
v 0.7 0.6 2.1
v 0.8 0.1 2.1
v 0.8 0.6 2.1
v -0.6 0.1 2
v -0.6 0.6 2
v -0.4 0.1 2
v -0.4 0.6 2
v -0.3 0.7 2
v -0.3 0.9 2
v -0.2 0.6 2
v -0.2 0.7 2
v -0.2 0.8 2
v -0.2 0.9 2
v -0.0999999 0.8 2
v -0.0999999 1 2
v 2.38419e-07 0.8 2
v 2.38419e-07 1 2
v 0.1 0.6 2
v 0.1 0.7 2
v 0.1 0.8 2
v 0.1 0.9 2
v 0.2 0.7 2
v 0.2 0.9 2
v -0.7 0.1 1.9
v -0.7 0.6 1.9
v -0.6 0.1 1.9
v -0.6 0.6 1.9
v 0.8 0.1 1.9
v 0.8 0.6 1.9
v 0.9 0.1 1.9
v 0.9 0.6 1.9
v -0.9 0.1 1.8
v -0.9 0.6 1.8
v -0.7 0.1 1.8
v -0.7 0.6 1.8
v -1 0.1 1.7
v -1 0.6 1.7
v -0.9 0.1 1.7
v -0.9 0.6 1.7
v -0.7 4 1.7
v -0.7 4.3 1.7
v -0.7 4.8 1.7
v -0.7 5.1 1.7
v -0.4 4 1.7
v -0.4 4.3 1.7
v -0.4 4.8 1.7
v -0.4 5.1 1.7
v -1.1 0.1 1.6
v -1.1 0.6 1.6
v -1 0.1 1.6
v -1 0.6 1.6
v -1 0.7 1.6
v -1 0.9 1.6
v -0.9 0.6 1.6
v -0.9 0.7 1.6
v -0.9 0.8 1.6
v -0.9 0.9 1.6
v -0.8 0.8 1.6
v -0.8 1 1.6
v -0.8 3.9 1.6
v -0.8 4.4 1.6
v -0.8 4.7 1.6
v -0.8 5.2 1.6
v -0.7 0.8 1.6
v -0.7 1 1.6
v -0.7 4 1.6
v -0.7 4.3 1.6
v -0.7 4.8 1.6
v -0.7 5.1 1.6
v -0.6 0.6 1.6
v -0.6 0.7 1.6
v -0.6 0.8 1.6
v -0.6 0.9 1.6
v -0.5 0.7 1.6
v -0.5 0.9 1.6
v -0.4 4 1.6
v -0.4 4.3 1.6
v -0.4 4.8 1.6
v -0.4 5.1 1.6
v -0.3 3.9 1.6
v -0.3 4.4 1.6
v -0.3 4.7 1.6
v -0.3 5.2 1.6
v 0.9 0.1 1.6
v 0.9 0.6 1.6
v 1 0.1 1.6
v 1 0.6 1.6
v -1.2 0.1 1.5
v -1.2 0.6 1.5
v -1.1 0.1 1.5
v -1.1 0.6 1.5
v -0.9 4 1.5
v -0.9 4.3 1.5
v -0.9 4.8 1.5
v -0.9 5.1 1.5
v -0.8 4 1.5
v -0.8 4.3 1.5
v -0.8 4.8 1.5
v -0.8 5.1 1.5
v -0.7 3.8 1.5
v -0.7 3.9 1.5
v -0.7 4.4 1.5
v -0.7 4.5 1.5
v -0.7 4.6 1.5
v -0.7 4.7 1.5
v -0.7 5.2 1.5
v -0.7 5.3 1.5
v -0.4 3.8 1.5
v -0.4 3.9 1.5
v -0.4 4.4 1.5
v -0.4 4.5 1.5
v -0.4 4.6 1.5
v -0.4 4.7 1.5
v -0.4 5.2 1.5
v -0.4 5.3 1.5
v -0.3 4 1.5
v -0.3 4.3 1.5
v -0.3 4.8 1.5
v -0.3 5.1 1.5
v -0.2 4 1.5
v -0.2 4.3 1.5
v -0.2 4.8 1.5
v -0.2 5.1 1.5
v 0.4 0.7 1.5
v 0.4 0.9 1.5
v 0.5 0.6 1.5
v 0.5 0.7 1.5
v 0.5 0.8 1.5
v 0.5 0.9 1.5
v 0.6 0.8 1.5
v 0.6 1 1.5
v 0.7 0.8 1.5
v 0.7 1 1.5
v 0.8 0.6 1.5
v 0.8 0.7 1.5
v 0.8 0.8 1.5
v 0.8 0.9 1.5
v 0.9 0.7 1.5
v 0.9 0.9 1.5
v -1.3 0.1 1.4
v -1.3 0.6 1.4
v -1.2 0.1 1.4
v -1.2 0.6 1.4
v -0.6 4.5 1.4
v -0.6 4.6 1.4
v -0.5 4.5 1.4
v -0.5 4.6 1.4
v 1 0.1 1.4
v 1 0.6 1.4
v 1.1 0.1 1.4
v 1.1 0.6 1.4
v -1.4 0.1 1.3
v -1.4 0.6 1.3
v -1.3 0.1 1.3
v -1.3 0.6 1.3
v -2.1 0.1 1.2
v -2.1 0.2 1.2
v -2 0.1 1.2
v -2 0.2 1.2
v -0.8 3.3 1.2
v -0.8 3.6 1.2
v -0.5 3.3 1.2
v -0.5 3.6 1.2
v -0.3 0.6 1.2
v -0.3 1 1.2
v 0.1 0.6 1.2
v 0.1 1 1.2
v -2 0.1 1.1
v -2 0.2 1.1
v -1.9 0.1 1.1
v -1.9 0.2 1.1
v -1.5 0.1 1.1
v -1.5 0.6 1.1
v -1.4 0.1 1.1
v -1.4 0.6 1.1
v -0.9 3.2 1.1
v -0.9 3.7 1.1
v -0.8 3.3 1.1
v -0.8 3.6 1.1
v -0.7 0.6 1.1
v -0.7 1 1.1
v -0.7 5.3 1.1
v -0.7 5.6 1.1
v -0.5 3.3 1.1
v -0.5 3.6 1.1
v -0.4 3.2 1.1
v -0.4 3.7 1.1
v -0.4 5.3 1.1
v -0.4 5.6 1.1
v -0.3 0.6 1.1
v -0.3 1 1.1
v 1.1 0.1 1.1
v 1.1 0.6 1.1
v 1.2 0.1 1.1
v 1.2 0.6 1.1
v -1.9 0.1 1
v -1.9 0.2 1
v -1.8 0.1 1
v -1.8 0.2 1
v -1 0.6 1
v -1 1 1
v -1 3.3 1
v -1 3.6 1
v -0.9 3.3 1
v -0.9 3.6 1
v -0.8 3.1 1
v -0.8 3.2 1
v -0.8 3.7 1
v -0.8 3.8 1
v -0.8 5.2 1
v -0.8 5.7 1
v -0.7 0.6 1
v -0.7 1 1
v -0.7 5.3 1
v -0.7 5.6 1
v -0.6 3.7 1
v -0.6 3.8 1
v -0.5 3.1 1
v -0.5 3.2 1
v -0.5 3.7 1
v -0.5 3.8 1
v -0.4 3.3 1
v -0.4 3.6 1
v -0.4 5.3 1
v -0.4 5.6 1
v -0.3 3.3 1
v -0.3 3.6 1
v -0.3 5.2 1
v -0.3 5.7 1
v 0.1 0.6 1
v 0.1 1 1
v 0.2 0.6 1
v 0.2 1 1
v -1.8 0.1 0.9
v -1.8 0.2 0.9
v -1.7 0.1 0.9
v -1.7 0.2 0.9
v -1.6 0.1 0.9
v -1.6 0.6 0.9
v -1.6 0.7 0.9
v -1.6 0.9 0.9
v -1.5 0.1 0.9
v -1.5 0.6 0.9
v -1.5 0.7 0.9
v -1.5 0.9 0.9
v -1.2 0.6 0.9
v -1.2 1 0.9
v -1 0.6 0.9
v -1 1 0.9
v -0.9 5 0.9
v -0.9 5.6 0.9
v -0.8 5.2 0.9
v -0.8 5.6 0.9
v -0.7 5.7 0.9
v -0.7 5.8 0.9
v -0.6 2.9 0.9
v -0.6 3.1 0.9
v -0.6 5 0.9
v -0.6 5.1 0.9
v -0.5 2.9 0.9
v -0.5 3.1 0.9
v -0.4 5.1 0.9
v -0.4 5.2 0.9
v -0.4 5.7 0.9
v -0.4 5.8 0.9
v -0.3 5.3 0.9
v -0.3 5.6 0.9
v -0.2 5.3 0.9
v -0.2 5.6 0.9
v 1 0.7 0.9
v 1 0.9 0.9
v 1.1 0.7 0.9
v 1.1 0.9 0.9
v -1.8 0.2 0.8
v -1.8 0.6 0.8
v -1.7 0.1 0.8
v -1.7 0.2 0.8
v -1.7 0.6 0.8
v -1.7 0.7 0.8
v -1.6 0.1 0.8
v -1.6 0.6 0.8
v -1.6 0.7 0.8
v -1.5 0.7 0.8
v -1.3 0.6 0.8
v -1.3 0.7 0.8
v -1.3 1 0.8
v -1.2 0.6 0.8
v -1.2 1 0.8
v -1 4.9 0.8
v -1 5.4 0.8
v -0.9 5 0.8
v -0.9 5.4 0.8
v -0.8 2.6 0.8
v -0.8 2.9 0.8
v -0.6 2.8 0.8
v -0.6 2.9 0.8
v -0.6 5 0.8
v -0.6 5.1 0.8
v -0.5 2.6 0.8
v -0.5 2.8 0.8
v -0.5 2.9 0.8
v -0.5 4.9 0.8
v -0.5 5.1 0.8
v -0.3 3.3 0.8
v -0.3 3.6 0.8
v -0.2 3.3 0.8
v -0.2 3.6 0.8
v 0.2 0.6 0.8
v 0.2 1 0.8
v 0.3 0.6 0.8
v 0.3 1 0.8
v 1 0.6 0.8
v 1 0.7 0.8
v 1.1 0.6 0.8
v 1.1 0.7 0.8
v -1.8 2.7 0.7
v -1.8 2.8 0.7
v -1.6 0.8 0.7
v -1.6 1 0.7
v -1.6 2.7 0.7
v -1.6 2.8 0.7
v -1.5 0.8 0.7
v -1.5 1 0.7
v -1.4 0.7 0.7
v -1.4 0.9 0.7
v -1.3 0.7 0.7
v -1.3 0.9 0.7
v -1.1 5 0.7
v -1.1 5.3 0.7
v -1 5 0.7
v -1 5.3 0.7
v -0.9 2.5 0.7
v -0.9 3 0.7
v -0.9 4.8 0.7
v -0.9 4.9 0.7
v -0.8 2.4 0.7
v -0.8 2.5 0.7
v -0.8 2.6 0.7
v -0.8 2.9 0.7
v -0.7 2.4 0.7
v -0.7 2.5 0.7
v -0.6 2.9 0.7
v -0.6 3 0.7
v -0.6 4.8 0.7
v -0.6 4.9 0.7
v -0.5 2.6 0.7
v -0.5 2.8 0.7
v -0.5 3 0.7
v -0.5 5 0.7
v -0.5 5.1 0.7
v -0.4 2.5 0.7
v -0.4 3 0.7
v -0.4 3.2 0.7
v -0.4 3.3 0.7
v -0.4 3.6 0.7
v -0.4 3.7 0.7
v -0.4 5 0.7
v -0.4 5.1 0.7
v -0.2 3.3 0.7
v -0.2 3.6 0.7
v -0.0999999 3.2 0.7
v -0.0999999 3.7 0.7
v 1 0.8 0.7
v 1 1 0.7
v 1.1 0.8 0.7
v 1.1 1 0.7
v 1.2 0.1 0.7
v 1.2 0.6 0.7
v 1.4 0.1 0.7
v 1.4 0.6 0.7
v -2.4 3.1 0.6
v -2.4 3.4 0.6
v -2.2 2 0.6
v -2.2 2.3 0.6
v -2.1 3.1 0.6
v -2.1 3.4 0.6
v -1.9 2 0.6
v -1.9 2.3 0.6
v -1.9 2.5 0.6
v -1.9 2.9 0.6
v -1.9 3.6 0.6
v -1.9 3.9 0.6
v -1.8 0.1 0.6
v -1.8 0.6 0.6
v -1.8 2.7 0.6
v -1.8 2.8 0.6
v -1.7 0.1 0.6
v -1.7 0.6 0.6
v -1.7 2.8 0.6
v -1.7 2.9 0.6
v -1.6 2.5 0.6
v -1.6 2.6 0.6
v -1.6 2.7 0.6
v -1.6 3.6 0.6
v -1.6 3.9 0.6
v -1.5 1.6 0.6
v -1.5 1.9 0.6
v -1.5 2.6 0.6
v -1.5 2.7 0.6
v -1.4 0.9 0.6
v -1.4 1 0.6
v -1.3 0.9 0.6
v -1.3 1 0.6
v -1.3 1.1 0.6
v -1.2 1.6 0.6
v -1.2 1.9 0.6
v -1.2 2.1 0.6
v -1.2 2.5 0.6
v -1.2 3.1 0.6
v -1.2 3.4 0.6
v -1.1 1 0.6
v -1.1 1.1 0.6
v -1.1 4.2 0.6
v -1.1 4.5 0.6
v -1 2.6 0.6
v -1 2.9 0.6
v -0.9 2.1 0.6
v -0.9 2.3 0.6
v -0.9 2.5 0.6
v -0.9 2.6 0.6
v -0.9 2.9 0.6
v -0.9 3.1 0.6
v -0.9 3.2 0.6
v -0.9 3.4 0.6
v -0.8 2.4 0.6
v -0.8 2.5 0.6
v -0.8 3 0.6
v -0.8 3.1 0.6
v -0.8 4.2 0.6
v -0.8 4.5 0.6
v -0.7 2.3 0.6
v -0.7 2.4 0.6
v -0.7 2.5 0.6
v -0.6 3 0.6
v -0.6 3.1 0.6
v -0.6 4.8 0.6
v -0.6 4.9 0.6
v -0.5 2.4 0.6
v -0.5 2.5 0.6
v -0.5 3.1 0.6
v -0.5 3.2 0.6
v -0.5 3.7 0.6
v -0.5 3.8 0.6
v -0.5 4.8 0.6
v -0.5 4.9 0.6
v -0.4 2.6 0.6
v -0.4 2.9 0.6
v -0.4 4.9 0.6
v -0.4 5 0.6
v -0.4 5.2 0.6
v -0.3 2.6 0.6
v -0.3 2.7 0.6
v -0.3 2.9 0.6
v -0.3 3 0.6
v -0.3 3.9 0.6
v -0.3 4.2 0.6
v -0.3 5.2 0.6
v -0.2 3.1 0.6
v -0.2 3.2 0.6
v -0.2 3.7 0.6
v -0.2 3.8 0.6
v -0.0999999 3.3 0.6
v -0.0999999 3.6 0.6
v -0.0999999 4.9 0.6
v -0.0999999 5.2 0.6
v 2.38419e-07 1.7 0.6
v 2.38419e-07 2 0.6
v 2.38419e-07 2.7 0.6
v 2.38419e-07 3 0.6
v 2.38419e-07 3.3 0.6
v 2.38419e-07 3.6 0.6
v 2.38419e-07 3.9 0.6
v 2.38419e-07 4.2 0.6
v 0.1 2.7 0.6
v 0.1 3 0.6
v 0.3 0.6 0.6
v 0.3 1 0.6
v 0.3 1.7 0.6
v 0.3 2 0.6
v 0.4 0.6 0.6
v 0.4 1 0.6
v 0.4 2.7 0.6
v 0.4 3 0.6
v 0.5 4.3 0.6
v 0.5 4.6 0.6
v 0.6 2 0.6
v 0.6 2.3 0.6
v 0.7 3.1 0.6
v 0.7 3.4 0.6
v 0.8 4.3 0.6
v 0.8 4.6 0.6
v 0.9 2 0.6
v 0.9 2.3 0.6
v 1 3.1 0.6
v 1 3.4 0.6
v 1 3.7 0.6
v 1.1 2.2 0.6
v 1.1 2.6 0.6
v 1.3 3.4 0.6
v 1.3 3.7 0.6
v 1.4 0.1 0.6
v 1.4 0.6 0.6
v 1.4 2.2 0.6
v 1.4 2.5 0.6
v 1.4 2.6 0.6
v 1.4 2.8 0.6
v 1.5 0.1 0.6
v 1.5 0.6 0.6
v 1.5 4 0.6
v 1.5 4.3 0.6
v 1.7 2.5 0.6
v 1.7 2.8 0.6
v 1.8 4 0.6
v 1.8 4.3 0.6
v 2 2.9 0.6
v 2 3.2 0.6
v 2.3 2.9 0.6
v 2.3 3.2 0.6
v -2.5 3 0.5
v -2.5 3.5 0.5
v -2.4 3.1 0.5
v -2.4 3.4 0.5
v -2.4 4.2 0.5
v -2.4 4.5 0.5
v -2.3 1.9 0.5
v -2.3 2.4 0.5
v -2.2 2 0.5
v -2.2 2.3 0.5
v -2.1 3.1 0.5
v -2.1 3.4 0.5
v -2.1 4.2 0.5
v -2.1 4.5 0.5
v -2 0.1 0.5
v -2 0.6 0.5
v -2 2.4 0.5
v -2 2.9 0.5
v -2 3 0.5
v -2 3.5 0.5
v -2 4 0.5
v -1.9 2 0.5
v -1.9 2.3 0.5
v -1.9 2.5 0.5
v -1.9 2.9 0.5
v -1.9 3 0.5
v -1.9 3.6 0.5
v -1.9 3.9 0.5
v -1.8 0.1 0.5
v -1.8 0.6 0.5
v -1.8 1.9 0.5
v -1.8 2.4 0.5
v -1.8 2.9 0.5
v -1.8 3 0.5
v -1.7 2.8 0.5
v -1.7 2.9 0.5
v -1.7 4.7 0.5
v -1.7 5 0.5
v -1.6 0.8 0.5
v -1.6 0.9 0.5
v -1.6 1.5 0.5
v -1.6 2 0.5
v -1.6 2.5 0.5
v -1.6 2.6 0.5
v -1.6 2.7 0.5
v -1.6 2.8 0.5
v -1.6 3.6 0.5
v -1.6 3.9 0.5
v -1.5 0.8 0.5
v -1.5 0.9 0.5
v -1.5 1.6 0.5
v -1.5 1.9 0.5
v -1.5 2.4 0.5
v -1.5 2.5 0.5
v -1.5 2.6 0.5
v -1.5 2.7 0.5
v -1.5 2.9 0.5
v -1.5 3.5 0.5
v -1.5 4 0.5
v -1.4 2.5 0.5
v -1.4 2.6 0.5
v -1.4 4.7 0.5
v -1.4 5 0.5
v -1.3 2 0.5
v -1.3 2.5 0.5
v -1.3 3 0.5
v -1.3 3.5 0.5
v -1.2 1.6 0.5
v -1.2 1.9 0.5
v -1.2 2.1 0.5
v -1.2 2.5 0.5
v -1.2 2.6 0.5
v -1.2 3.1 0.5
v -1.2 3.4 0.5
v -1.2 4.1 0.5
v -1.2 4.6 0.5
v -1.1 1 0.5
v -1.1 1.1 0.5
v -1.1 1.5 0.5
v -1.1 2 0.5
v -1.1 2.5 0.5
v -1.1 2.6 0.5
v -1.1 4.2 0.5
v -1.1 4.5 0.5
v -1 1 0.5
v -1 1.1 0.5
v -0.9 2.1 0.5
v -0.9 2.3 0.5
v -0.9 3 0.5
v -0.9 3.1 0.5
v -0.9 3.4 0.5
v -0.9 4.7 0.5
v -0.9 4.8 0.5
v -0.8 2 0.5
v -0.8 2.1 0.5
v -0.8 3 0.5
v -0.8 3.1 0.5
v -0.8 3.3 0.5
v -0.8 3.5 0.5
v -0.8 4.2 0.5
v -0.8 4.5 0.5
v -0.7 1.2 0.5
v -0.7 2.1 0.5
v -0.7 2.2 0.5
v -0.7 2.3 0.5
v -0.7 2.4 0.5
v -0.7 4.1 0.5
v -0.7 4.6 0.5
v -0.6 1.3 0.5
v -0.6 2.2 0.5
v -0.5 1.1 0.5
v -0.5 1.2 0.5
v -0.5 1.3 0.5
v -0.5 2.3 0.5
v -0.5 2.4 0.5
v -0.5 2.5 0.5
v -0.5 4.8 0.5
v -0.5 5 0.5
v -0.4 2.4 0.5
v -0.4 2.5 0.5
v -0.4 2.6 0.5
v -0.4 2.9 0.5
v -0.4 3 0.5
v -0.4 3.1 0.5
v -0.4 3.8 0.5
v -0.4 4.3 0.5
v -0.4 4.7 0.5
v -0.4 4.8 0.5
v -0.4 4.9 0.5
v -0.4 5 0.5
v -0.3 1.1 0.5
v -0.3 1.2 0.5
v -0.3 2.6 0.5
v -0.3 2.7 0.5
v -0.3 2.9 0.5
v -0.3 3 0.5
v -0.3 3.9 0.5
v -0.3 4.2 0.5
v -0.3 5.2 0.5
v -0.3 5.3 0.5
v -0.2 2.5 0.5
v -0.2 2.6 0.5
v -0.2 2.7 0.5
v -0.2 3.1 0.5
v -0.2 3.8 0.5
v -0.0999999 1.6 0.5
v -0.0999999 2.1 0.5
v -0.0999999 4.9 0.5
v -0.0999999 5.2 0.5
v 2.38419e-07 1.7 0.5
v 2.38419e-07 2 0.5
v 2.38419e-07 2.7 0.5
v 2.38419e-07 3 0.5
v 2.38419e-07 3.9 0.5
v 2.38419e-07 4.2 0.5
v 2.38419e-07 4.8 0.5
v 2.38419e-07 5.3 0.5
v 0.1 2.7 0.5
v 0.1 3 0.5
v 0.1 3.8 0.5
v 0.1 4.3 0.5
v 0.3 1.7 0.5
v 0.3 2 0.5
v 0.4 1.6 0.5
v 0.4 2.1 0.5
v 0.4 2.7 0.5
v 0.4 3 0.5
v 0.4 4.2 0.5
v 0.4 4.7 0.5
v 0.5 1.9 0.5
v 0.5 2.4 0.5
v 0.5 2.6 0.5
v 0.5 3.1 0.5
v 0.5 4.3 0.5
v 0.5 4.6 0.5
v 0.6 2 0.5
v 0.6 2.3 0.5
v 0.6 3 0.5
v 0.6 3.5 0.5
v 0.7 3.1 0.5
v 0.7 3.4 0.5
v 0.8 4.3 0.5
v 0.8 4.6 0.5
v 0.9 2 0.5
v 0.9 2.3 0.5
v 0.9 3.5 0.5
v 0.9 3.8 0.5
v 0.9 4.2 0.5
v 0.9 4.7 0.5
v 1 0.8 0.5
v 1 0.9 0.5
v 1 1.9 0.5
v 1 2.1 0.5
v 1 2.4 0.5
v 1 2.7 0.5
v 1 3.1 0.5
v 1 3.4 0.5
v 1 3.7 0.5
v 1 5 0.5
v 1 5.3 0.5
v 1.1 0.8 0.5
v 1.1 0.9 0.5
v 1.1 2.2 0.5
v 1.1 2.6 0.5
v 1.1 3 0.5
v 1.1 3.3 0.5
v 1.3 2.7 0.5
v 1.3 2.9 0.5
v 1.3 3.4 0.5
v 1.3 3.7 0.5
v 1.3 5 0.5
v 1.3 5.3 0.5
v 1.4 2.2 0.5
v 1.4 2.5 0.5
v 1.4 2.6 0.5
v 1.4 2.8 0.5
v 1.4 3.3 0.5
v 1.4 3.8 0.5
v 1.4 3.9 0.5
v 1.4 4.4 0.5
v 1.5 0.1 0.5
v 1.5 0.6 0.5
v 1.5 2.1 0.5
v 1.5 2.4 0.5
v 1.5 4 0.5
v 1.5 4.3 0.5
v 1.6 0.1 0.5
v 1.6 0.6 0.5
v 1.7 2.5 0.5
v 1.7 2.8 0.5
v 1.8 2.4 0.5
v 1.8 2.9 0.5
v 1.8 4 0.5
v 1.8 4.3 0.5
v 1.9 2.8 0.5
v 1.9 3.3 0.5
v 1.9 3.9 0.5
v 1.9 4.4 0.5
v 2 2.9 0.5
v 2 3.2 0.5
v 2.3 2.9 0.5
v 2.3 3.2 0.5
v 2.4 2.8 0.5
v 2.4 3.3 0.5
v -2.6 3.1 0.4
v -2.6 3.4 0.4
v -2.5 3.1 0.4
v -2.5 3.4 0.4
v -2.5 4.1 0.4
v -2.5 4.6 0.4
v -2.4 2 0.4
v -2.4 2.3 0.4
v -2.4 2.9 0.4
v -2.4 3 0.4
v -2.4 3.5 0.4
v -2.4 3.6 0.4
v -2.4 4.2 0.4
v -2.4 4.5 0.4
v -2.3 2 0.4
v -2.3 2.3 0.4
v -2.2 1.8 0.4
v -2.2 1.9 0.4
v -2.2 2.4 0.4
v -2.2 2.5 0.4
v -2.1 0.1 0.4
v -2.1 0.6 0.4
v -2.1 2.5 0.4
v -2.1 2.8 0.4
v -2.1 2.9 0.4
v -2.1 3 0.4
v -2.1 3.5 0.4
v -2.1 3.6 0.4
v -2.1 3.9 0.4
v -2.1 4.2 0.4
v -2.1 4.5 0.4
v -2 0.1 0.4
v -2 0.6 0.4
v -2 2.4 0.4
v -2 2.8 0.4
v -2 3.1 0.4
v -2 3.4 0.4
v -2 3.6 0.4
v -2 3.9 0.4
v -2 4.1 0.4
v -2 4.6 0.4
v -1.9 1.8 0.4
v -1.9 1.9 0.4
v -1.9 3.1 0.4
v -1.9 3.4 0.4
v -1.9 3.5 0.4
v -1.9 4 0.4
v -1.9 4.1 0.4
v -1.8 2 0.4
v -1.8 2.4 0.4
v -1.8 2.9 0.4
v -1.8 3 0.4
v -1.8 4.6 0.4
v -1.8 5.1 0.4
v -1.7 1.6 0.4
v -1.7 1.9 0.4
v -1.7 2 0.4
v -1.7 2.3 0.4
v -1.7 4.7 0.4
v -1.7 5 0.4
v -1.6 1.6 0.4
v -1.6 1.9 0.4
v -1.6 2.3 0.4
v -1.6 2.4 0.4
v -1.6 2.9 0.4
v -1.6 3 0.4
v -1.6 3.4 0.4
v -1.6 3.5 0.4
v -1.6 4 0.4
v -1.6 4.1 0.4
v -1.5 1.4 0.4
v -1.5 1.5 0.4
v -1.5 2 0.4
v -1.5 2.1 0.4
v -1.5 2.6 0.4
v -1.5 2.8 0.4
v -1.5 3.6 0.4
v -1.5 3.9 0.4
v -1.4 2.1 0.4
v -1.4 2.4 0.4
v -1.4 2.5 0.4
v -1.4 2.6 0.4
v -1.4 2.8 0.4
v -1.4 3.1 0.4
v -1.4 3.4 0.4
v -1.4 3.6 0.4
v -1.4 3.9 0.4
v -1.4 4.7 0.4
v -1.4 5 0.4
v -1.3 2 0.4
v -1.3 2.4 0.4
v -1.3 2.5 0.4
v -1.3 3.1 0.4
v -1.3 3.4 0.4
v -1.3 4.2 0.4
v -1.3 4.5 0.4
v -1.3 4.6 0.4
v -1.3 5.1 0.4
v -1.2 1.4 0.4
v -1.2 1.5 0.4
v -1.2 2.5 0.4
v -1.2 2.6 0.4
v -1.2 2.9 0.4
v -1.2 3 0.4
v -1.2 3.5 0.4
v -1.2 3.6 0.4
v -1.2 4.2 0.4
v -1.2 4.5 0.4
v -1.1 1.6 0.4
v -1.1 2 0.4
v -1.1 2.5 0.4
v -1.1 2.6 0.4
v -1.1 4 0.4
v -1.1 4.1 0.4
v -1.1 4.6 0.4
v -1.1 4.7 0.4
v -1 1 0.4
v -1 1.1 0.4
v -1 1.6 0.4
v -1 1.9 0.4
v -1 2.6 0.4
v -1 2.9 0.4
v -1 4.8 0.4
v -1 4.9 0.4
v -0.9 1 0.4
v -0.9 1.1 0.4
v -0.9 1.9 0.4
v -0.9 2 0.4
v -0.9 2.5 0.4
v -0.9 2.6 0.4
v -0.9 2.9 0.4
v -0.9 3 0.4
v -0.9 3.5 0.4
v -0.9 3.6 0.4
v -0.9 4.7 0.4
v -0.9 4.8 0.4
v -0.9 4.9 0.4
v -0.8 3.1 0.4
v -0.8 3.4 0.4
v -0.8 4 0.4
v -0.8 4.1 0.4
v -0.7 1 0.4
v -0.7 1.2 0.4
v -0.7 2.2 0.4
v -0.7 2.3 0.4
v -0.7 3.1 0.4
v -0.7 3.3 0.4
v -0.7 3.4 0.4
v -0.7 3.6 0.4
v -0.7 4.1 0.4
v -0.7 4.6 0.4
v -0.7 4.7 0.4
v -0.6 1.3 0.4
v -0.6 2.2 0.4
v -0.6 3.2 0.4
v -0.6 3.3 0.4
v -0.6 3.6 0.4
v -0.6 3.7 0.4
v -0.5 1.1 0.4
v -0.5 1.2 0.4
v -0.5 1.3 0.4
v -0.5 2.3 0.4
v -0.5 2.4 0.4
v -0.5 3 0.4
v -0.5 3.1 0.4
v -0.5 3.2 0.4
v -0.5 3.7 0.4
v -0.5 3.8 0.4
v -0.4 2.4 0.4
v -0.4 2.5 0.4
v -0.4 3 0.4
v -0.4 3.1 0.4
v -0.4 3.8 0.4
v -0.4 4.3 0.4
v -0.4 4.7 0.4
v -0.4 4.8 0.4
v -0.4 5.3 0.4
v -0.4 5.4 0.4
v -0.3 1 0.4
v -0.3 1.1 0.4
v -0.3 1.2 0.4
v -0.3 2.5 0.4
v -0.3 4.3 0.4
v -0.3 4.4 0.4
v -0.3 4.7 0.4
v -0.3 4.8 0.4
v -0.2 1 0.4
v -0.2 1.2 0.4
v -0.2 1.7 0.4
v -0.2 2 0.4
v -0.2 2.5 0.4
v -0.2 2.6 0.4
v -0.2 3.1 0.4
v -0.2 3.2 0.4
v -0.2 3.7 0.4
v -0.2 3.8 0.4
v -0.0999999 1.7 0.4
v -0.0999999 2 0.4
v -0.0999999 3.2 0.4
v -0.0999999 3.7 0.4
v -0.0999999 4.7 0.4
v -0.0999999 4.8 0.4
v -0.0999999 5.3 0.4
v -0.0999999 5.4 0.4
v 2.38419e-07 1.5 0.4
v 2.38419e-07 1.6 0.4
v 2.38419e-07 2.1 0.4
v 2.38419e-07 2.2 0.4
v 2.38419e-07 2.5 0.4
v 2.38419e-07 2.6 0.4
v 2.38419e-07 3.1 0.4
v 2.38419e-07 3.2 0.4
v 2.38419e-07 3.7 0.4
v 2.38419e-07 3.8 0.4
v 2.38419e-07 4.3 0.4
v 2.38419e-07 4.4 0.4
v 2.38419e-07 4.9 0.4
v 2.38419e-07 5.2 0.4
v 0.1 2.5 0.4
v 0.1 2.6 0.4
v 0.1 3.1 0.4
v 0.1 3.2 0.4
v 0.1 3.9 0.4
v 0.1 4.2 0.4
v 0.1 4.9 0.4
v 0.1 5.2 0.4
v 0.2 3.9 0.4
v 0.2 4.1 0.4
v 0.2 4.2 0.4
v 0.2 4.4 0.4
v 0.3 1.5 0.4
v 0.3 1.6 0.4
v 0.3 2.1 0.4
v 0.3 2.2 0.4
v 0.3 4.4 0.4
v 0.3 4.6 0.4
v 0.4 0.6 0.4
v 0.4 1 0.4
v 0.4 1.7 0.4
v 0.4 2.1 0.4
v 0.4 2.3 0.4
v 0.4 2.5 0.4
v 0.4 2.6 0.4
v 0.4 3.2 0.4
v 0.4 3.3 0.4
v 0.4 4.2 0.4
v 0.4 4.6 0.4
v 0.5 0.6 0.4
v 0.5 1 0.4
v 0.5 1.7 0.4
v 0.5 1.9 0.4
v 0.5 2.3 0.4
v 0.5 2.7 0.4
v 0.5 3.1 0.4
v 0.5 3.3 0.4
v 0.5 3.4 0.4
v 0.5 4.7 0.4
v 0.5 4.8 0.4
v 0.6 1.8 0.4
v 0.6 1.9 0.4
v 0.6 2.4 0.4
v 0.6 2.5 0.4
v 0.6 2.7 0.4
v 0.6 3 0.4
v 0.6 3.4 0.4
v 0.7 2.9 0.4
v 0.7 3 0.4
v 0.7 3.5 0.4
v 0.7 3.6 0.4
v 0.7 4.8 0.4
v 0.7 4.9 0.4
v 0.8 3.6 0.4
v 0.8 3.7 0.4
v 0.8 4.1 0.4
v 0.8 4.2 0.4
v 0.9 1.8 0.4
v 0.9 1.9 0.4
v 0.9 2.5 0.4
v 0.9 2.6 0.4
v 0.9 3.5 0.4
v 0.9 3.7 0.4
v 0.9 4.3 0.4
v 0.9 4.7 0.4
v 0.9 4.9 0.4
v 0.9 5.4 0.4
v 1 2 0.4
v 1 2.1 0.4
v 1 2.4 0.4
v 1 2.6 0.4
v 1 2.9 0.4
v 1 3 0.4
v 1 3.8 0.4
v 1 3.9 0.4
v 1 4.3 0.4
v 1 4.9 0.4
v 1 5 0.4
v 1 5.3 0.4
v 1.1 2.7 0.4
v 1.1 2.8 0.4
v 1.1 3.1 0.4
v 1.1 3.3 0.4
v 1.2 3.1 0.4
v 1.2 3.2 0.4
v 1.3 2.7 0.4
v 1.3 2.8 0.4
v 1.3 3.2 0.4
v 1.3 3.3 0.4
v 1.3 3.8 0.4
v 1.3 3.9 0.4
v 1.3 4 0.4
v 1.3 4.3 0.4
v 1.3 5 0.4
v 1.3 5.3 0.4
v 1.4 2 0.4
v 1.4 2.1 0.4
v 1.4 2.9 0.4
v 1.4 3 0.4
v 1.4 3.4 0.4
v 1.4 3.7 0.4
v 1.4 4 0.4
v 1.4 4.3 0.4
v 1.4 4.9 0.4
v 1.4 5.4 0.4
v 1.5 2.2 0.4
v 1.5 2.4 0.4
v 1.5 3.4 0.4
v 1.5 3.7 0.4
v 1.5 3.8 0.4
v 1.5 3.9 0.4
v 1.5 4.4 0.4
v 1.5 4.5 0.4
v 1.6 0.1 0.4
v 1.6 0.6 0.4
v 1.6 2.2 0.4
v 1.6 2.3 0.4
v 1.7 0.1 0.4
v 1.7 0.6 0.4
v 1.7 2.3 0.4
v 1.7 2.4 0.4
v 1.7 2.9 0.4
v 1.7 3 0.4
v 1.8 2.5 0.4
v 1.8 2.8 0.4
v 1.8 2.9 0.4
v 1.8 3.2 0.4
v 1.8 3.8 0.4
v 1.8 3.9 0.4
v 1.8 4.4 0.4
v 1.8 4.5 0.4
v 1.9 2.5 0.4
v 1.9 2.8 0.4
v 1.9 2.9 0.4
v 1.9 3.2 0.4
v 1.9 4 0.4
v 1.9 4.3 0.4
v 2 2.7 0.4
v 2 2.8 0.4
v 2 3.3 0.4
v 2 3.4 0.4
v 2 4 0.4
v 2 4.3 0.4
v 2.3 2.7 0.4
v 2.3 2.8 0.4
v 2.3 3.3 0.4
v 2.3 3.4 0.4
v 2.4 2.9 0.4
v 2.4 3.2 0.4
v 2.5 2.9 0.4
v 2.5 3.2 0.4
v -2.6 4.2 0.3
v -2.6 4.5 0.3
v -2.5 4.2 0.3
v -2.5 4.5 0.3
v -2.4 4 0.3
v -2.4 4.1 0.3
v -2.4 4.6 0.3
v -2.4 4.7 0.3
v -2.2 0.1 0.3
v -2.2 0.6 0.3
v -2.1 0.1 0.3
v -2.1 0.6 0.3
v -2.1 4 0.3
v -2.1 4.1 0.3
v -2.1 4.6 0.3
v -2.1 4.7 0.3
v -2 4.2 0.3
v -2 4.5 0.3
v -1.9 4.2 0.3
v -1.9 4.5 0.3
v -1.9 4.7 0.3
v -1.9 5 0.3
v -1.8 4.7 0.3
v -1.8 5 0.3
v -1.7 4.5 0.3
v -1.7 4.6 0.3
v -1.7 5.1 0.3
v -1.7 5.2 0.3
v -1.4 2.4 0.3
v -1.4 2.5 0.3
v -1.4 4.5 0.3
v -1.4 4.6 0.3
v -1.4 5.1 0.3
v -1.4 5.2 0.3
v -1.3 2.4 0.3
v -1.3 2.5 0.3
v -1.3 4.7 0.3
v -1.3 5 0.3
v -1.2 4.7 0.3
v -1.2 5 0.3
v -0.9 1 0.3
v -0.9 1.1 0.3
v -0.8 1 0.3
v -0.8 1.1 0.3
v -0.8 2 0.3
v -0.8 2.1 0.3
v -0.8 3.4 0.3
v -0.8 3.5 0.3
v -0.8 4 0.3
v -0.8 4.1 0.3
v -0.7 1 0.3
v -0.7 2.1 0.3
v -0.7 3.4 0.3
v -0.7 4.1 0.3
v -0.3 1.2 0.3
v -0.3 2.5 0.3
v -0.3 4.4 0.3
v -0.3 4.7 0.3
v -0.2 1 0.3
v -0.2 1.2 0.3
v -0.2 1.7 0.3
v -0.2 2 0.3
v -0.2 2.5 0.3
v -0.2 4.4 0.3
v -0.2 4.7 0.3
v -0.0999999 1 0.3
v -0.0999999 1.2 0.3
v 2.38419e-07 4.6 0.3
v 2.38419e-07 4.8 0.3
v 2.38419e-07 4.9 0.3
v 0.1 4.2 0.3
v 0.1 4.3 0.3
v 0.1 4.5 0.3
v 0.1 4.9 0.3
v 0.2 4 0.3
v 0.2 4.1 0.3
v 0.2 4.2 0.3
v 0.2 4.4 0.3
v 0.3 3.2 0.3
v 0.3 3.4 0.3
v 0.3 4.4 0.3
v 0.3 4.5 0.3
v 0.3 4.6 0.3
v 0.3 4.9 0.3
v 0.4 3.2 0.3
v 0.4 3.3 0.3
v 0.5 3.3 0.3
v 0.5 3.4 0.3
v 0.6 2.9 0.3
v 0.6 3 0.3
v 0.6 4 0.3
v 0.6 4.1 0.3
v 0.6 4.8 0.3
v 0.6 5 0.3
v 0.7 2.9 0.3
v 0.7 3 0.3
v 0.7 4.8 0.3
v 0.7 4.9 0.3
v 0.8 5 0.3
v 0.8 5.3 0.3
v 0.9 4.9 0.3
v 0.9 5.3 0.3
v 1 4.5 0.3
v 1 4.9 0.3
v 1 5.4 0.3
v 1 5.5 0.3
v 1.1 4.5 0.3
v 1.1 4.8 0.3
v 1.3 4.8 0.3
v 1.3 4.9 0.3
v 1.3 5.4 0.3
v 1.3 5.5 0.3
v 1.4 3.7 0.3
v 1.4 3.8 0.3
v 1.4 5 0.3
v 1.4 5.3 0.3
v 1.5 3.7 0.3
v 1.5 3.8 0.3
v 1.5 5 0.3
v 1.5 5.3 0.3
v -2.3 0.1 0.2
v -2.3 0.6 0.2
v -2.3 3.9 0.2
v -2.3 4 0.2
v -2.2 0.1 0.2
v -2.2 0.6 0.2
v -2.2 3.7 0.2
v -2.2 3.9 0.2
v -2.1 2.8 0.2
v -2.1 2.9 0.2
v -2.1 3 0.2
v -2.1 3.7 0.2
v -2.1 3.9 0.2
v -2.1 4 0.2
v -2.1 4.1 0.2
v -2 2.8 0.2
v -2 2.9 0.2
v -2 3 0.2
v -2 3.1 0.2
v -2 3.9 0.2
v -2 4 0.2
v -2 4.1 0.2
v -1.9 1.7 0.2
v -1.9 1.8 0.2
v -1.9 1.9 0.2
v -1.9 2.9 0.2
v -1.9 3 0.2
v -1.9 3.1 0.2
v -1.8 1.9 0.2
v -1.8 2 0.2
v -1.7 1.7 0.2
v -1.7 1.9 0.2
v -1.7 2 0.2
v -1.5 2.4 0.2
v -1.5 2.5 0.2
v -1.5 3.5 0.2
v -1.5 3.6 0.2
v -1.5 4.4 0.2
v -1.5 4.5 0.2
v -1.4 2.4 0.2
v -1.4 2.5 0.2
v -1.4 3.4 0.2
v -1.4 3.5 0.2
v -1.4 3.6 0.2
v -1.4 3.7 0.2
v -1.4 4.3 0.2
v -1.4 4.4 0.2
v -1.4 4.5 0.2
v -1.4 4.6 0.2
v -1.3 3.4 0.2
v -1.3 3.5 0.2
v -1.3 4.3 0.2
v -1.3 4.5 0.2
v -1.3 4.6 0.2
v -1.2 1.4 0.2
v -1.2 1.5 0.2
v -1.2 3.5 0.2
v -1.2 3.6 0.2
v -1.2 3.7 0.2
v -1.2 4.5 0.2
v -1.2 4.6 0.2
v -1.1 1.3 0.2
v -1.1 1.4 0.2
v -1.1 1.5 0.2
v -1.1 1.6 0.2
v -1.1 2.8 0.2
v -1.1 2.9 0.2
v -1 1.2 0.2
v -1 1.3 0.2
v -1 1.6 0.2
v -1 3.9 0.2
v -1 4 0.2
v -0.9 1.1 0.2
v -0.9 1.2 0.2
v -0.9 1.6 0.2
v -0.9 1.9 0.2
v -0.9 2 0.2
v -0.9 2.8 0.2
v -0.9 2.9 0.2
v -0.9 3.5 0.2
v -0.9 3.6 0.2
v -0.9 3.9 0.2
v -0.8 1.1 0.2
v -0.8 2 0.2
v -0.8 3.5 0.2
v -0.8 4 0.2
v -0.2 1.2 0.2
v -0.2 1.7 0.2
v -0.2 2 0.2
v -0.2 2.5 0.2
v -0.2 4.4 0.2
v -0.2 4.7 0.2
v -0.0999999 1 0.2
v -0.0999999 1.1 0.2
v -0.0999999 1.2 0.2
v -0.0999999 1.6 0.2
v -0.0999999 1.7 0.2
v -0.0999999 2 0.2
v -0.0999999 2.1 0.2
v -0.0999999 2.5 0.2
v -0.0999999 4.4 0.2
v -0.0999999 4.5 0.2
v -0.0999999 4.7 0.2
v -0.0999999 4.8 0.2
v 2.38419e-07 4.3 0.2
v 2.38419e-07 4.4 0.2
v 2.38419e-07 4.6 0.2
v 2.38419e-07 4.8 0.2
v 0.1 4.3 0.2
v 0.1 4.4 0.2
v 0.1 4.5 0.2
v 0.1 4.9 0.2
v 0.1 5 0.2
v 0.2 3.2 0.2
v 0.2 3.3 0.2
v 0.2 3.9 0.2
v 0.2 4 0.2
v 0.3 3.2 0.2
v 0.3 3.3 0.2
v 0.3 4.5 0.2
v 0.3 4.6 0.2
v 0.3 4.9 0.2
v 0.4 1 0.2
v 0.4 1.1 0.2
v 0.4 3.4 0.2
v 0.4 3.5 0.2
v 0.4 4.6 0.2
v 0.4 4.7 0.2
v 0.4 5 0.2
v 0.5 0.6 0.2
v 0.5 1 0.2
v 0.5 1.8 0.2
v 0.5 1.9 0.2
v 0.5 3.9 0.2
v 0.5 4 0.2
v 0.5 4.8 0.2
v 0.5 4.9 0.2
v 0.6 0.6 0.2
v 0.6 1 0.2
v 0.6 1.8 0.2
v 0.6 1.9 0.2
v 0.6 2.8 0.2
v 0.6 2.9 0.2
v 0.6 3.4 0.2
v 0.6 3.5 0.2
v 0.6 4.8 0.2
v 0.6 4.9 0.2
v 0.7 2.8 0.2
v 0.7 2.9 0.2
v 0.7 5 0.2
v 0.7 5.1 0.2
v 0.8 5 0.2
v 0.8 5.1 0.2
v 1.1 4.6 0.2
v 1.1 4.7 0.2
v 1.1 4.8 0.2
v 1.2 4.6 0.2
v 1.2 4.7 0.2
v 1.2 4.8 0.2
v 1.3 0.7 0.2
v 1.3 0.9 0.2
v 1.3 3.8 0.2
v 1.3 3.9 0.2
v 1.4 0.7 0.2
v 1.4 0.9 0.2
v 1.4 3.8 0.2
v 1.4 3.9 0.2
v 1.5 3.4 0.2
v 1.5 3.6 0.2
v 1.5 3.8 0.2
v 1.5 3.9 0.2
v 1.6 3.4 0.2
v 1.6 3.6 0.2
v 1.6 3.8 0.2
v 1.8 2.8 0.2
v 1.8 2.9 0.2
v 1.9 2.7 0.2
v 1.9 2.8 0.2
v 1.9 2.9 0.2
v 2 2.7 0.2
v 2 2.8 0.2
v -1 2.7 0.0999999
v -1 2.8 0.0999999
v -1 4.7 0.0999999
v -1 4.8 0.0999999
v -0.9 2.7 0.0999999
v -0.9 2.8 0.0999999
v -0.9 4.7 0.0999999
v -0.9 4.8 0.0999999
v -0.9 5.2 0.0999999
v -0.9 5.3 0.0999999
v -0.8 5.2 0.0999999
v -0.8 5.3 0.0999999
v 2.38419e-07 4.4 0.0999999
v 2.38419e-07 4.5 0.0999999
v 0.1 4.4 0.0999999
v 0.1 4.5 0.0999999
v 0.1 5 0.0999999
v 0.1 5.1 0.0999999
v 0.3 5 0.0999999
v 0.3 5.1 0.0999999
v 0.4 1 0.0999999
v 0.4 1.1 0.0999999
v 0.4 4.7 0.0999999
v 0.4 4.9 0.0999999
v 0.5 4.7 0.0999999
v 0.5 4.9 0.0999999
v 0.6 0.6 0.0999999
v 0.6 1 0.0999999
v 0.6 1.1 0.0999999
v 0.7 0.7 0.0999999
v 0.7 1 0.0999999
v 0.8 0.6 0.0999999
v 0.8 0.7 0.0999999
v 1.2 3.9 0.0999999
v 1.2 4 0.0999999
v 1.3 0.6 0.0999999
v 1.3 0.7 0.0999999
v 1.3 4 0.0999999
v 1.4 0.7 0.0999999
v 1.4 3.3 0.0999999
v 1.4 3.4 0.0999999
v 1.4 3.9 0.0999999
v 1.4 4 0.0999999
v 1.5 3.3 0.0999999
v 1.5 3.4 0.0999999
v 1.6 3.5 0.0999999
v 1.6 3.6 0.0999999
v 1.6 3.8 0.0999999
v 1.7 0.1 0.0999999
v 1.7 0.6 0.0999999
v 1.7 3.5 0.0999999
v 1.7 3.8 0.0999999
v 1.8 0.1 0.0999999
v 1.8 0.6 0.0999999
v 1.8 0.7 0.0999999
v -2 0.7 -2.38419e-07
v -2 0.9 -2.38419e-07
v -1.9 0.7 -2.38419e-07
v -1.9 0.9 -2.38419e-07
v -1.1 4.6 -2.38419e-07
v -1.1 4.8 -2.38419e-07
v -1 4.6 -2.38419e-07
v -1 4.8 -2.38419e-07
v -1 4.9 -2.38419e-07
v -1 5.2 -2.38419e-07
v -0.9 4.9 -2.38419e-07
v -0.9 5.2 -2.38419e-07
v -0.8 5.3 -2.38419e-07
v -0.8 5.4 -2.38419e-07
v -0.5 5.3 -2.38419e-07
v -0.5 5.4 -2.38419e-07
v 0.8 0.6 -2.38419e-07
v 0.8 0.7 -2.38419e-07
v 1.3 0.6 -2.38419e-07
v 1.3 0.7 -2.38419e-07
v 1.3 0.8 -2.38419e-07
v 1.3 1 -2.38419e-07
v 1.4 0.8 -2.38419e-07
v 1.4 1 -2.38419e-07
v 1.8 0.1 -2.38419e-07
v 1.8 0.6 -2.38419e-07
v 1.9 0.1 -2.38419e-07
v 1.9 0.6 -2.38419e-07
v -2 0.6 -0.1
v -2 0.7 -0.1
v -1.9 0.6 -0.1
v -1.9 0.7 -0.1
v -0.4 5.2 -0.1
v -0.4 5.3 -0.1
v -0.0999999 5 -0.1
v -0.0999999 5.2 -0.1
v 2.38419e-07 5 -0.1
v 2.38419e-07 5.1 -0.1
v 2.38419e-07 5.3 -0.1
v 1.9 0.1 -0.1
v 1.9 0.2 -0.1
v 2 0.1 -0.1
v 2 0.2 -0.1
v -2 0.8 -0.2
v -2 1 -0.2
v -1.9 0.8 -0.2
v -1.9 1 -0.2
v -0.4 5.3 -0.2
v -0.4 5.4 -0.2
v -0.3 2.9 -0.2
v -0.3 3.2 -0.2
v -0.2 2.9 -0.2
v -0.2 3.2 -0.2
v -0.0999999 5.3 -0.2
v -0.0999999 5.4 -0.2
v 2.38419e-07 5.1 -0.2
v 2.38419e-07 5.2 -0.2
v 0.1 5.1 -0.2
v 0.1 5.2 -0.2
v 1.3 0.8 -0.2
v 1.3 0.9 -0.2
v 1.4 0.8 -0.2
v 1.4 0.9 -0.2
v 2 0.1 -0.2
v 2 0.2 -0.2
v 2.1 0.1 -0.2
v 2.1 0.2 -0.2
v -0.6 3.4 -0.3
v -0.6 3.5 -0.3
v -0.6 3.7 -0.3
v -0.6 4 -0.3
v -0.5 2.8 -0.3
v -0.5 2.9 -0.3
v -0.3 2.8 -0.3
v -0.3 2.9 -0.3
v -0.3 3.4 -0.3
v -0.3 3.5 -0.3
v -0.3 3.7 -0.3
v -0.3 4 -0.3
v -0.2 3 -0.3
v -0.2 3.3 -0.3
v -0.0999999 3 -0.3
v -0.0999999 3.3 -0.3
v 1.8 0.1 -0.3
v 1.8 0.6 -0.3
v 1.9 0.1 -0.3
v 1.9 0.2 -0.3
v 1.9 0.6 -0.3
v 2.1 0.1 -0.3
v 2.1 0.2 -0.3
v 2.2 0.1 -0.3
v 2.2 0.2 -0.3
v -2 0.8 -0.4
v -2 0.9 -0.4
v -1.9 0.8 -0.4
v -1.9 0.9 -0.4
v -0.7 3.6 -0.4
v -0.7 4.1 -0.4
v -0.6 3.5 -0.4
v -0.6 3.6 -0.4
v -0.6 3.7 -0.4
v -0.6 4 -0.4
v -0.5 3.5 -0.4
v -0.5 3.6 -0.4
v -0.5 3.7 -0.4
v -0.3 3.7 -0.4
v -0.3 4 -0.4
v -0.2 3.6 -0.4
v -0.2 4.1 -0.4
v 1.2 0.7 -0.4
v 1.2 0.9 -0.4
v 1.3 0.7 -0.4
v 1.3 0.9 -0.4
v 2.2 0.1 -0.4
v 2.2 0.2 -0.4
v 2.3 0.1 -0.4
v 2.3 0.2 -0.4
v -0.8 3.7 -0.5
v -0.8 4 -0.5
v -0.7 3.7 -0.5
v -0.7 4 -0.5
v -0.7 4.8 -0.5
v -0.7 4.9 -0.5
v -0.6 4.1 -0.5
v -0.6 4.3 -0.5
v -0.6 4.8 -0.5
v -0.5 3.5 -0.5
v -0.5 3.6 -0.5
v -0.5 4.8 -0.5
v -0.5 4.9 -0.5
v -0.3 3.5 -0.5
v -0.3 3.6 -0.5
v -0.3 4.1 -0.5
v -0.3 4.3 -0.5
v -0.2 3.7 -0.5
v -0.2 4 -0.5
v -0.0999999 3.7 -0.5
v -0.0999999 4 -0.5
v 1.2 0.6 -0.5
v 1.2 0.7 -0.5
v 1.3 0.6 -0.5
v 1.3 0.7 -0.5
v -1.8 0.7 -0.6
v -1.8 0.9 -0.6
v -1.7 0.7 -0.6
v -1.7 0.9 -0.6
v -1.4 0.7 -0.6
v -1.4 0.9 -0.6
v -1.3 0.7 -0.6
v -1.3 0.9 -0.6
v -1 3.9 -0.6
v -1 4.2 -0.6
v -0.8 3.9 -0.6
v -0.8 4 -0.6
v -0.8 4.7 -0.6
v -0.8 5.2 -0.6
v -0.7 4 -0.6
v -0.7 4.1 -0.6
v -0.7 4.2 -0.6
v -0.7 4.4 -0.6
v -0.7 4.8 -0.6
v -0.7 5.1 -0.6
v -0.6 4.1 -0.6
v -0.6 4.3 -0.6
v -0.5 5.1 -0.6
v -0.5 5.2 -0.6
v -0.3 4.1 -0.6
v -0.3 4.3 -0.6
v -0.3 4.7 -0.6
v -0.3 4.8 -0.6
v -0.2 4.1 -0.6
v -0.2 4.4 -0.6
v 1.2 0.8 -0.6
v 1.2 1 -0.6
v 1.3 0.8 -0.6
v 1.3 1 -0.6
v -1.8 0.6 -0.7
v -1.8 0.7 -0.7
v -1.7 0.6 -0.7
v -1.7 0.7 -0.7
v -1.4 0.6 -0.7
v -1.4 0.7 -0.7
v -1.3 0.6 -0.7
v -1.3 0.7 -0.7
v -1.1 3.8 -0.7
v -1.1 4.3 -0.7
v -1 3.9 -0.7
v -1 4.2 -0.7
v -0.9 4.8 -0.7
v -0.9 5.1 -0.7
v -0.8 3.8 -0.7
v -0.8 3.9 -0.7
v -0.8 4.8 -0.7
v -0.8 5.1 -0.7
v -0.7 4.2 -0.7
v -0.7 4.3 -0.7
v -0.7 4.6 -0.7
v -0.7 4.7 -0.7
v -0.7 5.2 -0.7
v -0.7 5.3 -0.7
v -0.6 4.4 -0.7
v -0.6 4.5 -0.7
v -0.4 4.6 -0.7
v -0.4 4.7 -0.7
v -0.4 5.2 -0.7
v -0.4 5.3 -0.7
v -0.3 4.4 -0.7
v -0.3 4.5 -0.7
v -0.3 4.8 -0.7
v -0.3 4.9 -0.7
v -0.2 4 -0.7
v -0.2 4.3 -0.7
v -0.2 4.8 -0.7
v -0.2 4.9 -0.7
v -0.0999999 4 -0.7
v -0.0999999 4.3 -0.7
v -1.8 0.8 -0.8
v -1.8 1 -0.8
v -1.7 0.8 -0.8
v -1.7 1 -0.8
v -1.4 0.8 -0.8
v -1.4 1 -0.8
v -1.3 0.8 -0.8
v -1.3 1 -0.8
v -1.2 3.9 -0.8
v -1.2 4.2 -0.8
v -1.1 3.9 -0.8
v -1.1 4.2 -0.8
v -1 3.7 -0.8
v -1 3.8 -0.8
v -1 4.3 -0.8
v -1 4.4 -0.8
v -0.8 3.7 -0.8
v -0.8 3.8 -0.8
v -0.7 4.3 -0.8
v -0.7 4.4 -0.8
v -0.6 4.5 -0.8
v -0.6 4.6 -0.8
v -0.5 4.5 -0.8
v -0.5 4.6 -0.8
v 1.2 0.8 -0.8
v 1.2 0.9 -0.8
v 1.3 0.8 -0.8
v 1.3 0.9 -0.8
v 0.6 0.7 -0.9
v 0.6 0.9 -0.9
v 0.7 0.6 -0.9
v 0.7 0.7 -0.9
v 0.7 0.8 -0.9
v 0.7 0.9 -0.9
v 0.8 0.8 -0.9
v 0.8 1 -0.9
v 0.9 0.8 -0.9
v 0.9 1 -0.9
v 1 0.6 -0.9
v 1 0.7 -0.9
v 1 0.8 -0.9
v 1 0.9 -0.9
v 1.1 0.7 -0.9
v 1.1 0.9 -0.9
v -1.8 0.8 -1
v -1.8 0.9 -1
v -1.7 0.8 -1
v -1.7 0.9 -1
v -1.4 0.8 -1
v -1.4 0.9 -1
v -1.3 0.8 -1
v -1.3 0.9 -1
v -0.8 0.7 -1.1
v -0.8 0.9 -1.1
v -0.7 0.6 -1.1
v -0.7 0.7 -1.1
v -0.7 0.8 -1.1
v -0.7 0.9 -1.1
v -0.6 0.8 -1.1
v -0.6 1 -1.1
v -0.5 0.8 -1.1
v -0.5 1 -1.1
v -0.4 0.6 -1.1
v -0.4 0.7 -1.1
v -0.4 0.8 -1.1
v -0.4 0.9 -1.1
v -0.3 0.7 -1.1
v -0.3 0.9 -1.1
v -0.2 0.7 -1.1
v -0.2 0.9 -1.1
v -0.0999999 0.6 -1.1
v -0.0999999 0.7 -1.1
v -0.0999999 0.8 -1.1
v -0.0999999 0.9 -1.1
v 2.38419e-07 0.8 -1.1
v 2.38419e-07 1 -1.1
v 0.1 0.8 -1.1
v 0.1 1 -1.1
v 0.2 0.6 -1.1
v 0.2 0.7 -1.1
v 0.2 0.8 -1.1
v 0.2 0.9 -1.1
v 0.3 0.7 -1.1
v 0.3 0.9 -1.1
v 0.3 0.7 -1.3
v 0.3 0.9 -1.3
v 0.4 0.6 -1.3
v 0.4 0.7 -1.3
v 0.4 0.8 -1.3
v 0.4 0.9 -1.3
v 0.5 0.8 -1.3
v 0.5 1 -1.3
v 0.6 0.8 -1.3
v 0.6 1 -1.3
v 0.7 0.6 -1.3
v 0.7 0.7 -1.3
v 0.7 0.8 -1.3
v 0.7 0.9 -1.3
v 0.8 0.7 -1.3
v 0.8 0.9 -1.3
v -0.3 0.7 1.9
v -0.3 0.9 1.9
v -0.2 0.6 1.9
v -0.2 0.7 1.9
v -0.2 0.8 1.9
v -0.2 0.9 1.9
v -0.0999999 0.8 1.9
v -0.0999999 1 1.9
v 2.38419e-07 0.8 1.9
v 2.38419e-07 1 1.9
v 0.1 0.6 1.9
v 0.1 0.7 1.9
v 0.1 0.8 1.9
v 0.1 0.9 1.9
v 0.2 0.7 1.9
v 0.2 0.9 1.9
v -1 0.7 1.5
v -1 0.9 1.5
v -0.9 0.6 1.5
v -0.9 0.7 1.5
v -0.9 0.8 1.5
v -0.9 0.9 1.5
v -0.8 0.8 1.5
v -0.8 1 1.5
v -0.7 0.8 1.5
v -0.7 1 1.5
v -0.6 0.6 1.5
v -0.6 0.7 1.5
v -0.6 0.8 1.5
v -0.6 0.9 1.5
v -0.5 0.7 1.5
v -0.5 0.9 1.5
v 0.4 0.7 1.4
v 0.4 0.9 1.4
v 0.5 0.6 1.4
v 0.5 0.7 1.4
v 0.5 0.8 1.4
v 0.5 0.9 1.4
v 0.6 0.8 1.4
v 0.6 1 1.4
v 0.7 0.8 1.4
v 0.7 1 1.4
v 0.8 0.6 1.4
v 0.8 0.7 1.4
v 0.8 0.8 1.4
v 0.8 0.9 1.4
v 0.9 0.7 1.4
v 0.9 0.9 1.4
v -0.9 4 1.2
v -0.9 4.3 1.2
v -0.9 4.8 1.2
v -0.9 5.1 1.2
v -0.8 4 1.2
v -0.8 4.3 1.2
v -0.8 4.8 1.2
v -0.8 5.1 1.2
v -0.7 3.8 1.2
v -0.7 3.9 1.2
v -0.7 4.4 1.2
v -0.7 4.5 1.2
v -0.7 4.6 1.2
v -0.7 4.7 1.2
v -0.7 5.2 1.2
v -0.7 5.3 1.2
v -0.6 3.8 1.2
v -0.6 3.9 1.2
v -0.6 4.4 1.2
v -0.6 4.5 1.2
v -0.6 4.6 1.2
v -0.6 4.7 1.2
v -0.5 3.8 1.2
v -0.5 3.9 1.2
v -0.5 4.4 1.2
v -0.5 4.5 1.2
v -0.5 4.6 1.2
v -0.5 4.7 1.2
v -0.4 3.8 1.2
v -0.4 3.9 1.2
v -0.4 4.4 1.2
v -0.4 4.5 1.2
v -0.4 4.6 1.2
v -0.4 4.7 1.2
v -0.4 5.2 1.2
v -0.4 5.3 1.2
v -0.3 4 1.2
v -0.3 4.3 1.2
v -0.3 4.8 1.2
v -0.3 5.1 1.2
v -0.2 4 1.2
v -0.2 4.3 1.2
v -0.2 4.8 1.2
v -0.2 5.1 1.2
v -0.8 3.9 1.1
v -0.8 4.4 1.1
v -0.8 4.7 1.1
v -0.8 5.2 1.1
v -0.7 4 1.1
v -0.7 4.3 1.1
v -0.7 4.8 1.1
v -0.7 5.1 1.1
v -0.6 3.9 1.1
v -0.6 4 1.1
v -0.6 4.3 1.1
v -0.6 4.4 1.1
v -0.5 3.9 1.1
v -0.5 4 1.1
v -0.5 4.3 1.1
v -0.5 4.4 1.1
v -0.4 4 1.1
v -0.4 4.3 1.1
v -0.4 4.8 1.1
v -0.4 5.1 1.1
v -0.3 3.9 1.1
v -0.3 4.4 1.1
v -0.3 4.7 1.1
v -0.3 5.2 1.1
v -2.1 0.1 1
v -2.1 0.2 1
v -2 0.1 1
v -2 0.2 1
v -0.7 4 1
v -0.7 4.3 1
v -0.7 4.8 1
v -0.7 5.1 1
v -0.6 4 1
v -0.6 4.1 1
v -0.5 4 1
v -0.5 4.1 1
v -0.4 4 1
v -0.4 4.3 1
v -0.4 4.8 1
v -0.4 5.1 1
v -2 0.1 0.9
v -2 0.2 0.9
v -1.9 0.1 0.9
v -1.9 0.2 0.9
v -0.6 3.9 0.9
v -0.6 4 0.9
v -0.5 3.9 0.9
v -0.5 4 0.9
v -1.9 0.1 0.8
v -1.9 0.2 0.8
v -1.8 0.1 0.8
v -1.8 0.2 0.8
v -1.6 0.8 0.8
v -1.6 0.9 0.8
v -1.5 0.8 0.8
v -1.5 0.9 0.8
v -0.6 3.8 0.8
v -0.6 3.9 0.8
v -0.5 3.8 0.8
v -0.5 3.9 0.8
v 1 0.8 0.8
v 1 0.9 0.8
v 1.1 0.8 0.8
v 1.1 0.9 0.8
v -1.8 0.1 0.7
v -1.8 0.6 0.7
v -1.7 0.1 0.7
v -1.7 0.6 0.7
v -1.7 0.7 0.7
v -1.6 0.6 0.7
v -1.6 0.7 0.7
v -1.5 0.6 0.7
v -1.5 0.7 0.7
v -1.4 0.6 0.7
v -1.4 0.7 0.7
v -1 3.3 0.7
v -1 3.6 0.7
v -0.9 3.3 0.7
v -0.9 3.6 0.7
v -0.8 3.1 0.7
v -0.8 3.2 0.7
v -0.8 3.7 0.7
v -0.8 3.8 0.7
v -0.6 3.1 0.7
v -0.6 3.2 0.7
v -0.5 3.1 0.7
v -0.5 3.2 0.7
v -0.5 3.7 0.7
v -0.5 3.8 0.7
v -1.6 0.8 0.6
v -1.6 1 0.6
v -1.5 0.8 0.6
v -1.5 1 0.6
v -1.4 0.6 0.6
v -1.4 0.8 0.6
v -1.3 0.6 0.6
v -1.3 0.8 0.6
v -0.9 3.2 0.6
v -0.9 3.4 0.6
v -0.9 3.7 0.6
v -0.9 5.5 0.6
v -0.9 5.6 0.6
v -0.8 3.3 0.6
v -0.8 3.6 0.6
v -0.8 5.5 0.6
v -0.8 5.6 0.6
v -0.7 5.7 0.6
v -0.7 5.8 0.6
v -0.6 3.2 0.6
v -0.6 3.3 0.6
v -0.6 3.6 0.6
v -0.6 3.7 0.6
v -0.4 5.7 0.6
v -0.4 5.8 0.6
v -0.3 5.3 0.6
v -0.3 5.6 0.6
v -0.2 5.3 0.6
v -0.2 5.6 0.6
v 1 0.8 0.6
v 1 1 0.6
v 1.1 0.8 0.6
v 1.1 1 0.6
v -1.6 0.6 0.5
v -1.6 0.7 0.5
v -1.5 0.6 0.5
v -1.5 0.7 0.5
v -1.4 0.8 0.5
v -1.4 1 0.5
v -1.3 0.8 0.5
v -1.3 1 0.5
v -1.3 1.1 0.5
v -1.2 1 0.5
v -1.2 1.1 0.5
v -0.8 3.3 0.5
v -0.8 3.5 0.5
v -0.8 3.6 0.5
v -0.8 5.5 0.5
v -0.8 5.7 0.5
v -0.7 3.3 0.5
v -0.7 3.6 0.5
v -0.7 5.5 0.5
v -0.7 5.6 0.5
v -0.4 5.3 0.5
v -0.4 5.6 0.5
v -0.3 5.3 0.5
v -0.3 5.7 0.5
v 1 0.6 0.5
v 1 0.7 0.5
v 1.1 0.6 0.5
v 1.1 0.7 0.5
v -1.6 0.7 0.4
v -1.6 0.9 0.4
v -1.5 0.7 0.4
v -1.5 0.9 0.4
v -1.2 1 0.4
v -1.2 1.1 0.4
v -1.1 1 0.4
v -1.1 1.1 0.4
v -1.1 5 0.4
v -1.1 5.3 0.4
v -1 5 0.4
v -1 5.3 0.4
v -0.9 5.4 0.4
v -0.9 5.5 0.4
v -0.7 5.5 0.4
v -0.7 5.6 0.4
v -0.5 5.3 0.4
v -0.5 5.4 0.4
v -0.4 5.3 0.4
v -0.4 5.4 0.4
v -0.4 5.6 0.4
v 1 0.7 0.4
v 1 0.9 0.4
v 1.1 0.7 0.4
v 1.1 0.9 0.4
v -1.1 1 0.3
v -1.1 1.1 0.3
v -1 1 0.3
v -1 1.1 0.3
v -1 2.6 0.3
v -1 2.9 0.3
v -1 5.1 0.3
v -1 5.4 0.3
v -0.9 2.6 0.3
v -0.9 2.9 0.3
v -0.9 5.1 0.3
v -0.9 5.3 0.3
v -0.5 5.3 0.3
v -0.5 5.4 0.3
v -0.0999999 3.3 0.3
v -0.0999999 3.6 0.3
v 2.38419e-07 3.3 0.3
v 2.38419e-07 3.6 0.3
v -1 1 0.2
v -1 1.1 0.2
v -0.9 1 0.2
v -0.9 1.1 0.2
v -0.9 5.2 0.2
v -0.9 5.3 0.2
v -0.8 5.2 0.2
v -0.8 5.3 0.2
v -2.6 3.1 0.0999999
v -2.6 3.4 0.0999999
v -2.5 3.1 0.0999999
v -2.5 3.4 0.0999999
v -2.4 2 0.0999999
v -2.4 2.3 0.0999999
v -2.4 2.9 0.0999999
v -2.4 3 0.0999999
v -2.4 3.5 0.0999999
v -2.4 3.6 0.0999999
v -2.3 2 0.0999999
v -2.3 2.3 0.0999999
v -2.3 3.9 0.0999999
v -2.3 4 0.0999999
v -2.2 1.8 0.0999999
v -2.2 1.9 0.0999999
v -2.2 2.4 0.0999999
v -2.2 2.5 0.0999999
v -2.2 2.9 0.0999999
v -2.2 3 0.0999999
v -2.2 3.7 0.0999999
v -2.2 3.9 0.0999999
v -2.1 2.5 0.0999999
v -2.1 2.8 0.0999999
v -2.1 2.9 0.0999999
v -2.1 3.5 0.0999999
v -2.1 3.6 0.0999999
v -2.1 3.7 0.0999999
v -2.1 4 0.0999999
v -2.1 4.1 0.0999999
v -2 1.8 0.0999999
v -2 1.9 0.0999999
v -2 2.4 0.0999999
v -2 2.8 0.0999999
v -2 2.9 0.0999999
v -2 3 0.0999999
v -2 3.1 0.0999999
v -2 3.4 0.0999999
v -2 3.6 0.0999999
v -2 4 0.0999999
v -2 4.1 0.0999999
v -1.9 1.7 0.0999999
v -1.9 1.8 0.0999999
v -1.9 3 0.0999999
v -1.9 3.1 0.0999999
v -1.9 3.4 0.0999999
v -1.9 3.5 0.0999999
v -1.8 1.9 0.0999999
v -1.8 2 0.0999999
v -1.8 2.4 0.0999999
v -1.8 2.9 0.0999999
v -1.8 3 0.0999999
v -1.8 4 0.0999999
v -1.8 4.1 0.0999999
v -1.7 1.6 0.0999999
v -1.7 1.7 0.0999999
v -1.7 1.9 0.0999999
v -1.7 2 0.0999999
v -1.7 2.3 0.0999999
v -1.6 1.6 0.0999999
v -1.6 1.9 0.0999999
v -1.6 2.3 0.0999999
v -1.6 2.4 0.0999999
v -1.6 2.9 0.0999999
v -1.6 3 0.0999999
v -1.6 3.4 0.0999999
v -1.6 3.5 0.0999999
v -1.6 4 0.0999999
v -1.6 4.1 0.0999999
v -1.5 1.4 0.0999999
v -1.5 1.5 0.0999999
v -1.5 2 0.0999999
v -1.5 2.1 0.0999999
v -1.5 2.4 0.0999999
v -1.5 2.6 0.0999999
v -1.5 2.8 0.0999999
v -1.5 3.6 0.0999999
v -1.5 3.8 0.0999999
v -1.5 3.9 0.0999999
v -1.5 4.4 0.0999999
v -1.5 4.5 0.0999999
v -1.4 2.1 0.0999999
v -1.4 2.3 0.0999999
v -1.4 2.4 0.0999999
v -1.4 2.6 0.0999999
v -1.4 2.8 0.0999999
v -1.4 3.1 0.0999999
v -1.4 3.3 0.0999999
v -1.4 3.4 0.0999999
v -1.4 3.7 0.0999999
v -1.4 3.8 0.0999999
v -1.4 3.9 0.0999999
v -1.4 4.3 0.0999999
v -1.4 4.4 0.0999999
v -1.4 4.5 0.0999999
v -1.4 4.6 0.0999999
v -1.3 2 0.0999999
v -1.3 2.3 0.0999999
v -1.3 2.5 0.0999999
v -1.3 3.1 0.0999999
v -1.3 3.3 0.0999999
v -1.3 3.4 0.0999999
v -1.3 3.5 0.0999999
v -1.3 3.6 0.0999999
v -1.3 4.2 0.0999999
v -1.3 4.3 0.0999999
v -1.3 4.6 0.0999999
v -1.2 1.4 0.0999999
v -1.2 1.5 0.0999999
v -1.2 2.5 0.0999999
v -1.2 2.6 0.0999999
v -1.2 3.5 0.0999999
v -1.2 3.6 0.0999999
v -1.2 3.7 0.0999999
v -1.2 4.2 0.0999999
v -1.2 4.3 0.0999999
v -1.2 4.6 0.0999999
v -1.1 1.3 0.0999999
v -1.1 1.4 0.0999999
v -1.1 1.5 0.0999999
v -1.1 1.7 0.0999999
v -1.1 2 0.0999999
v -1.1 4 0.0999999
v -1.1 4.1 0.0999999
v -1.1 4.6 0.0999999
v -1.1 4.7 0.0999999
v -1 1.2 0.0999999
v -1 1.3 0.0999999
v -1 1.6 0.0999999
v -1 1.7 0.0999999
v -1 1.9 0.0999999
v -1 3.9 0.0999999
v -1 4 0.0999999
v -1 4.6 0.0999999
v -1 4.7 0.0999999
v -1 4.9 0.0999999
v -1 5.1 0.0999999
v -0.9 1.2 0.0999999
v -0.9 1.6 0.0999999
v -0.9 1.9 0.0999999
v -0.9 2 0.0999999
v -0.9 2.5 0.0999999
v -0.9 2.6 0.0999999
v -0.9 3.5 0.0999999
v -0.9 3.6 0.0999999
v -0.9 3.9 0.0999999
v -0.9 4.1 0.0999999
v -0.9 4.9 0.0999999
v -0.9 5.1 0.0999999
v -0.4 5.3 0.0999999
v -0.4 5.4 0.0999999
v -0.0999999 2.5 0.0999999
v -0.0999999 2.6 0.0999999
v -0.0999999 3.1 0.0999999
v -0.0999999 3.2 0.0999999
v -0.0999999 3.7 0.0999999
v -0.0999999 3.8 0.0999999
v -0.0999999 4.3 0.0999999
v -0.0999999 4.4 0.0999999
v -0.0999999 5.3 0.0999999
v -0.0999999 5.4 0.0999999
v 2.38419e-07 1 0.0999999
v 2.38419e-07 1.1 0.0999999
v 2.38419e-07 1.5 0.0999999
v 2.38419e-07 1.6 0.0999999
v 2.38419e-07 2.1 0.0999999
v 2.38419e-07 2.2 0.0999999
v 2.38419e-07 2.5 0.0999999
v 2.38419e-07 2.6 0.0999999
v 2.38419e-07 3.1 0.0999999
v 2.38419e-07 3.2 0.0999999
v 2.38419e-07 3.7 0.0999999
v 2.38419e-07 3.8 0.0999999
v 2.38419e-07 4.3 0.0999999
v 2.38419e-07 4.4 0.0999999
v 2.38419e-07 5.1 0.0999999
v 2.38419e-07 5.2 0.0999999
v 0.1 2.5 0.0999999
v 0.1 2.6 0.0999999
v 0.1 3.1 0.0999999
v 0.1 3.2 0.0999999
v 0.1 3.9 0.0999999
v 0.1 4 0.0999999
v 0.1 5.1 0.0999999
v 0.1 5.2 0.0999999
v 0.2 3.1 0.0999999
v 0.2 3.2 0.0999999
v 0.2 3.9 0.0999999
v 0.2 4 0.0999999
v 0.3 1 0.0999999
v 0.3 1.1 0.0999999
v 0.3 1.5 0.0999999
v 0.3 1.6 0.0999999
v 0.3 2.1 0.0999999
v 0.3 2.2 0.0999999
v 0.4 1.7 0.0999999
v 0.4 1.8 0.0999999
v 0.4 2.1 0.0999999
v 0.4 2.3 0.0999999
v 0.4 2.5 0.0999999
v 0.4 2.6 0.0999999
v 0.5 1.7 0.0999999
v 0.5 1.8 0.0999999
v 0.5 1.9 0.0999999
v 0.5 2.1 0.0999999
v 0.5 2.3 0.0999999
v 0.5 2.7 0.0999999
v 0.5 2.8 0.0999999
v 0.6 1.8 0.0999999
v 0.6 1.9 0.0999999
v 0.6 2.4 0.0999999
v 0.6 2.5 0.0999999
v 0.6 2.7 0.0999999
v 0.6 2.8 0.0999999
v 0.7 3.5 0.0999999
v 0.7 3.6 0.0999999
v 0.7 4.1 0.0999999
v 0.7 4.2 0.0999999
v 0.8 2.9 0.0999999
v 0.8 3 0.0999999
v 0.8 3.6 0.0999999
v 0.8 3.7 0.0999999
v 0.8 4.1 0.0999999
v 0.8 4.2 0.0999999
v 0.9 1.8 0.0999999
v 0.9 1.9 0.0999999
v 0.9 2.4 0.0999999
v 0.9 2.5 0.0999999
v 0.9 2.6 0.0999999
v 0.9 3.5 0.0999999
v 0.9 3.7 0.0999999
v 0.9 4.3 0.0999999
v 0.9 4.4 0.0999999
v 1 2 0.0999999
v 1 2.1 0.0999999
v 1 2.4 0.0999999
v 1 2.5 0.0999999
v 1 2.6 0.0999999
v 1 2.9 0.0999999
v 1 3 0.0999999
v 1 3.8 0.0999999
v 1 3.9 0.0999999
v 1 4.3 0.0999999
v 1 4.4 0.0999999
v 1.1 2.7 0.0999999
v 1.1 2.8 0.0999999
v 1.1 3.1 0.0999999
v 1.1 3.3 0.0999999
v 1.1 3.8 0.0999999
v 1.1 3.9 0.0999999
v 1.2 3.1 0.0999999
v 1.2 3.2 0.0999999
v 1.3 0.8 0.0999999
v 1.3 0.9 0.0999999
v 1.3 2.7 0.0999999
v 1.3 2.8 0.0999999
v 1.3 3.2 0.0999999
v 1.3 3.3 0.0999999
v 1.3 4 0.0999999
v 1.3 4.3 0.0999999
v 1.4 0.8 0.0999999
v 1.4 0.9 0.0999999
v 1.4 2 0.0999999
v 1.4 2.1 0.0999999
v 1.4 2.9 0.0999999
v 1.4 3 0.0999999
v 1.4 4 0.0999999
v 1.4 4.3 0.0999999
v 1.5 2.2 0.0999999
v 1.5 2.3 0.0999999
v 1.5 2.4 0.0999999
v 1.5 4.4 0.0999999
v 1.5 4.5 0.0999999
v 1.6 2.2 0.0999999
v 1.6 2.3 0.0999999
v 1.6 2.4 0.0999999
v 1.6 3.8 0.0999999
v 1.6 3.9 0.0999999
v 1.7 2.3 0.0999999
v 1.7 2.4 0.0999999
v 1.7 2.9 0.0999999
v 1.7 3 0.0999999
v 1.7 3.8 0.0999999
v 1.7 3.9 0.0999999
v 1.8 2.5 0.0999999
v 1.8 2.7 0.0999999
v 1.8 2.9 0.0999999
v 1.8 3.2 0.0999999
v 1.8 3.8 0.0999999
v 1.8 3.9 0.0999999
v 1.8 4.4 0.0999999
v 1.8 4.5 0.0999999
v 1.9 2.5 0.0999999
v 1.9 2.7 0.0999999
v 1.9 2.8 0.0999999
v 1.9 2.9 0.0999999
v 1.9 3.2 0.0999999
v 1.9 4 0.0999999
v 1.9 4.3 0.0999999
v 2 3.3 0.0999999
v 2 3.4 0.0999999
v 2 4 0.0999999
v 2 4.3 0.0999999
v 2.1 2.7 0.0999999
v 2.1 2.8 0.0999999
v 2.3 2.7 0.0999999
v 2.3 2.8 0.0999999
v 2.3 3.3 0.0999999
v 2.3 3.4 0.0999999
v 2.4 2.9 0.0999999
v 2.4 3.2 0.0999999
v 2.5 2.9 0.0999999
v 2.5 3.2 0.0999999
v -2.6 4.2 -2.38419e-07
v -2.6 4.5 -2.38419e-07
v -2.5 3 -2.38419e-07
v -2.5 3.5 -2.38419e-07
v -2.5 4.2 -2.38419e-07
v -2.5 4.5 -2.38419e-07
v -2.4 3.1 -2.38419e-07
v -2.4 3.4 -2.38419e-07
v -2.4 4 -2.38419e-07
v -2.4 4.1 -2.38419e-07
v -2.4 4.6 -2.38419e-07
v -2.4 4.7 -2.38419e-07
v -2.3 1.9 -2.38419e-07
v -2.3 2.4 -2.38419e-07
v -2.2 2 -2.38419e-07
v -2.2 2.3 -2.38419e-07
v -2.1 3.1 -2.38419e-07
v -2.1 3.4 -2.38419e-07
v -2.1 4 -2.38419e-07
v -2.1 4.1 -2.38419e-07
v -2.1 4.6 -2.38419e-07
v -2.1 4.7 -2.38419e-07
v -2 2.4 -2.38419e-07
v -2 2.9 -2.38419e-07
v -2 3 -2.38419e-07
v -2 3.5 -2.38419e-07
v -2 4 -2.38419e-07
v -2 4.2 -2.38419e-07
v -2 4.5 -2.38419e-07
v -1.9 2 -2.38419e-07
v -1.9 2.3 -2.38419e-07
v -1.9 2.5 -2.38419e-07
v -1.9 2.8 -2.38419e-07
v -1.9 3.6 -2.38419e-07
v -1.9 4 -2.38419e-07
v -1.9 4.1 -2.38419e-07
v -1.9 4.2 -2.38419e-07
v -1.9 4.5 -2.38419e-07
v -1.9 4.7 -2.38419e-07
v -1.9 5 -2.38419e-07
v -1.8 1.9 -2.38419e-07
v -1.8 2.4 -2.38419e-07
v -1.8 4 -2.38419e-07
v -1.8 4.1 -2.38419e-07
v -1.8 4.7 -2.38419e-07
v -1.8 5 -2.38419e-07
v -1.7 3.9 -2.38419e-07
v -1.7 4 -2.38419e-07
v -1.7 4.5 -2.38419e-07
v -1.7 4.6 -2.38419e-07
v -1.7 5.1 -2.38419e-07
v -1.7 5.2 -2.38419e-07
v -1.6 1.5 -2.38419e-07
v -1.6 2 -2.38419e-07
v -1.6 2.5 -2.38419e-07
v -1.6 2.8 -2.38419e-07
v -1.6 3.5 -2.38419e-07
v -1.6 3.6 -2.38419e-07
v -1.6 3.7 -2.38419e-07
v -1.6 3.9 -2.38419e-07
v -1.5 1.6 -2.38419e-07
v -1.5 1.9 -2.38419e-07
v -1.5 2.4 -2.38419e-07
v -1.5 2.9 -2.38419e-07
v -1.5 3.5 -2.38419e-07
v -1.5 3.6 -2.38419e-07
v -1.5 3.7 -2.38419e-07
v -1.5 4 -2.38419e-07
v -1.4 3.4 -2.38419e-07
v -1.4 3.5 -2.38419e-07
v -1.4 4.5 -2.38419e-07
v -1.4 4.6 -2.38419e-07
v -1.4 5.1 -2.38419e-07
v -1.4 5.2 -2.38419e-07
v -1.3 2 -2.38419e-07
v -1.3 2.5 -2.38419e-07
v -1.3 3 -2.38419e-07
v -1.3 3.3 -2.38419e-07
v -1.3 3.4 -2.38419e-07
v -1.3 3.5 -2.38419e-07
v -1.3 3.6 -2.38419e-07
v -1.3 4.7 -2.38419e-07
v -1.3 5 -2.38419e-07
v -1.2 1.6 -2.38419e-07
v -1.2 1.9 -2.38419e-07
v -1.2 2.1 -2.38419e-07
v -1.2 2.4 -2.38419e-07
v -1.2 3 -2.38419e-07
v -1.2 3.3 -2.38419e-07
v -1.2 3.4 -2.38419e-07
v -1.2 3.5 -2.38419e-07
v -1.2 4.1 -2.38419e-07
v -1.2 4.6 -2.38419e-07
v -1.2 4.7 -2.38419e-07
v -1.2 5 -2.38419e-07
v -1.1 1.5 -2.38419e-07
v -1.1 2 -2.38419e-07
v -1.1 4.2 -2.38419e-07
v -1.1 4.6 -2.38419e-07
v -0.9 1 -2.38419e-07
v -0.9 2 -2.38419e-07
v -0.9 2.1 -2.38419e-07
v -0.9 2.2 -2.38419e-07
v -0.9 2.4 -2.38419e-07
v -0.9 2.5 -2.38419e-07
v -0.9 3.4 -2.38419e-07
v -0.9 3.5 -2.38419e-07
v -0.9 4.1 -2.38419e-07
v -0.9 4.2 -2.38419e-07
v -0.8 1 -2.38419e-07
v -0.8 2.2 -2.38419e-07
v -0.8 3.4 -2.38419e-07
v -0.8 4.2 -2.38419e-07
v -0.4 5.2 -2.38419e-07
v -0.4 5.3 -2.38419e-07
v -0.2 1.1 -2.38419e-07
v -0.2 2.7 -2.38419e-07
v -0.2 3 -2.38419e-07
v -0.2 3.9 -2.38419e-07
v -0.2 4.2 -2.38419e-07
v -0.2 4.4 -2.38419e-07
v -0.0999999 1.1 -2.38419e-07
v -0.0999999 1.6 -2.38419e-07
v -0.0999999 2.1 -2.38419e-07
v -0.0999999 2.6 -2.38419e-07
v -0.0999999 2.7 -2.38419e-07
v -0.0999999 3 -2.38419e-07
v -0.0999999 3.1 -2.38419e-07
v -0.0999999 3.8 -2.38419e-07
v -0.0999999 3.9 -2.38419e-07
v -0.0999999 4.2 -2.38419e-07
v -0.0999999 4.3 -2.38419e-07
v -0.0999999 4.4 -2.38419e-07
v -0.0999999 5 -2.38419e-07
v -0.0999999 5.2 -2.38419e-07
v 2.38419e-07 1.7 -2.38419e-07
v 2.38419e-07 2 -2.38419e-07
v 2.38419e-07 2.7 -2.38419e-07
v 2.38419e-07 3 -2.38419e-07
v 2.38419e-07 3.9 -2.38419e-07
v 2.38419e-07 4.1 -2.38419e-07
v 2.38419e-07 4.2 -2.38419e-07
v 2.38419e-07 4.3 -2.38419e-07
v 2.38419e-07 5 -2.38419e-07
v 2.38419e-07 5.1 -2.38419e-07
v 2.38419e-07 5.3 -2.38419e-07
v 0.1 2.7 -2.38419e-07
v 0.1 3 -2.38419e-07
v 0.1 3.8 -2.38419e-07
v 0.1 4 -2.38419e-07
v 0.1 4.1 -2.38419e-07
v 0.2 3 -2.38419e-07
v 0.2 3.1 -2.38419e-07
v 0.3 1 -2.38419e-07
v 0.3 1.1 -2.38419e-07
v 0.3 1.7 -2.38419e-07
v 0.3 2 -2.38419e-07
v 0.4 1.6 -2.38419e-07
v 0.4 2.1 -2.38419e-07
v 0.4 2.7 -2.38419e-07
v 0.4 2.8 -2.38419e-07
v 0.5 1.9 -2.38419e-07
v 0.5 2.4 -2.38419e-07
v 0.5 2.6 -2.38419e-07
v 0.5 2.8 -2.38419e-07
v 0.6 0.6 -2.38419e-07
v 0.6 1 -2.38419e-07
v 0.6 1.1 -2.38419e-07
v 0.6 2 -2.38419e-07
v 0.6 2.3 -2.38419e-07
v 0.7 0.7 -2.38419e-07
v 0.7 1 -2.38419e-07
v 0.7 3.4 -2.38419e-07
v 0.7 3.5 -2.38419e-07
v 0.7 4.2 -2.38419e-07
v 0.7 4.3 -2.38419e-07
v 0.8 0.6 -2.38419e-07
v 0.8 0.7 -2.38419e-07
v 0.8 4.3 -2.38419e-07
v 0.8 4.4 -2.38419e-07
v 0.8 5.1 -2.38419e-07
v 0.8 5.3 -2.38419e-07
v 0.9 2 -2.38419e-07
v 0.9 2.3 -2.38419e-07
v 0.9 3 -2.38419e-07
v 0.9 3.1 -2.38419e-07
v 0.9 3.5 -2.38419e-07
v 0.9 3.8 -2.38419e-07
v 0.9 4.2 -2.38419e-07
v 0.9 4.4 -2.38419e-07
v 0.9 5.1 -2.38419e-07
v 0.9 5.3 -2.38419e-07
v 1 1.9 -2.38419e-07
v 1 2.1 -2.38419e-07
v 1 2.4 -2.38419e-07
v 1 2.7 -2.38419e-07
v 1 3.1 -2.38419e-07
v 1 3.4 -2.38419e-07
v 1 3.8 -2.38419e-07
v 1 5.4 -2.38419e-07
v 1 5.5 -2.38419e-07
v 1.1 2.2 -2.38419e-07
v 1.1 2.6 -2.38419e-07
v 1.1 3 -2.38419e-07
v 1.1 3.3 -2.38419e-07
v 1.2 3.3 -2.38419e-07
v 1.2 3.4 -2.38419e-07
v 1.2 4.8 -2.38419e-07
v 1.2 4.9 -2.38419e-07
v 1.3 2.7 -2.38419e-07
v 1.3 2.9 -2.38419e-07
v 1.3 4.8 -2.38419e-07
v 1.3 4.9 -2.38419e-07
v 1.3 5.4 -2.38419e-07
v 1.3 5.5 -2.38419e-07
v 1.4 0.6 -2.38419e-07
v 1.4 0.7 -2.38419e-07
v 1.4 2.2 -2.38419e-07
v 1.4 2.5 -2.38419e-07
v 1.4 2.6 -2.38419e-07
v 1.4 2.8 -2.38419e-07
v 1.4 4 -2.38419e-07
v 1.4 4.4 -2.38419e-07
v 1.4 5 -2.38419e-07
v 1.4 5.3 -2.38419e-07
v 1.5 2.1 -2.38419e-07
v 1.5 2.4 -2.38419e-07
v 1.5 3.9 -2.38419e-07
v 1.5 4 -2.38419e-07
v 1.5 4.3 -2.38419e-07
v 1.5 5 -2.38419e-07
v 1.5 5.3 -2.38419e-07
v 1.6 3.9 -2.38419e-07
v 1.7 0.6 -2.38419e-07
v 1.7 0.7 -2.38419e-07
v 1.7 2.5 -2.38419e-07
v 1.7 2.8 -2.38419e-07
v 1.8 2.4 -2.38419e-07
v 1.8 2.9 -2.38419e-07
v 1.8 4 -2.38419e-07
v 1.8 4.3 -2.38419e-07
v 1.9 2.8 -2.38419e-07
v 1.9 3.3 -2.38419e-07
v 1.9 3.9 -2.38419e-07
v 1.9 4.4 -2.38419e-07
v 2 2.9 -2.38419e-07
v 2 3.2 -2.38419e-07
v 2.3 2.9 -2.38419e-07
v 2.3 3.2 -2.38419e-07
v 2.4 2.8 -2.38419e-07
v 2.4 3.3 -2.38419e-07
v -2.5 4.1 -0.1
v -2.5 4.5 -0.1
v -2.4 3.1 -0.1
v -2.4 3.4 -0.1
v -2.4 4.2 -0.1
v -2.4 4.5 -0.1
v -2.3 4.5 -0.1
v -2.3 4.6 -0.1
v -2.2 2 -0.1
v -2.2 2.3 -0.1
v -2.1 3.1 -0.1
v -2.1 3.4 -0.1
v -2.1 4.1 -0.1
v -2.1 4.2 -0.1
v -2.1 4.5 -0.1
v -2 0.8 -0.1
v -2 0.9 -0.1
v -2 4.2 -0.1
v -2 4.6 -0.1
v -1.9 0.8 -0.1
v -1.9 0.9 -0.1
v -1.9 2 -0.1
v -1.9 2.3 -0.1
v -1.9 2.5 -0.1
v -1.9 2.8 -0.1
v -1.9 3.6 -0.1
v -1.9 4 -0.1
v -1.8 3.8 -0.1
v -1.8 3.9 -0.1
v -1.8 4.6 -0.1
v -1.8 5.1 -0.1
v -1.7 3.6 -0.1
v -1.7 3.8 -0.1
v -1.7 3.9 -0.1
v -1.7 4 -0.1
v -1.7 4.7 -0.1
v -1.7 5 -0.1
v -1.6 2.5 -0.1
v -1.6 2.8 -0.1
v -1.6 3.5 -0.1
v -1.6 3.6 -0.1
v -1.6 3.7 -0.1
v -1.5 1.6 -0.1
v -1.5 1.9 -0.1
v -1.5 3.5 -0.1
v -1.5 3.7 -0.1
v -1.4 4.7 -0.1
v -1.4 5 -0.1
v -1.3 0.6 -0.1
v -1.3 1 -0.1
v -1.3 3.3 -0.1
v -1.3 3.5 -0.1
v -1.3 4.6 -0.1
v -1.3 5.1 -0.1
v -1.2 0.6 -0.1
v -1.2 1 -0.1
v -1.2 1.6 -0.1
v -1.2 1.9 -0.1
v -1.2 2.1 -0.1
v -1.2 2.4 -0.1
v -1.2 3.3 -0.1
v -1.2 3.4 -0.1
v -1.2 3.5 -0.1
v -1.1 3.3 -0.1
v -1.1 3.4 -0.1
v -1.1 4.2 -0.1
v -1.1 4.5 -0.1
v -1 3.3 -0.1
v -1 3.4 -0.1
v -1 4.4 -0.1
v -1 4.5 -0.1
v -0.9 2.1 -0.1
v -0.9 2.2 -0.1
v -0.9 2.4 -0.1
v -0.9 2.7 -0.1
v -0.9 4.3 -0.1
v -0.9 4.4 -0.1
v -0.8 1 -0.1
v -0.8 2.1 -0.1
v -0.8 2.2 -0.1
v -0.8 2.3 -0.1
v -0.8 2.7 -0.1
v -0.8 3.4 -0.1
v -0.8 4.2 -0.1
v -0.8 4.3 -0.1
v -0.7 1 -0.1
v -0.7 2.1 -0.1
v -0.7 2.3 -0.1
v -0.7 2.7 -0.1
v -0.7 3.4 -0.1
v -0.7 4.3 -0.1
v -0.3 1 -0.1
v -0.3 1.1 -0.1
v -0.3 1.3 -0.1
v -0.3 2.6 -0.1
v -0.3 2.8 -0.1
v -0.3 3.2 -0.1
v -0.3 3.4 -0.1
v -0.3 4.4 -0.1
v -0.2 1 -0.1
v -0.2 1.1 -0.1
v -0.2 1.3 -0.1
v -0.2 2.6 -0.1
v -0.2 2.7 -0.1
v -0.2 2.8 -0.1
v -0.2 3 -0.1
v -0.2 3.2 -0.1
v -0.2 3.4 -0.1
v -0.2 3.9 -0.1
v -0.2 4.2 -0.1
v -0.2 4.4 -0.1
v 2.38419e-07 1 -0.1
v 2.38419e-07 1.1 -0.1
v 2.38419e-07 1.7 -0.1
v 2.38419e-07 2 -0.1
v 2.38419e-07 2.7 -0.1
v 2.38419e-07 3 -0.1
v 2.38419e-07 3.9 -0.1
v 2.38419e-07 4.1 -0.1
v 2.38419e-07 4.2 -0.1
v 2.38419e-07 4.4 -0.1
v 0.1 2.7 -0.1
v 0.1 3 -0.1
v 0.1 4.1 -0.1
v 0.1 4.4 -0.1
v 0.2 3 -0.1
v 0.2 3.3 -0.1
v 0.2 3.9 -0.1
v 0.2 4 -0.1
v 0.3 1.7 -0.1
v 0.3 2 -0.1
v 0.3 2.9 -0.1
v 0.3 3.3 -0.1
v 0.4 2.7 -0.1
v 0.4 2.8 -0.1
v 0.4 3.4 -0.1
v 0.4 3.5 -0.1
v 0.4 4.5 -0.1
v 0.4 4.6 -0.1
v 0.5 3.9 -0.1
v 0.5 4 -0.1
v 0.5 4.6 -0.1
v 0.5 4.9 -0.1
v 0.6 2 -0.1
v 0.6 2.3 -0.1
v 0.6 4.1 -0.1
v 0.6 4.5 -0.1
v 0.6 4.9 -0.1
v 0.7 2.8 -0.1
v 0.7 2.9 -0.1
v 0.7 3.4 -0.1
v 0.7 3.5 -0.1
v 0.7 4.1 -0.1
v 0.7 4.3 -0.1
v 0.7 5 -0.1
v 0.7 5.1 -0.1
v 0.8 0.6 -0.1
v 0.8 0.7 -0.1
v 0.8 3 -0.1
v 0.8 3.4 -0.1
v 0.8 4.3 -0.1
v 0.8 4.4 -0.1
v 0.9 2 -0.1
v 0.9 2.3 -0.1
v 0.9 3 -0.1
v 0.9 3.1 -0.1
v 0.9 5.1 -0.1
v 0.9 5.4 -0.1
v 1 3.1 -0.1
v 1 3.4 -0.1
v 1 3.5 -0.1
v 1 4.4 -0.1
v 1 4.5 -0.1
v 1 5 -0.1
v 1 5.3 -0.1
v 1.1 2.2 -0.1
v 1.1 2.6 -0.1
v 1.1 3.4 -0.1
v 1.1 3.5 -0.1
v 1.1 4.6 -0.1
v 1.1 5 -0.1
v 1.2 4.6 -0.1
v 1.2 4.9 -0.1
v 1.3 0.6 -0.1
v 1.3 0.7 -0.1
v 1.3 0.8 -0.1
v 1.3 1 -0.1
v 1.3 5 -0.1
v 1.3 5.3 -0.1
v 1.4 0.8 -0.1
v 1.4 1 -0.1
v 1.4 2.2 -0.1
v 1.4 2.5 -0.1
v 1.4 2.6 -0.1
v 1.4 2.8 -0.1
v 1.4 4.9 -0.1
v 1.4 5.4 -0.1
v 1.5 4 -0.1
v 1.5 4.3 -0.1
v 1.7 0.6 -0.1
v 1.7 0.7 -0.1
v 1.7 2.5 -0.1
v 1.7 2.8 -0.1
v 1.8 0.2 -0.1
v 1.8 0.6 -0.1
v 1.8 0.7 -0.1
v 1.8 4 -0.1
v 1.8 4.3 -0.1
v 1.9 0.2 -0.1
v 1.9 0.6 -0.1
v 2 2.9 -0.1
v 2 3.2 -0.1
v 2.3 2.9 -0.1
v 2.3 3.2 -0.1
v -2.5 4.5 -0.2
v -2.5 4.6 -0.2
v -2.4 4.2 -0.2
v -2.4 4.4 -0.2
v -2.4 4.5 -0.2
v -2.3 4.3 -0.2
v -2.3 4.4 -0.2
v -2.3 4.5 -0.2
v -2.3 4.6 -0.2
v -2.2 4.2 -0.2
v -2.2 4.3 -0.2
v -2.2 4.5 -0.2
v -2.1 4.1 -0.2
v -2.1 4.2 -0.2
v -2.1 4.3 -0.2
v -2.1 4.5 -0.2
v -2 4.1 -0.2
v -2 4.2 -0.2
v -1.8 3.8 -0.2
v -1.8 3.9 -0.2
v -1.7 3.6 -0.2
v -1.7 3.8 -0.2
v -1.7 4.7 -0.2
v -1.7 5 -0.2
v -1.6 3.6 -0.2
v -1.6 3.9 -0.2
v -1.4 4.7 -0.2
v -1.4 5 -0.2
v -1.2 0.6 -0.2
v -1.2 1 -0.2
v -1.2 2.9 -0.2
v -1.2 3.1 -0.2
v -1.2 3.2 -0.2
v -1.2 3.4 -0.2
v -1.1 0.6 -0.2
v -1.1 1 -0.2
v -1.1 2.9 -0.2
v -1.1 3.1 -0.2
v -1.1 3.2 -0.2
v -1.1 3.3 -0.2
v -1.1 3.4 -0.2
v -1 2.7 -0.2
v -1 2.8 -0.2
v -1 3.3 -0.2
v -1 3.4 -0.2
v -0.9 2.7 -0.2
v -0.9 2.8 -0.2
v -0.8 2.1 -0.2
v -0.8 2.3 -0.2
v -0.8 2.7 -0.2
v -0.8 2.8 -0.2
v -0.7 1 -0.2
v -0.7 1.9 -0.2
v -0.7 2.1 -0.2
v -0.7 2.3 -0.2
v -0.7 2.7 -0.2
v -0.7 2.8 -0.2
v -0.7 3.3 -0.2
v -0.7 3.4 -0.2
v -0.7 4.3 -0.2
v -0.6 1.7 -0.2
v -0.6 1.9 -0.2
v -0.6 2 -0.2
v -0.6 2.1 -0.2
v -0.6 2.7 -0.2
v -0.6 2.8 -0.2
v -0.6 4.3 -0.2
v -0.6 4.4 -0.2
v -0.5 1.5 -0.2
v -0.5 1.7 -0.2
v -0.5 1.8 -0.2
v -0.5 2 -0.2
v -0.5 2.7 -0.2
v -0.5 2.9 -0.2
v -0.5 4.4 -0.2
v -0.5 4.5 -0.2
v -0.4 1.2 -0.2
v -0.4 1.5 -0.2
v -0.4 1.6 -0.2
v -0.4 1.8 -0.2
v -0.4 4.4 -0.2
v -0.4 4.5 -0.2
v -0.3 1 -0.2
v -0.3 1.1 -0.2
v -0.3 1.2 -0.2
v -0.3 1.3 -0.2
v -0.3 1.6 -0.2
v -0.3 2.6 -0.2
v -0.3 2.8 -0.2
v -0.3 2.9 -0.2
v -0.3 3.4 -0.2
v -0.3 4.4 -0.2
v -0.2 1.1 -0.2
v -0.2 1.3 -0.2
v -0.2 2.6 -0.2
v -0.2 2.8 -0.2
v 2.38419e-07 4.4 -0.2
v 2.38419e-07 4.5 -0.2
v 0.1 4 -0.2
v 0.1 4.4 -0.2
v 0.1 5 -0.2
v 0.1 5.1 -0.2
v 0.2 4.1 -0.2
v 0.2 4.4 -0.2
v 0.3 2.9 -0.2
v 0.3 3.4 -0.2
v 0.3 5 -0.2
v 0.3 5.1 -0.2
v 0.4 3 -0.2
v 0.4 3.3 -0.2
v 0.4 4.5 -0.2
v 0.4 4.6 -0.2
v 0.4 4.9 -0.2
v 0.5 0.6 -0.2
v 0.5 1 -0.2
v 0.5 4.1 -0.2
v 0.5 4.4 -0.2
v 0.5 4.6 -0.2
v 0.5 4.9 -0.2
v 0.6 0.6 -0.2
v 0.6 1 -0.2
v 0.6 4 -0.2
v 0.6 4.5 -0.2
v 0.6 5 -0.2
v 0.7 3 -0.2
v 0.7 3.3 -0.2
v 0.7 4.6 -0.2
v 0.7 4.9 -0.2
v 0.8 2.9 -0.2
v 0.8 3.4 -0.2
v 1 3.5 -0.2
v 1 3.8 -0.2
v 1 4.6 -0.2
v 1 4.9 -0.2
v 1 5 -0.2
v 1 5.3 -0.2
v 1.1 3.5 -0.2
v 1.1 3.8 -0.2
v 1.1 4.5 -0.2
v 1.1 5 -0.2
v 1.2 3.3 -0.2
v 1.2 3.4 -0.2
v 1.2 3.9 -0.2
v 1.2 4 -0.2
v 1.3 0.6 -0.2
v 1.3 0.7 -0.2
v 1.3 5 -0.2
v 1.3 5.3 -0.2
v 1.4 0.6 -0.2
v 1.4 0.7 -0.2
v 1.5 3.3 -0.2
v 1.5 3.4 -0.2
v 1.5 3.9 -0.2
v 1.5 4 -0.2
v 1.6 3.5 -0.2
v 1.6 3.8 -0.2
v 1.7 3.5 -0.2
v 1.7 3.8 -0.2
v 1.8 0.1 -0.2
v 1.8 0.2 -0.2
v 1.9 0.1 -0.2
v 1.9 0.2 -0.2
v -2.4 4.4 -0.3
v -2.4 4.5 -0.3
v -2.3 4.3 -0.3
v -2.3 4.4 -0.3
v -2.2 4.2 -0.3
v -2.2 4.3 -0.3
v -2.2 4.5 -0.3
v -2.1 4.2 -0.3
v -2.1 4.3 -0.3
v -2 0.8 -0.3
v -2 1 -0.3
v -1.9 0.8 -0.3
v -1.9 1 -0.3
v -1.2 3.1 -0.3
v -1.2 3.2 -0.3
v -1.1 0.6 -0.3
v -1.1 1 -0.3
v -1.1 2.8 -0.3
v -1.1 2.9 -0.3
v -1.1 3.1 -0.3
v -1.1 3.2 -0.3
v -1.1 3.3 -0.3
v -1.1 4.5 -0.3
v -1.1 4.8 -0.3
v -1 0.6 -0.3
v -1 1 -0.3
v -1 2.8 -0.3
v -1 2.9 -0.3
v -1 4.5 -0.3
v -1 4.8 -0.3
v -1 4.9 -0.3
v -1 5.2 -0.3
v -0.9 2.7 -0.3
v -0.9 2.8 -0.3
v -0.9 2.9 -0.3
v -0.9 4.3 -0.3
v -0.9 4.4 -0.3
v -0.9 4.9 -0.3
v -0.9 5.2 -0.3
v -0.8 2.7 -0.3
v -0.8 2.8 -0.3
v -0.8 3.2 -0.3
v -0.8 3.3 -0.3
v -0.8 5.3 -0.3
v -0.8 5.4 -0.3
v -0.7 1.9 -0.3
v -0.7 2.1 -0.3
v -0.6 1.7 -0.3
v -0.6 1.9 -0.3
v -0.6 2 -0.3
v -0.6 2.1 -0.3
v -0.6 2.7 -0.3
v -0.6 2.8 -0.3
v -0.6 2.9 -0.3
v -0.6 4.3 -0.3
v -0.6 4.4 -0.3
v -0.5 1.5 -0.3
v -0.5 1.7 -0.3
v -0.5 1.8 -0.3
v -0.5 2 -0.3
v -0.5 2.7 -0.3
v -0.5 2.8 -0.3
v -0.5 5.3 -0.3
v -0.5 5.4 -0.3
v -0.4 1.2 -0.3
v -0.4 1.5 -0.3
v -0.4 1.6 -0.3
v -0.4 1.8 -0.3
v -0.4 4.4 -0.3
v -0.4 4.5 -0.3
v -0.3 1.2 -0.3
v -0.3 1.6 -0.3
v -0.0999999 4.4 -0.3
v -0.0999999 4.5 -0.3
v 2.38419e-07 4.5 -0.3
v 2.38419e-07 4.6 -0.3
v 0.1 4.9 -0.3
v 0.1 5 -0.3
v 0.2 4.1 -0.3
v 0.2 4.4 -0.3
v 0.3 4.6 -0.3
v 0.3 4.9 -0.3
v 0.4 0.6 -0.3
v 0.4 1 -0.3
v 0.4 3 -0.3
v 0.4 3.3 -0.3
v 0.4 4.5 -0.3
v 0.4 5 -0.3
v 0.5 0.6 -0.3
v 0.5 1 -0.3
v 0.5 4.1 -0.3
v 0.5 4.4 -0.3
v 0.7 3 -0.3
v 0.7 3.3 -0.3
v 0.7 4.6 -0.3
v 0.7 4.9 -0.3
v 1 4.6 -0.3
v 1 4.9 -0.3
v 1.1 3.4 -0.3
v 1.1 3.9 -0.3
v 1.2 3.5 -0.3
v 1.2 3.8 -0.3
v 1.3 0.7 -0.3
v 1.3 0.9 -0.3
v 1.4 0.7 -0.3
v 1.4 0.9 -0.3
v 1.5 3.5 -0.3
v 1.5 3.8 -0.3
v 1.6 3.4 -0.3
v 1.6 3.9 -0.3
v 1.9 0.1 -0.3
v 1.9 0.2 -0.3
v 2 0.1 -0.3
v 2 0.2 -0.3
v -2 0.6 -0.4
v -2 0.7 -0.4
v -1.9 0.6 -0.4
v -1.9 0.7 -0.4
v -1.1 2.9 -0.4
v -1.1 3.2 -0.4
v -1 0.6 -0.4
v -1 1 -0.4
v -1 2.8 -0.4
v -1 2.9 -0.4
v -1 3 -0.4
v -1 4.4 -0.4
v -1 4.9 -0.4
v -0.9 2.8 -0.4
v -0.9 2.9 -0.4
v -0.9 3 -0.4
v -0.9 4.5 -0.4
v -0.9 4.8 -0.4
v -0.9 4.9 -0.4
v -0.9 5.3 -0.4
v -0.8 0.6 -0.4
v -0.8 1 -0.4
v -0.8 3 -0.4
v -0.8 3.2 -0.4
v -0.8 4.9 -0.4
v -0.8 5.2 -0.4
v -0.7 2.9 -0.4
v -0.7 3 -0.4
v -0.6 4.5 -0.4
v -0.6 4.8 -0.4
v -0.5 4.4 -0.4
v -0.5 4.5 -0.4
v -0.5 4.8 -0.4
v -0.5 4.9 -0.4
v -0.5 5.2 -0.4
v -0.5 5.3 -0.4
v -0.4 4.6 -0.4
v -0.4 4.8 -0.4
v -0.0999999 4.6 -0.4
v -0.0999999 4.8 -0.4
v 2.38419e-07 4.5 -0.4
v 2.38419e-07 4.6 -0.4
v 2.38419e-07 4.8 -0.4
v 2.38419e-07 4.9 -0.4
v 0.1 4.9 -0.4
v 0.3 0.6 -0.4
v 0.3 1 -0.4
v 0.3 4.6 -0.4
v 0.3 4.9 -0.4
v 0.4 0.6 -0.4
v 0.4 1 -0.4
v 1.2 3.5 -0.4
v 1.2 3.8 -0.4
v 1.5 3.5 -0.4
v 1.5 3.8 -0.4
v 2 0.1 -0.4
v 2 0.2 -0.4
v 2.1 0.1 -0.4
v 2.1 0.2 -0.4
v -2 0.7 -0.5
v -2 0.9 -0.5
v -1.9 0.7 -0.5
v -1.9 0.9 -0.5
v -1 2.9 -0.5
v -1 3 -0.5
v -0.9 2.9 -0.5
v -0.9 3 -0.5
v -0.9 4.5 -0.5
v -0.9 4.8 -0.5
v -0.8 0.6 -0.5
v -0.8 1 -0.5
v -0.8 4.9 -0.5
v -0.8 5.2 -0.5
v -0.7 4.8 -0.5
v -0.7 4.9 -0.5
v -0.7 5.1 -0.5
v -0.6 0.6 -0.5
v -0.6 1 -0.5
v -0.6 4.5 -0.5
v -0.6 4.8 -0.5
v -0.5 5.1 -0.5
v -0.5 5.2 -0.5
v -0.4 4.6 -0.5
v -0.4 4.8 -0.5
v -0.4 5.3 -0.5
v -0.4 5.4 -0.5
v -0.0999999 4.6 -0.5
v -0.0999999 4.8 -0.5
v -0.0999999 5.3 -0.5
v -0.0999999 5.4 -0.5
v 2.38419e-07 4.9 -0.5
v 2.38419e-07 5.2 -0.5
v 0.1 0.6 -0.5
v 0.1 1 -0.5
v 0.1 4.9 -0.5
v 0.1 5.2 -0.5
v 0.3 0.6 -0.5
v 0.3 1 -0.5
v 1.2 0.8 -0.5
v 1.2 0.9 -0.5
v 1.3 0.8 -0.5
v 1.3 0.9 -0.5
v 1.8 0.1 -0.5
v 1.8 0.6 -0.5
v 1.9 0.1 -0.5
v 1.9 0.6 -0.5
v 2.1 0.1 -0.5
v 2.1 0.2 -0.5
v 2.3 0.1 -0.5
v 2.3 0.2 -0.5
v -0.8 3 -0.6
v -0.8 3.3 -0.6
v -0.7 3 -0.6
v -0.7 3.3 -0.6
v -0.6 0.6 -0.6
v -0.6 1 -0.6
v -0.6 2.8 -0.6
v -0.6 2.9 -0.6
v -0.6 3.4 -0.6
v -0.6 3.5 -0.6
v -0.5 3.4 -0.6
v -0.5 3.5 -0.6
v -0.5 5.2 -0.6
v -0.5 5.3 -0.6
v -0.3 2.8 -0.6
v -0.3 2.9 -0.6
v -0.3 3.4 -0.6
v -0.3 3.5 -0.6
v -0.3 4.8 -0.6
v -0.3 4.9 -0.6
v -0.2 3 -0.6
v -0.2 3.3 -0.6
v -0.0999999 3 -0.6
v -0.0999999 3.3 -0.6
v -0.0999999 4.9 -0.6
v -0.0999999 5.2 -0.6
v 2.38419e-07 4.8 -0.6
v 2.38419e-07 5.3 -0.6
v 0.1 0.6 -0.6
v 0.1 1 -0.6
v -1.8 0.8 -0.7
v -1.8 0.9 -0.7
v -1.7 0.8 -0.7
v -1.7 0.9 -0.7
v -1.4 0.8 -0.7
v -1.4 0.9 -0.7
v -1.3 0.8 -0.7
v -1.3 0.9 -0.7
v -0.7 2.9 -0.7
v -0.7 3.4 -0.7
v -0.6 3 -0.7
v -0.6 3.3 -0.7
v -0.3 3 -0.7
v -0.3 3.3 -0.7
v -0.3 5.1 -0.7
v -0.3 5.2 -0.7
v -0.2 2.9 -0.7
v -0.2 3.4 -0.7
v -0.2 4.9 -0.7
v -0.2 5.1 -0.7
v -0.0999999 4.9 -0.7
v -0.0999999 5.2 -0.7
v 1.2 0.8 -0.7
v 1.2 1 -0.7
v 1.3 0.8 -0.7
v 1.3 1 -0.7
v -2.3 0.1 -0.8
v -2.3 0.6 -0.8
v -2.2 0.1 -0.8
v -2.2 0.6 -0.8
v -0.6 3 -0.8
v -0.6 3.3 -0.8
v -0.6 3.5 -0.8
v -0.6 3.6 -0.8
v -0.3 3 -0.8
v -0.3 3.3 -0.8
v -0.3 3.5 -0.8
v -0.3 3.6 -0.8
v -0.2 3.7 -0.8
v -0.2 4 -0.8
v -0.0999999 3.7 -0.8
v -0.0999999 4 -0.8
v 1.2 0.6 -0.8
v 1.2 0.7 -0.8
v 1.3 0.6 -0.8
v 1.3 0.7 -0.8
v 1.7 0.1 -0.8
v 1.7 0.6 -0.8
v 1.8 0.1 -0.8
v 1.8 0.6 -0.8
v -1.8 0.8 -0.9
v -1.8 1 -0.9
v -1.7 0.8 -0.9
v -1.7 1 -0.9
v -1.4 0.8 -0.9
v -1.4 1 -0.9
v -1.3 0.8 -0.9
v -1.3 1 -0.9
v -0.7 3.6 -0.9
v -0.7 3.7 -0.9
v -0.7 3.8 -0.9
v -0.6 3.7 -0.9
v -0.6 3.8 -0.9
v -0.3 3.7 -0.9
v -0.3 3.9 -0.9
v -0.2 3.6 -0.9
v -0.2 3.9 -0.9
v 1.2 0.7 -0.9
v 1.2 0.9 -0.9
v 1.3 0.7 -0.9
v 1.3 0.9 -0.9
v -2.2 0.1 -1
v -2.2 0.6 -1
v -2 0.1 -1
v -2 0.6 -1
v -1.8 0.6 -1
v -1.8 0.7 -1
v -1.7 0.6 -1
v -1.7 0.7 -1
v -1.4 0.6 -1
v -1.4 0.7 -1
v -1.3 0.6 -1
v -1.3 0.7 -1
v -0.9 4.8 -1
v -0.9 5.1 -1
v -0.8 4.8 -1
v -0.8 5.1 -1
v -0.7 4.6 -1
v -0.7 4.7 -1
v -0.7 5.2 -1
v -0.7 5.3 -1
v -0.6 3.7 -1
v -0.6 3.8 -1
v -0.6 3.9 -1
v -0.6 4.4 -1
v -0.6 4.6 -1
v -0.6 4.7 -1
v -0.5 4.4 -1
v -0.5 4.5 -1
v -0.5 4.6 -1
v -0.5 4.7 -1
v -0.4 4.6 -1
v -0.4 4.7 -1
v -0.4 5.2 -1
v -0.4 5.3 -1
v -0.3 3.7 -1
v -0.3 3.9 -1
v -0.3 4.4 -1
v -0.3 4.5 -1
v -0.3 4.8 -1
v -0.3 5.1 -1
v -0.2 4 -1
v -0.2 4.3 -1
v -0.2 4.8 -1
v -0.2 5.1 -1
v -0.0999999 4 -1
v -0.0999999 4.3 -1
v 0.6 0.7 -1
v 0.6 0.9 -1
v 0.7 0.6 -1
v 0.7 0.7 -1
v 0.7 0.8 -1
v 0.7 0.9 -1
v 0.8 0.8 -1
v 0.8 1 -1
v 0.9 0.8 -1
v 0.9 1 -1
v 1 0.6 -1
v 1 0.7 -1
v 1 0.8 -1
v 1 0.9 -1
v 1.1 0.7 -1
v 1.1 0.9 -1
v 1.6 0.1 -1
v 1.6 0.6 -1
v 1.7 0.1 -1
v 1.7 0.6 -1
v -2 0.1 -1.1
v -2 0.6 -1.1
v -1.8 0.7 -1.1
v -1.8 0.9 -1.1
v -1.7 0.1 -1.1
v -1.7 0.6 -1.1
v -1.7 0.7 -1.1
v -1.7 0.9 -1.1
v -1.4 0.7 -1.1
v -1.4 0.9 -1.1
v -1.3 0.7 -1.1
v -1.3 0.9 -1.1
v -1.2 3.9 -1.1
v -1.2 4.2 -1.1
v -1.1 3.9 -1.1
v -1.1 4.2 -1.1
v -1 3.7 -1.1
v -1 3.8 -1.1
v -1 4.3 -1.1
v -1 4.4 -1.1
v -0.8 4.7 -1.1
v -0.8 5.2 -1.1
v -0.7 3.7 -1.1
v -0.7 3.8 -1.1
v -0.7 4.8 -1.1
v -0.7 5.1 -1.1
v -0.6 3.9 -1.1
v -0.6 4 -1.1
v -0.4 4.8 -1.1
v -0.4 5.1 -1.1
v -0.3 4 -1.1
v -0.3 4.3 -1.1
v -0.3 4.7 -1.1
v -0.3 5.2 -1.1
v -0.2 3.9 -1.1
v -0.2 4.4 -1.1
v 1.5 0.1 -1.1
v 1.5 0.6 -1.1
v 1.6 0.1 -1.1
v 1.6 0.6 -1.1
v -1.7 0.1 -1.2
v -1.7 0.6 -1.2
v -1.2 0.1 -1.2
v -1.2 0.6 -1.2
v -1.1 3.8 -1.2
v -1.1 4.3 -1.2
v -1 3.9 -1.2
v -1 4.2 -1.2
v -0.8 0.7 -1.2
v -0.8 0.9 -1.2
v -0.7 0.6 -1.2
v -0.7 0.7 -1.2
v -0.7 0.8 -1.2
v -0.7 0.9 -1.2
v -0.7 3.9 -1.2
v -0.7 4.2 -1.2
v -0.7 4.8 -1.2
v -0.7 5.1 -1.2
v -0.6 0.8 -1.2
v -0.6 1 -1.2
v -0.6 3.8 -1.2
v -0.6 4 -1.2
v -0.5 0.8 -1.2
v -0.5 1 -1.2
v -0.4 0.6 -1.2
v -0.4 0.7 -1.2
v -0.4 0.8 -1.2
v -0.4 0.9 -1.2
v -0.4 4.8 -1.2
v -0.4 5.1 -1.2
v -0.3 0.7 -1.2
v -0.3 0.9 -1.2
v -0.3 4 -1.2
v -0.3 4.3 -1.2
v -0.2 0.7 -1.2
v -0.2 0.9 -1.2
v -0.0999999 0.6 -1.2
v -0.0999999 0.7 -1.2
v -0.0999999 0.8 -1.2
v -0.0999999 0.9 -1.2
v 2.38419e-07 0.8 -1.2
v 2.38419e-07 1 -1.2
v 0.1 0.8 -1.2
v 0.1 1 -1.2
v 0.2 0.6 -1.2
v 0.2 0.7 -1.2
v 0.2 0.8 -1.2
v 0.2 0.9 -1.2
v 0.3 0.7 -1.2
v 0.3 0.9 -1.2
v 1.3 0.1 -1.2
v 1.3 0.6 -1.2
v 1.5 0.1 -1.2
v 1.5 0.6 -1.2
v -1.2 0.1 -1.3
v -1.2 0.6 -1.3
v -1 0.1 -1.3
v -1 0.6 -1.3
v -1 3.9 -1.3
v -1 4.2 -1.3
v -0.7 3.9 -1.3
v -0.7 4.2 -1.3
v 1.1 0.1 -1.3
v 1.1 0.6 -1.3
v 1.3 0.1 -1.3
v 1.3 0.6 -1.3
v -1 0.1 -1.4
v -1 0.6 -1.4
v -0.9 0.1 -1.4
v -0.9 0.6 -1.4
v 0.3 0.7 -1.4
v 0.3 0.9 -1.4
v 0.4 0.6 -1.4
v 0.4 0.7 -1.4
v 0.4 0.8 -1.4
v 0.4 0.9 -1.4
v 0.5 0.8 -1.4
v 0.5 1 -1.4
v 0.6 0.8 -1.4
v 0.6 1 -1.4
v 0.7 0.6 -1.4
v 0.7 0.7 -1.4
v 0.7 0.8 -1.4
v 0.7 0.9 -1.4
v 0.8 0.7 -1.4
v 0.8 0.9 -1.4
v 1 0.1 -1.4
v 1 0.6 -1.4
v 1.1 0.1 -1.4
v 1.1 0.6 -1.4
v -0.9 0.1 -1.5
v -0.9 0.6 -1.5
v -0.6 0.1 -1.5
v -0.6 0.6 -1.5
v 0.8 0.1 -1.5
v 0.8 0.6 -1.5
v 1 0.1 -1.5
v 1 0.6 -1.5
v -0.6 0.1 -1.6
v -0.6 0.6 -1.6
v 2.38419e-07 0.1 -1.6
v 2.38419e-07 0.6 -1.6
v 0.5 0.1 -1.6
v 0.5 0.6 -1.6
v 0.8 0.1 -1.6
v 0.8 0.6 -1.6
v 2.38419e-07 0.1 -1.7
v 2.38419e-07 0.6 -1.7
v 0.5 0.1 -1.7
v 0.5 0.6 -1.7
v -3 0 -3
v -3 0.1 -3
v 3 0 -3
v 3 0.1 -3
v -3 0 3
v -0.4 0 3
v 0.7 0 3
v 3 0 3
v -0.6 0 2.9
v -0.4 0 2.9
v 0.7 0 2.9
v 1 0 2.9
v -0.8 0 2.8
v -0.6 0 2.8
v 1 0 2.8
v 1.3 0 2.8
v -1 0 2.7
v -0.8 0 2.7
v 1.3 0 2.7
v 1.5 0 2.7
v -1.2 0 2.6
v -1 0 2.6
v -1.3 0 2.5
v -1.2 0 2.5
v 1.5 0 2.5
v 1.6 0 2.5
v -1.4 0 2.4
v -1.3 0 2.4
v -1.5 0 2.3
v -1.4 0 2.3
v -1.6 0 2.2
v -1.5 0 2.2
v 1.6 0 2.2
v 1.7 0 2.2
v -1.8 0 2.1
v -1.6 0 2.1
v 1.7 0 2.1
v 1.8 0 2.1
v -1.9 0 2
v -1.8 0 2
v -2 0 1.9
v -1.9 0 1.9
v 1.8 0 1.9
v 1.9 0 1.9
v -2.2 0 1.8
v -2 0 1.8
v -2.2 0 1.6
v -2.1 0 1.6
v 1.9 0 1.6
v 2 0 1.6
v 2 0 1.4
v 2.1 0 1.4
v 2.1 0 1.2
v 2.2 0 1.2
v -2.6 0 1.1
v -2.1 0 1.1
v 2.2 0 1.1
v 2.3 0 1.1
v -2.7 0 1
v -2.6 0 1
v -2.8 0 0.8
v -2.7 0 0.8
v -2.9 0 0.7
v -2.8 0 0.7
v -3 0 0.6
v -2.9 0 0.6
v 2.1 0 0.6
v 2.3 0 0.6
v 2 0 0.4
v 2.1 0 0.4
v -3 0 0.3
v -2.9 0 0.3
v 2 0 0.2
v 2.1 0 0.2
v 2.1 0 -2.38419e-07
v 2.2 0 -2.38419e-07
v -2.9 0 -0.1
v -2.8 0 -0.1
v 2.2 0 -0.2
v 2.3 0 -0.2
v -2.8 0 -0.5
v -2.7 0 -0.5
v 2.2 0 -0.8
v 2.3 0 -0.8
v -2.7 0 -1
v -2.6 0 -1
v 2.1 0 -1
v 2.2 0 -1
v -2.6 0 -1.1
v -2.5 0 -1.1
v 2 0 -1.2
v 2.1 0 -1.2
v -2.5 0 -1.3
v -2.4 0 -1.3
v 1.9 0 -1.4
v 2 0 -1.4
v -2.4 0 -1.5
v -2.3 0 -1.5
v -2.3 0 -1.6
v -2.2 0 -1.6
v 1.7 0 -1.6
v 1.9 0 -1.6
v -2.2 0 -1.7
v -1.6 0 -1.7
v 1.6 0 -1.7
v 1.7 0 -1.7
v -1.6 0 -1.8
v -1.3 0 -1.8
v 1.4 0 -1.8
v 1.6 0 -1.8
v -1.3 0 -1.9
v -1 0 -1.9
v 1.2 0 -1.9
v 1.4 0 -1.9
v -1 0 -2
v -0.8 0 -2
v 1 0 -2
v 1.2 0 -2
v -0.8 0 -2.1
v -0.4 0 -2.1
v 0.7 0 -2.1
v 1 0 -2.1
v -0.4 0 -2.2
v 0.7 0 -2.2
v -3 0 -3
v 3 0 -3
v -0.3 0.7 2
v -0.2 0.7 2
v 0.1 0.7 2
v 0.2 0.7 2
v -0.3 0.7 1.9
v -0.2 0.7 1.9
v 0.1 0.7 1.9
v 0.2 0.7 1.9
v -1 0.7 1.6
v -0.9 0.7 1.6
v -0.6 0.7 1.6
v -0.5 0.7 1.6
v -1 0.7 1.5
v -0.9 0.7 1.5
v -0.6 0.7 1.5
v -0.5 0.7 1.5
v 0.4 0.7 1.5
v 0.5 0.7 1.5
v 0.8 0.7 1.5
v 0.9 0.7 1.5
v 0.4 0.7 1.4
v 0.5 0.7 1.4
v 0.8 0.7 1.4
v 0.9 0.7 1.4
v -1.6 0.7 0.9
v -1.5 0.7 0.9
v 1 0.7 0.9
v 1.1 0.7 0.9
v -1.6 0.7 0.8
v -1.5 0.7 0.8
v 1 0.7 0.8
v 1.1 0.7 0.8
v -1.6 0.7 0.5
v -1.5 0.7 0.5
v 1 0.7 0.5
v 1.1 0.7 0.5
v -1.6 0.7 0.4
v -1.5 0.7 0.4
v 1 0.7 0.4
v 1.1 0.7 0.4
v 1.3 0.7 0.2
v 1.4 0.7 0.2
v 1.3 0.7 0.0999999
v 1.4 0.7 0.0999999
v -2 0.7 -2.38419e-07
v -1.9 0.7 -2.38419e-07
v -2 0.7 -0.1
v -1.9 0.7 -0.1
v 1.3 0.7 -0.2
v 1.4 0.7 -0.2
v 1.3 0.7 -0.3
v 1.4 0.7 -0.3
v -2 0.7 -0.4
v -1.9 0.7 -0.4
v 1.2 0.7 -0.4
v 1.3 0.7 -0.4
v -2 0.7 -0.5
v -1.9 0.7 -0.5
v 1.2 0.7 -0.5
v 1.3 0.7 -0.5
v -1.8 0.7 -0.6
v -1.7 0.7 -0.6
v -1.4 0.7 -0.6
v -1.3 0.7 -0.6
v -1.8 0.7 -0.7
v -1.7 0.7 -0.7
v -1.4 0.7 -0.7
v -1.3 0.7 -0.7
v 1.2 0.7 -0.8
v 1.3 0.7 -0.8
v 0.6 0.7 -0.9
v 0.7 0.7 -0.9
v 1 0.7 -0.9
v 1.1 0.7 -0.9
v 1.2 0.7 -0.9
v 1.3 0.7 -0.9
v -1.8 0.7 -1
v -1.7 0.7 -1
v -1.4 0.7 -1
v -1.3 0.7 -1
v 0.6 0.7 -1
v 0.7 0.7 -1
v 1 0.7 -1
v 1.1 0.7 -1
v -1.8 0.7 -1.1
v -1.7 0.7 -1.1
v -1.4 0.7 -1.1
v -1.3 0.7 -1.1
v -0.8 0.7 -1.1
v -0.7 0.7 -1.1
v -0.4 0.7 -1.1
v -0.3 0.7 -1.1
v -0.2 0.7 -1.1
v -0.0999999 0.7 -1.1
v 0.2 0.7 -1.1
v 0.3 0.7 -1.1
v -0.8 0.7 -1.2
v -0.7 0.7 -1.2
v -0.4 0.7 -1.2
v -0.3 0.7 -1.2
v -0.2 0.7 -1.2
v -0.0999999 0.7 -1.2
v 0.2 0.7 -1.2
v 0.3 0.7 -1.2
v 0.3 0.7 -1.3
v 0.4 0.7 -1.3
v 0.7 0.7 -1.3
v 0.8 0.7 -1.3
v 0.3 0.7 -1.4
v 0.4 0.7 -1.4
v 0.7 0.7 -1.4
v 0.8 0.7 -1.4
v -1.4 0.8 0.6
v -1.3 0.8 0.6
v -1.4 0.8 0.5
v -1.3 0.8 0.5
v -0.5 1.1 0.5
v -0.3 1.1 0.5
v -0.5 1.1 0.4
v -0.3 1.1 0.4
v -0.3 1.1 -0.1
v -0.2 1.1 -0.1
v -0.3 1.1 -0.2
v -0.2 1.1 -0.2
v -0.7 1.2 0.5
v -0.5 1.2 0.5
v -0.7 1.2 0.4
v -0.5 1.2 0.4
v -1 1.2 0.2
v -0.9 1.2 0.2
v -1 1.2 0.0999999
v -0.9 1.2 0.0999999
v -0.4 1.2 -0.2
v -0.3 1.2 -0.2
v -0.4 1.2 -0.3
v -0.3 1.2 -0.3
v -1.1 1.3 0.2
v -1 1.3 0.2
v -1.1 1.3 0.0999999
v -1 1.3 0.0999999
v -1.5 1.4 0.4
v -1.2 1.4 0.4
v -1.2 1.4 0.2
v -1.1 1.4 0.2
v -1.5 1.4 0.0999999
v -1.2 1.4 0.0999999
v -1.1 1.4 0.0999999
v -1.6 1.5 0.5
v -1.1 1.5 0.5
v -1.5 1.5 0.4
v -1.2 1.5 0.4
v 2.38419e-07 1.5 0.4
v 0.3 1.5 0.4
v -1.2 1.5 0.2
v -1.1 1.5 0.2
v -1.5 1.5 0.0999999
v -1.2 1.5 0.0999999
v -1.1 1.5 0.0999999
v 2.38419e-07 1.5 0.0999999
v 0.3 1.5 0.0999999
v -1.6 1.5 -2.38419e-07
v -1.1 1.5 -2.38419e-07
v -0.5 1.5 -0.2
v -0.4 1.5 -0.2
v -0.5 1.5 -0.3
v -0.4 1.5 -0.3
v -1.5 1.6 0.6
v -1.2 1.6 0.6
v -1.5 1.6 0.5
v -1.2 1.6 0.5
v -0.0999999 1.6 0.5
v 0.4 1.6 0.5
v -1.7 1.6 0.4
v -1.6 1.6 0.4
v -1.1 1.6 0.4
v -1 1.6 0.4
v 2.38419e-07 1.6 0.4
v 0.3 1.6 0.4
v -1.7 1.6 0.2
v -1.6 1.6 0.2
v -1.1 1.6 0.2
v -1 1.6 0.2
v -0.0999999 1.6 0.2
v -1.7 1.6 0.0999999
v -1.6 1.6 0.0999999
v 2.38419e-07 1.6 0.0999999
v 0.3 1.6 0.0999999
v -1.5 1.6 -2.38419e-07
v -1.2 1.6 -2.38419e-07
v -0.0999999 1.6 -2.38419e-07
v 0.4 1.6 -2.38419e-07
v -1.5 1.6 -0.1
v -1.2 1.6 -0.1
v 2.38419e-07 1.7 0.6
v 0.3 1.7 0.6
v 2.38419e-07 1.7 0.5
v 0.3 1.7 0.5
v -0.2 1.7 0.4
v -0.0999999 1.7 0.4
v 0.4 1.7 0.4
v 0.5 1.7 0.4
v -0.2 1.7 0.3
v -1.9 1.7 0.2
v -1.7 1.7 0.2
v -0.2 1.7 0.2
v -0.0999999 1.7 0.2
v -1.9 1.7 0.0999999
v -1.7 1.7 0.0999999
v 0.4 1.7 0.0999999
v 0.5 1.7 0.0999999
v 2.38419e-07 1.7 -2.38419e-07
v 0.3 1.7 -2.38419e-07
v 2.38419e-07 1.7 -0.1
v 0.3 1.7 -0.1
v -0.6 1.7 -0.2
v -0.5 1.7 -0.2
v -0.6 1.7 -0.3
v -0.5 1.7 -0.3
v -2.2 1.8 0.4
v -1.9 1.8 0.4
v 0.6 1.8 0.4
v 0.9 1.8 0.4
v -2 1.8 0.2
v -1.9 1.8 0.2
v 0.5 1.8 0.2
v 0.6 1.8 0.2
v -2.2 1.8 0.0999999
v -2 1.8 0.0999999
v -1.9 1.8 0.0999999
v 0.5 1.8 0.0999999
v 0.6 1.8 0.0999999
v 0.9 1.8 0.0999999
v -2.3 1.9 0.5
v -1.8 1.9 0.5
v 0.5 1.9 0.5
v 1 1.9 0.5
v -2.2 1.9 0.4
v -1.9 1.9 0.4
v -1 1.9 0.4
v -0.9 1.9 0.4
v 0.5 1.9 0.4
v 0.6 1.9 0.4
v 0.9 1.9 0.4
v -1.9 1.9 0.2
v -1.8 1.9 0.2
v -0.9 1.9 0.2
v 0.5 1.9 0.2
v 0.6 1.9 0.2
v -2.2 1.9 0.0999999
v -2 1.9 0.0999999
v -1.8 1.9 0.0999999
v -1 1.9 0.0999999
v -0.9 1.9 0.0999999
v 0.5 1.9 0.0999999
v 0.6 1.9 0.0999999
v 0.9 1.9 0.0999999
v -2.3 1.9 -2.38419e-07
v -1.8 1.9 -2.38419e-07
v 0.5 1.9 -2.38419e-07
v 1 1.9 -2.38419e-07
v -0.7 1.9 -0.2
v -0.6 1.9 -0.2
v -0.7 1.9 -0.3
v -0.6 1.9 -0.3
v -2.2 2 0.6
v -1.9 2 0.6
v 0.6 2 0.6
v 0.9 2 0.6
v -2.2 2 0.5
v -1.9 2 0.5
v -1.1 2 0.5
v -0.8 2 0.5
v 0.6 2 0.5
v 0.9 2 0.5
v -2.4 2 0.4
v -2.3 2 0.4
v -1.8 2 0.4
v -1.7 2 0.4
v -1.1 2 0.4
v -0.9 2 0.4
v 1 2 0.4
v 1.4 2 0.4
v -0.8 2 0.3
v -1.8 2 0.2
v -1.7 2 0.2
v -0.9 2 0.2
v -0.8 2 0.2
v -2.4 2 0.0999999
v -2.3 2 0.0999999
v -1.1 2 0.0999999
v -0.9 2 0.0999999
v 1 2 0.0999999
v 1.4 2 0.0999999
v -2.2 2 -2.38419e-07
v -1.9 2 -2.38419e-07
v -1.1 2 -2.38419e-07
v -0.9 2 -2.38419e-07
v 0.6 2 -2.38419e-07
v 0.9 2 -2.38419e-07
v -2.2 2 -0.1
v -1.9 2 -0.1
v 0.6 2 -0.1
v 0.9 2 -0.1
v -1.2 2.1 0.6
v -0.9 2.1 0.6
v -1.2 2.1 0.5
v -0.9 2.1 0.5
v -0.8 2.1 0.5
v -0.7 2.1 0.5
v 1 2.1 0.5
v 1.5 2.1 0.5
v -0.7 2.1 0.4
v 1 2.1 0.4
v 1.4 2.1 0.4
v -0.8 2.1 0.3
v -0.7 2.1 0.3
v 1 2.1 0.0999999
v 1.4 2.1 0.0999999
v -1.2 2.1 -2.38419e-07
v -0.9 2.1 -2.38419e-07
v 1 2.1 -2.38419e-07
v 1.5 2.1 -2.38419e-07
v -1.2 2.1 -0.1
v -0.9 2.1 -0.1
v -0.8 2.1 -0.1
v -0.7 2.1 -0.1
v -0.8 2.1 -0.2
v -0.7 2.1 -0.2
v 1.1 2.2 0.6
v 1.4 2.2 0.6
v 1.1 2.2 0.5
v 1.4 2.2 0.5
v 1.5 2.2 0.4
v 1.6 2.2 0.4
v 1.5 2.2 0.0999999
v 1.6 2.2 0.0999999
v -0.9 2.2 -2.38419e-07
v -0.8 2.2 -2.38419e-07
v 1.1 2.2 -2.38419e-07
v 1.4 2.2 -2.38419e-07
v -0.9 2.2 -0.1
v -0.8 2.2 -0.1
v 1.1 2.2 -0.1
v 1.4 2.2 -0.1
v -0.9 2.3 0.6
v -0.7 2.3 0.6
v -0.9 2.3 0.5
v -0.7 2.3 0.5
v -0.5 2.3 0.5
v -1.7 2.3 0.4
v -1.6 2.3 0.4
v -0.7 2.3 0.4
v -0.5 2.3 0.4
v 1.6 2.3 0.4
v 1.7 2.3 0.4
v -1.7 2.3 0.0999999
v -1.6 2.3 0.0999999
v 1.6 2.3 0.0999999
v 1.7 2.3 0.0999999
v -0.8 2.4 0.7
v -0.7 2.4 0.7
v -0.8 2.4 0.6
v -0.7 2.4 0.6
v -0.5 2.4 0.6
v -1.8 2.4 0.5
v -1.5 2.4 0.5
v -0.7 2.4 0.5
v -0.5 2.4 0.5
v -0.4 2.4 0.5
v 1.5 2.4 0.5
v 1.8 2.4 0.5
v -1.8 2.4 0.4
v -1.6 2.4 0.4
v -0.5 2.4 0.4
v -0.4 2.4 0.4
v 1.5 2.4 0.4
v 1.7 2.4 0.4
v -1.6 2.4 0.2
v -1.5 2.4 0.2
v -1.4 2.4 0.2
v -1.8 2.4 0.0999999
v -1.6 2.4 0.0999999
v -1.5 2.4 0.0999999
v -1.4 2.4 0.0999999
v 1.5 2.4 0.0999999
v 1.6 2.4 0.0999999
v 1.7 2.4 0.0999999
v -1.8 2.4 -2.38419e-07
v -1.5 2.4 -2.38419e-07
v 1.5 2.4 -2.38419e-07
v 1.8 2.4 -2.38419e-07
v -0.9 2.5 0.7
v -0.8 2.5 0.7
v -0.7 2.5 0.7
v -0.4 2.5 0.7
v -1.9 2.5 0.6
v -1.6 2.5 0.6
v -0.9 2.5 0.6
v -0.8 2.5 0.6
v -0.7 2.5 0.6
v -0.5 2.5 0.6
v 1.4 2.5 0.6
v 1.7 2.5 0.6
v -1.9 2.5 0.5
v -1.6 2.5 0.5
v -1.5 2.5 0.5
v -1.4 2.5 0.5
v -0.5 2.5 0.5
v -0.4 2.5 0.5
v -0.2 2.5 0.5
v 1.4 2.5 0.5
v 1.7 2.5 0.5
v -1.4 2.5 0.4
v -1.3 2.5 0.4
v -0.4 2.5 0.4
v -0.3 2.5 0.4
v -0.2 2.5 0.4
v 2.38419e-07 2.5 0.4
v 0.1 2.5 0.4
v 0.4 2.5 0.4
v 1.8 2.5 0.4
v 1.9 2.5 0.4
v -1.4 2.5 0.3
v -1.3 2.5 0.3
v -0.3 2.5 0.3
v -0.2 2.5 0.3
v -1.5 2.5 0.2
v -1.4 2.5 0.2
v -0.2 2.5 0.2
v -0.0999999 2.5 0.2
v -0.0999999 2.5 0.0999999
v 2.38419e-07 2.5 0.0999999
v 0.1 2.5 0.0999999
v 0.4 2.5 0.0999999
v 1.8 2.5 0.0999999
v 1.9 2.5 0.0999999
v -1.9 2.5 -2.38419e-07
v -1.6 2.5 -2.38419e-07
v 1.4 2.5 -2.38419e-07
v 1.7 2.5 -2.38419e-07
v -1.9 2.5 -0.1
v -1.6 2.5 -0.1
v 1.4 2.5 -0.1
v 1.7 2.5 -0.1
v -0.8 2.6 0.8
v -0.5 2.6 0.8
v -0.8 2.6 0.7
v -0.5 2.6 0.7
v -1.6 2.6 0.6
v -1.5 2.6 0.6
v -1 2.6 0.6
v -0.9 2.6 0.6
v -0.4 2.6 0.6
v -0.3 2.6 0.6
v -1.6 2.6 0.5
v -1.5 2.6 0.5
v -0.4 2.6 0.5
v -0.3 2.6 0.5
v -0.2 2.6 0.5
v 0.5 2.6 0.5
v -1 2.6 0.4
v -0.9 2.6 0.4
v -0.2 2.6 0.4
v 2.38419e-07 2.6 0.4
v 0.1 2.6 0.4
v 0.4 2.6 0.4
v 2.38419e-07 2.6 0.2
v 0.1 2.6 0.2
v -0.0999999 2.6 0.0999999
v 2.38419e-07 2.6 0.0999999
v 0.1 2.6 0.0999999
v 0.4 2.6 0.0999999
v -0.0999999 2.6 -2.38419e-07
v 0.5 2.6 -2.38419e-07
v -0.3 2.6 -0.1
v -0.2 2.6 -0.1
v -0.3 2.6 -0.2
v -0.2 2.6 -0.2
v -1.8 2.7 0.7
v -1.6 2.7 0.7
v -1.8 2.7 0.6
v -1.6 2.7 0.6
v -0.3 2.7 0.6
v 2.38419e-07 2.7 0.6
v 0.1 2.7 0.6
v 0.4 2.7 0.6
v -0.3 2.7 0.5
v -0.2 2.7 0.5
v 2.38419e-07 2.7 0.5
v 0.1 2.7 0.5
v 0.4 2.7 0.5
v 0.5 2.7 0.4
v 0.6 2.7 0.4
v 2 2.7 0.4
v 2.3 2.7 0.4
v 1.9 2.7 0.2
v 2 2.7 0.2
v 2.1 2.7 0.2
v -1 2.7 0.0999999
v -0.9 2.7 0.0999999
v 0.5 2.7 0.0999999
v 0.6 2.7 0.0999999
v 1.9 2.7 0.0999999
v 2.1 2.7 0.0999999
v 2.3 2.7 0.0999999
v -0.9 2.7 -2.38419e-07
v -0.2 2.7 -2.38419e-07
v -0.0999999 2.7 -2.38419e-07
v 2.38419e-07 2.7 -2.38419e-07
v 0.1 2.7 -2.38419e-07
v 0.4 2.7 -2.38419e-07
v -0.9 2.7 -0.1
v -0.8 2.7 -0.1
v -0.7 2.7 -0.1
v -0.2 2.7 -0.1
v 2.38419e-07 2.7 -0.1
v 0.1 2.7 -0.1
v 0.4 2.7 -0.1
v -1 2.7 -0.2
v -0.9 2.7 -0.2
v -0.8 2.7 -0.2
v -0.7 2.7 -0.2
v -0.6 2.7 -0.2
v -0.5 2.7 -0.2
v -0.9 2.7 -0.3
v -0.8 2.7 -0.3
v -0.6 2.7 -0.3
v -0.5 2.7 -0.3
v 1.9 2.8 0.5
v 2.4 2.8 0.5
v 1.9 2.8 0.4
v 2 2.8 0.4
v 2.3 2.8 0.4
v -1.1 2.8 0.2
v -0.9 2.8 0.2
v 0.6 2.8 0.2
v 0.7 2.8 0.2
v 1.9 2.8 0.2
v 2 2.8 0.2
v -1 2.8 0.0999999
v -0.9 2.8 0.0999999
v 0.5 2.8 0.0999999
v 0.6 2.8 0.0999999
v 1.9 2.8 0.0999999
v 2.1 2.8 0.0999999
v 2.3 2.8 0.0999999
v 0.4 2.8 -2.38419e-07
v 0.5 2.8 -2.38419e-07
v 1.9 2.8 -2.38419e-07
v 2.4 2.8 -2.38419e-07
v 0.4 2.8 -0.1
v 0.7 2.8 -0.1
v -1 2.8 -0.2
v -0.9 2.8 -0.2
v -0.8 2.8 -0.2
v -0.7 2.8 -0.2
v -0.6 2.8 -0.2
v -1.1 2.8 -0.3
v -1 2.8 -0.3
v -0.9 2.8 -0.3
v -0.8 2.8 -0.3
v -0.6 2.8 -0.3
v -0.5 2.8 -0.3
v -0.3 2.8 -0.3
v -1 2.8 -0.4
v -0.9 2.8 -0.4
v -0.6 2.8 -0.4
v -0.5 2.8 -0.4
v -0.6 2.8 -0.6
v -0.3 2.8 -0.6
v -0.6 2.9 0.9
v -0.5 2.9 0.9
v -0.6 2.9 0.8
v -0.5 2.9 0.8
v 2 2.9 0.6
v 2.3 2.9 0.6
v 2 2.9 0.5
v 2.3 2.9 0.5
v -2.4 2.9 0.4
v -2.1 2.9 0.4
v -1.2 2.9 0.4
v -1 2.9 0.4
v 0.7 2.9 0.4
v 1 2.9 0.4
v 1.8 2.9 0.4
v 1.9 2.9 0.4
v 2.4 2.9 0.4
v 2.5 2.9 0.4
v -1 2.9 0.3
v -0.9 2.9 0.3
v 0.6 2.9 0.3
v 0.7 2.9 0.3
v -2.2 2.9 0.2
v -2.1 2.9 0.2
v -1.1 2.9 0.2
v -0.9 2.9 0.2
v 0.6 2.9 0.2
v 0.7 2.9 0.2
v 1.8 2.9 0.2
v 1.9 2.9 0.2
v -2.4 2.9 0.0999999
v -2.2 2.9 0.0999999
v -2.1 2.9 0.0999999
v 0.8 2.9 0.0999999
v 1 2.9 0.0999999
v 2.4 2.9 0.0999999
v 2.5 2.9 0.0999999
v 2 2.9 -2.38419e-07
v 2.3 2.9 -2.38419e-07
v 0.3 2.9 -0.1
v 0.7 2.9 -0.1
v 2 2.9 -0.1
v 2.3 2.9 -0.1
v -1.2 2.9 -0.2
v -1.1 2.9 -0.2
v -0.5 2.9 -0.2
v -0.3 2.9 -0.2
v -0.2 2.9 -0.2
v 0.3 2.9 -0.2
v 0.8 2.9 -0.2
v -1.1 2.9 -0.3
v -1 2.9 -0.3
v -0.9 2.9 -0.3
v -0.6 2.9 -0.3
v -0.5 2.9 -0.3
v -0.3 2.9 -0.3
v -1.1 2.9 -0.4
v -1 2.9 -0.4
v -0.9 2.9 -0.4
v -0.7 2.9 -0.4
v -0.6 2.9 -0.4
v -1 2.9 -0.5
v -0.9 2.9 -0.5
v -0.6 2.9 -0.6
v -0.3 2.9 -0.6
v -0.7 2.9 -0.7
v -0.2 2.9 -0.7
v -2.5 3 0.5
v -2 3 0.5
v -1.3 3 0.5
v -0.9 3 0.5
v 0.6 3 0.5
v 1.1 3 0.5
v -2.4 3 0.4
v -2.1 3 0.4
v -1.2 3 0.4
v -0.9 3 0.4
v 0.6 3 0.4
v 0.7 3 0.4
v 1 3 0.4
v 0.6 3 0.3
v 0.7 3 0.3
v -2.1 3 0.2
v -2 3 0.2
v -2.4 3 0.0999999
v -2.2 3 0.0999999
v -2 3 0.0999999
v 0.8 3 0.0999999
v 1 3 0.0999999
v -2.5 3 -2.38419e-07
v -2 3 -2.38419e-07
v -1.3 3 -2.38419e-07
v -1.2 3 -2.38419e-07
v 0.9 3 -2.38419e-07
v 1.1 3 -2.38419e-07
v 0.8 3 -0.1
v 0.9 3 -0.1
v 0.4 3 -0.2
v 0.7 3 -0.2
v -0.2 3 -0.3
v -0.0999999 3 -0.3
v 0.4 3 -0.3
v 0.7 3 -0.3
v -0.8 3 -0.4
v -0.7 3 -0.4
v -0.8 3 -0.6
v -0.7 3 -0.6
v -0.2 3 -0.6
v -0.0999999 3 -0.6
v -0.6 3 -0.7
v -0.3 3 -0.7
v -0.6 3 -0.8
v -0.3 3 -0.8
v -0.8 3.1 1
v -0.5 3.1 1
v -0.6 3.1 0.9
v -0.5 3.1 0.9
v -0.8 3.1 0.7
v -0.6 3.1 0.7
v -2.4 3.1 0.6
v -2.1 3.1 0.6
v -1.2 3.1 0.6
v -0.9 3.1 0.6
v -0.5 3.1 0.6
v -0.2 3.1 0.6
v 0.7 3.1 0.6
v 1 3.1 0.6
v -2.4 3.1 0.5
v -2.1 3.1 0.5
v -1.2 3.1 0.5
v -0.9 3.1 0.5
v -0.4 3.1 0.5
v -0.2 3.1 0.5
v 0.7 3.1 0.5
v 1 3.1 0.5
v -2.6 3.1 0.4
v -2.5 3.1 0.4
v -2 3.1 0.4
v -1.9 3.1 0.4
v -1.4 3.1 0.4
v -1.3 3.1 0.4
v -0.5 3.1 0.4
v -0.4 3.1 0.4
v 1.1 3.1 0.4
v 1.2 3.1 0.4
v -2 3.1 0.2
v -1.9 3.1 0.2
v -2.6 3.1 0.0999999
v -2.5 3.1 0.0999999
v -1.4 3.1 0.0999999
v -1.3 3.1 0.0999999
v 1.1 3.1 0.0999999
v 1.2 3.1 0.0999999
v -2.4 3.1 -2.38419e-07
v -2.1 3.1 -2.38419e-07
v 0.9 3.1 -2.38419e-07
v 1 3.1 -2.38419e-07
v -2.4 3.1 -0.1
v -2.1 3.1 -0.1
v 0.9 3.1 -0.1
v 1 3.1 -0.1
v -1.2 3.1 -0.2
v -1.1 3.1 -0.2
v -1.2 3.1 -0.3
v -1.1 3.1 -0.3
v -0.9 3.2 1.1
v -0.4 3.2 1.1
v -0.8 3.2 1
v -0.5 3.2 1
v -0.5 3.2 0.9
v -0.8 3.2 0.7
v -0.6 3.2 0.7
v -0.5 3.2 0.7
v -0.4 3.2 0.7
v -0.0999999 3.2 0.7
v -0.9 3.2 0.6
v -0.6 3.2 0.6
v -0.5 3.2 0.6
v -0.2 3.2 0.6
v -0.6 3.2 0.4
v -0.5 3.2 0.4
v -0.2 3.2 0.4
v -0.0999999 3.2 0.4
v 1.2 3.2 0.4
v 1.3 3.2 0.4
v 1.2 3.2 0.0999999
v 1.3 3.2 0.0999999
v -0.3 3.2 -0.1
v -0.2 3.2 -0.1
v -0.3 3.2 -0.2
v -0.2 3.2 -0.2
v -0.8 3.3 1.2
v -0.5 3.3 1.2
v -0.8 3.3 1.1
v -0.5 3.3 1.1
v -1 3.3 1
v -0.9 3.3 1
v -0.4 3.3 1
v -0.3 3.3 1
v -0.3 3.3 0.8
v -0.2 3.3 0.8
v -1 3.3 0.7
v -0.9 3.3 0.7
v -0.4 3.3 0.7
v -0.2 3.3 0.7
v -0.8 3.3 0.6
v -0.6 3.3 0.6
v -0.0999999 3.3 0.6
v 2.38419e-07 3.3 0.6
v -0.8 3.3 0.5
v -0.7 3.3 0.5
v 1.1 3.3 0.5
v 1.4 3.3 0.5
v -0.7 3.3 0.4
v -0.6 3.3 0.4
v 1.1 3.3 0.4
v 1.3 3.3 0.4
v -0.0999999 3.3 0.3
v 2.38419e-07 3.3 0.3
v 1.1 3.3 0.0999999
v 1.3 3.3 0.0999999
v 1.4 3.3 0.0999999
v 1.5 3.3 0.0999999
v -1.3 3.3 -2.38419e-07
v -1.2 3.3 -2.38419e-07
v 1.1 3.3 -2.38419e-07
v 1.2 3.3 -2.38419e-07
v -1.3 3.3 -0.1
v -1.2 3.3 -0.1
v 1.2 3.3 -0.2
v 1.5 3.3 -0.2
v 1 3.4 0.6
v 1.3 3.4 0.6
v 1 3.4 0.5
v 1.3 3.4 0.5
v -1.9 3.4 0.4
v -1.6 3.4 0.4
v 1.4 3.4 0.4
v 1.5 3.4 0.4
v 1.5 3.4 0.2
v 1.6 3.4 0.2
v -1.9 3.4 0.0999999
v -1.6 3.4 0.0999999
v -1.4 3.4 0.0999999
v -1.3 3.4 0.0999999
v 1.4 3.4 0.0999999
v 1.5 3.4 0.0999999
v -1.4 3.4 -2.38419e-07
v -1.3 3.4 -2.38419e-07
v 1 3.4 -2.38419e-07
v 1.2 3.4 -2.38419e-07
v 1 3.4 -0.1
v 1.1 3.4 -0.1
v 1.2 3.4 -0.2
v 1.5 3.4 -0.2
v 1.1 3.4 -0.3
v 1.6 3.4 -0.3
v -2 3.5 0.5
v -1.5 3.5 0.5
v -1.9 3.5 0.4
v -1.6 3.5 0.4
v -1.6 3.5 0.2
v -1.5 3.5 0.2
v -1.4 3.5 0.2
v -1.9 3.5 0.0999999
v -1.6 3.5 0.0999999
v -1.4 3.5 0.0999999
v 1.6 3.5 0.0999999
v 1.7 3.5 0.0999999
v -2 3.5 -2.38419e-07
v -1.6 3.5 -2.38419e-07
v -1.5 3.5 -2.38419e-07
v -1.4 3.5 -2.38419e-07
v -1.6 3.5 -0.1
v -1.5 3.5 -0.1
v 1 3.5 -0.1
v 1.1 3.5 -0.1
v 1 3.5 -0.2
v 1.1 3.5 -0.2
v 1.6 3.5 -0.2
v 1.7 3.5 -0.2
v 1.2 3.5 -0.3
v 1.5 3.5 -0.3
v 1.2 3.5 -0.4
v 1.5 3.5 -0.4
v -0.6 3.5 -0.6
v -0.5 3.5 -0.6
v -0.3 3.5 -0.6
v -0.6 3.5 -0.8
v -0.3 3.5 -0.8
v -1.9 3.6 0.6
v -1.6 3.6 0.6
v -1.9 3.6 0.5
v -1.6 3.6 0.5
v -2.1 3.6 0.4
v -2 3.6 0.4
v -1.5 3.6 0.4
v -1.4 3.6 0.4
v -2.1 3.6 0.2
v -2 3.6 0.2
v -1.5 3.6 0.2
v -1.4 3.6 0.2
v -2.1 3.6 0.0999999
v -2 3.6 0.0999999
v -1.9 3.6 -2.38419e-07
v -1.6 3.6 -2.38419e-07
v -1.9 3.6 -0.1
v -1.7 3.6 -0.1
v -1.6 3.6 -0.1
v -1.7 3.6 -0.2
v -1.6 3.6 -0.2
v -0.7 3.6 -0.4
v -0.6 3.6 -0.4
v -0.5 3.6 -0.4
v -0.2 3.6 -0.4
v -0.5 3.6 -0.5
v -0.3 3.6 -0.5
v -0.6 3.6 -0.6
v -0.6 3.6 -0.8
v -0.3 3.6 -0.8
v -0.7 3.6 -0.9
v -0.2 3.6 -0.9
v -0.0999999 3.7 0.4
v 2.38419e-07 3.7 0.4
v -2.2 3.7 0.2
v -2.1 3.7 0.2
v -0.0999999 3.7 0.2
v -2.2 3.7 0.0999999
v -2.1 3.7 0.0999999
v -0.0999999 3.7 0.0999999
v 2.38419e-07 3.7 0.0999999
v -0.6 3.7 -0.3
v -0.3 3.7 -0.3
v -0.6 3.7 -0.4
v -0.5 3.7 -0.4
v -0.3 3.7 -0.4
v -0.8 3.7 -0.5
v -0.7 3.7 -0.5
v -0.2 3.7 -0.5
v -0.0999999 3.7 -0.5
v -1 3.7 -0.8
v -0.8 3.7 -0.8
v -0.2 3.7 -0.8
v -0.0999999 3.7 -0.8
v -0.7 3.7 -0.9
v -0.6 3.7 -0.9
v -0.3 3.7 -0.9
v -0.6 3.7 -1
v -0.3 3.7 -1
v -1 3.7 -1.1
v -0.7 3.7 -1.1
v -0.7 3.8 1.5
v -0.4 3.8 1.5
v -0.7 3.8 1.2
v -0.6 3.8 1.2
v -0.5 3.8 1.2
v -0.4 3.8 1.2
v -0.6 3.8 1
v -0.5 3.8 1
v -0.2 3.8 0.5
v 0.1 3.8 0.5
v -0.2 3.8 0.4
v 2.38419e-07 3.8 0.4
v 1.5 3.8 0.4
v 1.8 3.8 0.4
v 1.5 3.8 0.3
v 1.5 3.8 0.2
v 1.6 3.8 0.2
v 1.7 3.8 0.2
v -0.0999999 3.8 0.0999999
v 2.38419e-07 3.8 0.0999999
v 1.6 3.8 0.0999999
v 1.7 3.8 0.0999999
v 1.8 3.8 0.0999999
v -0.0999999 3.8 -2.38419e-07
v 0.1 3.8 -2.38419e-07
v -1.8 3.8 -0.1
v -1.7 3.8 -0.1
v -1.8 3.8 -0.2
v -1.7 3.8 -0.2
v -1.1 3.8 -0.7
v -0.8 3.8 -0.7
v -1 3.8 -0.8
v -0.8 3.8 -0.8
v -0.7 3.8 -0.9
v -0.6 3.8 -0.9
v -0.6 3.8 -1
v -1 3.8 -1.1
v -0.7 3.8 -1.1
v -1.1 3.8 -1.2
v -0.6 3.8 -1.2
v -0.8 3.9 1.6
v -0.3 3.9 1.6
v -0.7 3.9 1.5
v -0.4 3.9 1.5
v -0.7 3.9 1.2
v -0.6 3.9 1.2
v -0.5 3.9 1.2
v -0.4 3.9 1.2
v -0.8 3.9 1.1
v -0.6 3.9 1.1
v -0.5 3.9 1.1
v -0.3 3.9 1.1
v -0.3 3.9 0.6
v 2.38419e-07 3.9 0.6
v -0.3 3.9 0.5
v 2.38419e-07 3.9 0.5
v 1.4 3.9 0.5
v 1.9 3.9 0.5
v 0.1 3.9 0.4
v 0.2 3.9 0.4
v 1.5 3.9 0.4
v 1.8 3.9 0.4
v -2.3 3.9 0.2
v -2.2 3.9 0.2
v -1 3.9 0.2
v -0.9 3.9 0.2
v 0.2 3.9 0.2
v 0.5 3.9 0.2
v 1.4 3.9 0.2
v 1.5 3.9 0.2
v -2.3 3.9 0.0999999
v -2.2 3.9 0.0999999
v -1 3.9 0.0999999
v -0.9 3.9 0.0999999
v 0.1 3.9 0.0999999
v 0.2 3.9 0.0999999
v 1.6 3.9 0.0999999
v 1.7 3.9 0.0999999
v 1.8 3.9 0.0999999
v -0.2 3.9 -2.38419e-07
v -0.0999999 3.9 -2.38419e-07
v 2.38419e-07 3.9 -2.38419e-07
v 1.6 3.9 -2.38419e-07
v 1.9 3.9 -2.38419e-07
v -0.2 3.9 -0.1
v 2.38419e-07 3.9 -0.1
v 0.2 3.9 -0.1
v 0.5 3.9 -0.1
v -1 3.9 -0.6
v -0.8 3.9 -0.6
v -1 3.9 -0.7
v -0.8 3.9 -0.7
v -1.2 3.9 -0.8
v -1.1 3.9 -0.8
v -0.3 3.9 -0.9
v -0.2 3.9 -0.9
v -0.6 3.9 -1
v -0.3 3.9 -1
v -1.2 3.9 -1.1
v -1.1 3.9 -1.1
v -0.6 3.9 -1.1
v -0.2 3.9 -1.1
v -1 3.9 -1.2
v -0.7 3.9 -1.2
v -1 3.9 -1.3
v -0.7 3.9 -1.3
v -0.7 4 1.7
v -0.4 4 1.7
v -0.7 4 1.6
v -0.4 4 1.6
v -0.9 4 1.5
v -0.8 4 1.5
v -0.3 4 1.5
v -0.2 4 1.5
v -0.9 4 1.2
v -0.8 4 1.2
v -0.3 4 1.2
v -0.2 4 1.2
v -0.7 4 1.1
v -0.6 4 1.1
v -0.5 4 1.1
v -0.4 4 1.1
v -0.7 4 1
v -0.6 4 1
v -0.5 4 1
v -0.4 4 1
v 1.5 4 0.6
v 1.8 4 0.6
v 1.5 4 0.5
v 1.8 4 0.5
v -1.1 4 0.4
v -0.8 4 0.4
v 1.3 4 0.4
v 1.4 4 0.4
v 1.9 4 0.4
v 2 4 0.4
v -2.4 4 0.3
v -2.1 4 0.3
v -0.8 4 0.3
v 0.2 4 0.3
v 0.6 4 0.3
v -2.3 4 0.2
v -2.1 4 0.2
v -1.1 4 0.2
v -1 4 0.2
v -0.8 4 0.2
v 0.2 4 0.2
v 0.5 4 0.2
v 1.4 4 0.2
v -2.3 4 0.0999999
v -2.1 4 0.0999999
v -1.1 4 0.0999999
v -1 4 0.0999999
v 0.1 4 0.0999999
v 0.2 4 0.0999999
v 1.3 4 0.0999999
v 1.4 4 0.0999999
v 1.9 4 0.0999999
v 2 4 0.0999999
v -2.4 4 -2.38419e-07
v -2.1 4 -2.38419e-07
v 0.1 4 -2.38419e-07
v 1.5 4 -2.38419e-07
v 1.8 4 -2.38419e-07
v 0.2 4 -0.1
v 0.5 4 -0.1
v 1.5 4 -0.1
v 1.8 4 -0.1
v 0.1 4 -0.2
v 0.6 4 -0.2
v -0.2 4 -0.8
v -0.0999999 4 -0.8
v -0.2 4 -1
v -0.0999999 4 -1
v -0.6 4 -1.1
v -0.3 4 -1.1
v -0.6 4 -1.2
v -0.3 4 -1.2
v -1.2 4.1 0.5
v -0.7 4.1 0.5
v -2.5 4.1 0.4
v -2 4.1 0.4
v -1.1 4.1 0.4
v -0.8 4.1 0.4
v -0.7 4.1 0.4
v 0.2 4.1 0.4
v 0.8 4.1 0.4
v -2.4 4.1 0.3
v -2.1 4.1 0.3
v -0.8 4.1 0.3
v -0.7 4.1 0.3
v 0.2 4.1 0.3
v 0.6 4.1 0.3
v -2.1 4.1 0.2
v -2 4.1 0.2
v -1.1 4.1 0.2
v -2.1 4.1 0.0999999
v -2 4.1 0.0999999
v -1.1 4.1 0.0999999
v -0.9 4.1 0.0999999
v 0.7 4.1 0.0999999
v 0.8 4.1 0.0999999
v -2.4 4.1 -2.38419e-07
v -2.1 4.1 -2.38419e-07
v -1.2 4.1 -2.38419e-07
v -0.9 4.1 -2.38419e-07
v 2.38419e-07 4.1 -2.38419e-07
v 0.1 4.1 -2.38419e-07
v -2.5 4.1 -0.1
v -2.1 4.1 -0.1
v 2.38419e-07 4.1 -0.1
v 0.1 4.1 -0.1
v 0.6 4.1 -0.1
v 0.7 4.1 -0.1
v -2.1 4.1 -0.2
v -2 4.1 -0.2
v 0.2 4.1 -0.2
v 0.5 4.1 -0.2
v 0.2 4.1 -0.3
v 0.5 4.1 -0.3
v -1.1 4.2 0.6
v -0.8 4.2 0.6
v -2.4 4.2 0.5
v -2.1 4.2 0.5
v -1.1 4.2 0.5
v -0.8 4.2 0.5
v 0.4 4.2 0.5
v 0.9 4.2 0.5
v -2.4 4.2 0.4
v -2.1 4.2 0.4
v -1.3 4.2 0.4
v -1.2 4.2 0.4
v 0.4 4.2 0.4
v 0.8 4.2 0.4
v -2.6 4.2 0.3
v -2.5 4.2 0.3
v -2 4.2 0.3
v -1.9 4.2 0.3
v -2 4.2 0.2
v -2 4.2 0.0999999
v -1.3 4.2 0.0999999
v -1.2 4.2 0.0999999
v 0.7 4.2 0.0999999
v 0.8 4.2 0.0999999
v -2.6 4.2 -2.38419e-07
v -2.5 4.2 -2.38419e-07
v -2 4.2 -2.38419e-07
v -1.9 4.2 -2.38419e-07
v -1.1 4.2 -2.38419e-07
v -0.9 4.2 -2.38419e-07
v -0.8 4.2 -2.38419e-07
v 0.7 4.2 -2.38419e-07
v 0.9 4.2 -2.38419e-07
v -2.4 4.2 -0.1
v -2.1 4.2 -0.1
v -1.1 4.2 -0.1
v -0.8 4.2 -0.1
v -2.4 4.2 -0.2
v -2.2 4.2 -0.2
v -2.1 4.2 -0.2
v -2.2 4.2 -0.3
v -2.1 4.2 -0.3
v 0.5 4.3 0.6
v 0.8 4.3 0.6
v 0.5 4.3 0.5
v 0.8 4.3 0.5
v 0.9 4.3 0.4
v 1 4.3 0.4
v -1.4 4.3 0.2
v -1.3 4.3 0.2
v -1.4 4.3 0.0999999
v -1.3 4.3 0.0999999
v 0.9 4.3 0.0999999
v 1 4.3 0.0999999
v 0.7 4.3 -2.38419e-07
v 0.8 4.3 -2.38419e-07
v -0.9 4.3 -0.1
v -0.8 4.3 -0.1
v -0.7 4.3 -0.1
v 0.7 4.3 -0.1
v 0.8 4.3 -0.1
v -2.3 4.3 -0.2
v -2.2 4.3 -0.2
v -0.7 4.3 -0.2
v -0.6 4.3 -0.2
v -2.3 4.3 -0.3
v -2.2 4.3 -0.3
v -0.9 4.3 -0.3
v -0.6 4.3 -0.3
v -1.5 4.4 0.2
v -1.4 4.4 0.2
v -1.5 4.4 0.0999999
v -1.4 4.4 0.0999999
v 0.9 4.4 0.0999999
v 1 4.4 0.0999999
v -0.2 4.4 -2.38419e-07
v -0.0999999 4.4 -2.38419e-07
v 0.8 4.4 -2.38419e-07
v 0.9 4.4 -2.38419e-07
v -1 4.4 -0.1
v -0.9 4.4 -0.1
v -0.3 4.4 -0.1
v -0.2 4.4 -0.1
v 2.38419e-07 4.4 -0.1
v 0.1 4.4 -0.1
v 0.8 4.4 -0.1
v 1 4.4 -0.1
v -2.4 4.4 -0.2
v -2.3 4.4 -0.2
v -0.6 4.4 -0.2
v -0.5 4.4 -0.2
v -0.4 4.4 -0.2
v -0.3 4.4 -0.2
v 2.38419e-07 4.4 -0.2
v 0.1 4.4 -0.2
v -2.4 4.4 -0.3
v -2.3 4.4 -0.3
v -0.9 4.4 -0.3
v -0.6 4.4 -0.3
v -0.4 4.4 -0.3
v -0.0999999 4.4 -0.3
v -1 4.4 -0.4
v -0.5 4.4 -0.4
v -1.7 4.5 0.3
v -1.4 4.5 0.3
v 1 4.5 0.3
v 1.1 4.5 0.3
v -1.7 4.5 0.2
v -1.5 4.5 0.2
v -1.4 4.5 0.2
v -0.0999999 4.5 0.2
v 0.1 4.5 0.2
v -1.7 4.5 0.0999999
v -1.5 4.5 0.0999999
v -1.4 4.5 0.0999999
v 2.38419e-07 4.5 0.0999999
v 0.1 4.5 0.0999999
v -1.7 4.5 -2.38419e-07
v -1.4 4.5 -2.38419e-07
v -0.0999999 4.5 -2.38419e-07
v -2.5 4.5 -0.1
v -2.4 4.5 -0.1
v -1.1 4.5 -0.1
v -1 4.5 -0.1
v 0.6 4.5 -0.1
v 1 4.5 -0.1
v -2.5 4.5 -0.2
v -2.4 4.5 -0.2
v -0.5 4.5 -0.2
v -0.4 4.5 -0.2
v 2.38419e-07 4.5 -0.2
v 0.4 4.5 -0.2
v 0.6 4.5 -0.2
v 1.1 4.5 -0.2
v -1.1 4.5 -0.3
v -1 4.5 -0.3
v -0.4 4.5 -0.3
v -0.0999999 4.5 -0.3
v 2.38419e-07 4.5 -0.3
v 0.4 4.5 -0.3
v -0.9 4.5 -0.4
v -0.6 4.5 -0.4
v -0.5 4.5 -0.4
v 2.38419e-07 4.5 -0.4
v -0.9 4.5 -0.5
v -0.6 4.5 -0.5
v -0.7 4.6 1.5
v -0.4 4.6 1.5
v -0.6 4.6 1.4
v -0.5 4.6 1.4
v -0.7 4.6 1.2
v -0.6 4.6 1.2
v -0.5 4.6 1.2
v -0.4 4.6 1.2
v -1.8 4.6 0.4
v -1.3 4.6 0.4
v -1.7 4.6 0.3
v -1.4 4.6 0.3
v 2.38419e-07 4.6 0.3
v 0.3 4.6 0.3
v -1.8 4.6 0.2
v -1.7 4.6 0.2
v -1.4 4.6 0.2
v -1.3 4.6 0.2
v 2.38419e-07 4.6 0.2
v 0.3 4.6 0.2
v 1.1 4.6 0.2
v 1.2 4.6 0.2
v -1.8 4.6 0.0999999
v -1.7 4.6 0.0999999
v -1.4 4.6 0.0999999
v -1.3 4.6 0.0999999
v -1.7 4.6 -2.38419e-07
v -1.4 4.6 -2.38419e-07
v -1.8 4.6 -0.1
v -1.3 4.6 -0.1
v 0.4 4.6 -0.1
v 0.5 4.6 -0.1
v 1.1 4.6 -0.1
v 1.2 4.6 -0.1
v 0.4 4.6 -0.2
v 0.5 4.6 -0.2
v 0.7 4.6 -0.2
v 1 4.6 -0.2
v 2.38419e-07 4.6 -0.3
v 0.3 4.6 -0.3
v 0.7 4.6 -0.3
v 1 4.6 -0.3
v -0.4 4.6 -0.4
v -0.0999999 4.6 -0.4
v 2.38419e-07 4.6 -0.4
v 0.3 4.6 -0.4
v -0.4 4.6 -0.5
v -0.0999999 4.6 -0.5
v -0.7 4.6 -0.7
v -0.4 4.6 -0.7
v -0.6 4.6 -0.8
v -0.5 4.6 -0.8
v -0.7 4.6 -1
v -0.6 4.6 -1
v -0.5 4.6 -1
v -0.4 4.6 -1
v -0.8 4.7 1.6
v -0.3 4.7 1.6
v -0.7 4.7 1.5
v -0.4 4.7 1.5
v -0.7 4.7 1.2
v -0.6 4.7 1.2
v -0.5 4.7 1.2
v -0.4 4.7 1.2
v -0.8 4.7 1.1
v -0.3 4.7 1.1
v -1.7 4.7 0.5
v -1.4 4.7 0.5
v -0.9 4.7 0.5
v -0.4 4.7 0.5
v -1.7 4.7 0.4
v -1.4 4.7 0.4
v -0.9 4.7 0.4
v -0.7 4.7 0.4
v -0.4 4.7 0.4
v -0.3 4.7 0.4
v -0.0999999 4.7 0.4
v -1.9 4.7 0.3
v -1.8 4.7 0.3
v -1.3 4.7 0.3
v -1.2 4.7 0.3
v -0.3 4.7 0.3
v -0.2 4.7 0.3
v -1.8 4.7 0.2
v -1.3 4.7 0.2
v -0.2 4.7 0.2
v -0.0999999 4.7 0.2
v -1.8 4.7 0.0999999
v -1.3 4.7 0.0999999
v -1.9 4.7 -2.38419e-07
v -1.8 4.7 -2.38419e-07
v -1.3 4.7 -2.38419e-07
v -1.2 4.7 -2.38419e-07
v -1.7 4.7 -0.1
v -1.4 4.7 -0.1
v -1.7 4.7 -0.2
v -1.4 4.7 -0.2
v -0.8 4.7 -0.6
v -0.3 4.7 -0.6
v -0.7 4.7 -0.7
v -0.4 4.7 -0.7
v -0.7 4.7 -1
v -0.6 4.7 -1
v -0.5 4.7 -1
v -0.4 4.7 -1
v -0.8 4.7 -1.1
v -0.3 4.7 -1.1
v -0.7 4.8 1.7
v -0.4 4.8 1.7
v -0.7 4.8 1.6
v -0.4 4.8 1.6
v -0.9 4.8 1.5
v -0.8 4.8 1.5
v -0.3 4.8 1.5
v -0.2 4.8 1.5
v -0.9 4.8 1.2
v -0.8 4.8 1.2
v -0.3 4.8 1.2
v -0.2 4.8 1.2
v -0.7 4.8 1.1
v -0.4 4.8 1.1
v -0.7 4.8 1
v -0.4 4.8 1
v -0.9 4.8 0.7
v -0.6 4.8 0.7
v -0.6 4.8 0.6
v -0.5 4.8 0.6
v -0.9 4.8 0.5
v -0.5 4.8 0.5
v -0.4 4.8 0.5
v 2.38419e-07 4.8 0.5
v -1 4.8 0.4
v -0.9 4.8 0.4
v -0.4 4.8 0.4
v -0.3 4.8 0.4
v -0.0999999 4.8 0.4
v 2.38419e-07 4.8 0.3
v 1.1 4.8 0.3
v 1.3 4.8 0.3
v -0.9 4.8 0.2
v -0.0999999 4.8 0.2
v 2.38419e-07 4.8 0.2
v 1.1 4.8 0.2
v 1.2 4.8 0.2
v -1 4.8 0.0999999
v -0.9 4.8 0.0999999
v 1.2 4.8 0.0999999
v 1.2 4.8 -2.38419e-07
v 1.3 4.8 -2.38419e-07
v -0.5 4.8 -0.4
v -0.4 4.8 -0.4
v -0.0999999 4.8 -0.4
v 2.38419e-07 4.8 -0.4
v -0.7 4.8 -0.5
v -0.6 4.8 -0.5
v -0.5 4.8 -0.5
v -0.4 4.8 -0.5
v -0.0999999 4.8 -0.5
v -0.7 4.8 -0.6
v -0.3 4.8 -0.6
v 2.38419e-07 4.8 -0.6
v -0.9 4.8 -0.7
v -0.8 4.8 -0.7
v -0.3 4.8 -0.7
v -0.2 4.8 -0.7
v -0.9 4.8 -1
v -0.8 4.8 -1
v -0.3 4.8 -1
v -0.2 4.8 -1
v -0.7 4.8 -1.1
v -0.4 4.8 -1.1
v -0.7 4.8 -1.2
v -0.4 4.8 -1.2
v -1 4.9 0.8
v -0.5 4.9 0.8
v -0.9 4.9 0.7
v -0.6 4.9 0.7
v -0.6 4.9 0.6
v -0.5 4.9 0.6
v -0.4 4.9 0.6
v -0.0999999 4.9 0.6
v -0.4 4.9 0.5
v -0.0999999 4.9 0.5
v -1 4.9 0.4
v -0.9 4.9 0.4
v 2.38419e-07 4.9 0.4
v 0.1 4.9 0.4
v 1 4.9 0.4
v 1.4 4.9 0.4
v 2.38419e-07 4.9 0.3
v 0.1 4.9 0.3
v 1 4.9 0.3
v 1.3 4.9 0.3
v 1.2 4.9 -2.38419e-07
v 1.3 4.9 -2.38419e-07
v 1.2 4.9 -0.1
v 1.4 4.9 -0.1
v -0.8 4.9 -0.4
v -0.5 4.9 -0.4
v 2.38419e-07 4.9 -0.4
v 0.1 4.9 -0.4
v -0.8 4.9 -0.5
v -0.7 4.9 -0.5
v -0.5 4.9 -0.5
v 2.38419e-07 4.9 -0.5
v 0.1 4.9 -0.5
v -0.3 4.9 -0.6
v -0.0999999 4.9 -0.6
v -0.3 4.9 -0.7
v -0.2 4.9 -0.7
v -0.0999999 4.9 -0.7
v -0.9 5 0.9
v -0.6 5 0.9
v -0.9 5 0.8
v -0.6 5 0.8
v -1.1 5 0.7
v -1 5 0.7
v -0.5 5 0.7
v -0.4 5 0.7
v -0.4 5 0.6
v -0.5 5 0.5
v -0.4 5 0.5
v 1 5 0.5
v 1.3 5 0.5
v -1.1 5 0.4
v -1 5 0.4
v 1 5 0.4
v 1.3 5 0.4
v 1.4 5 0.3
v 1.5 5 0.3
v 1.4 5 -2.38419e-07
v 1.5 5 -2.38419e-07
v 1.1 5 -0.1
v 1.3 5 -0.1
v 1.1 5 -0.2
v 1.3 5 -0.2
v -0.6 5.1 0.9
v -0.4 5.1 0.9
v -0.6 5.1 0.8
v -0.5 5.1 0.8
v -0.5 5.1 0.7
v -0.4 5.1 0.7
v -0.8 5.2 1
v -0.3 5.2 1
v -0.8 5.2 0.9
v -0.4 5.2 0.9
v -0.4 5.2 0.6
v -0.3 5.2 0.6
v -0.7 5.3 1.1
v -0.4 5.3 1.1
v -0.7 5.3 1
v -0.4 5.3 1
v -0.3 5.3 0.9
v -0.2 5.3 0.9
v -0.3 5.3 0.6
v -0.2 5.3 0.6
v -3 0.1 3
v -0.4 0.1 3
v 0.7 0.1 3
v 3 0.1 3
v -0.6 0.1 2.9
v -0.4 0.1 2.9
v 0.7 0.1 2.9
v 1 0.1 2.9
v -0.8 0.1 2.8
v -0.6 0.1 2.8
v 1 0.1 2.8
v 1.3 0.1 2.8
v -1 0.1 2.7
v -0.8 0.1 2.7
v 1.3 0.1 2.7
v 1.5 0.1 2.7
v -1.2 0.1 2.6
v -1 0.1 2.6
v -1.3 0.1 2.5
v -1.2 0.1 2.5
v 1.5 0.1 2.5
v 1.6 0.1 2.5
v -1.4 0.1 2.4
v -1.3 0.1 2.4
v -0.0999999 0.1 2.4
v 0.5 0.1 2.4
v -1.5 0.1 2.3
v -1.4 0.1 2.3
v -0.2 0.1 2.3
v -0.0999999 0.1 2.3
v 0.5 0.1 2.3
v 0.7 0.1 2.3
v -1.6 0.1 2.2
v -1.5 0.1 2.2
v -0.3 0.1 2.2
v -0.2 0.1 2.2
v 1.6 0.1 2.2
v 1.7 0.1 2.2
v -1.8 0.1 2.1
v -1.6 0.1 2.1
v -0.4 0.1 2.1
v -0.3 0.1 2.1
v 0.7 0.1 2.1
v 0.8 0.1 2.1
v 1.7 0.1 2.1
v 1.8 0.1 2.1
v -1.9 0.1 2
v -1.8 0.1 2
v -0.6 0.1 2
v -0.4 0.1 2
v -2 0.1 1.9
v -1.9 0.1 1.9
v -0.7 0.1 1.9
v -0.6 0.1 1.9
v 0.8 0.1 1.9
v 0.9 0.1 1.9
v 1.8 0.1 1.9
v 1.9 0.1 1.9
v -2.2 0.1 1.8
v -2 0.1 1.8
v -0.9 0.1 1.8
v -0.7 0.1 1.8
v -1 0.1 1.7
v -0.9 0.1 1.7
v -2.2 0.1 1.6
v -2.1 0.1 1.6
v -1.1 0.1 1.6
v -1 0.1 1.6
v 0.9 0.1 1.6
v 1 0.1 1.6
v 1.9 0.1 1.6
v 2 0.1 1.6
v -1.2 0.1 1.5
v -1.1 0.1 1.5
v -1.3 0.1 1.4
v -1.2 0.1 1.4
v 1 0.1 1.4
v 1.1 0.1 1.4
v 2 0.1 1.4
v 2.1 0.1 1.4
v -1.4 0.1 1.3
v -1.3 0.1 1.3
v -2.1 0.1 1.2
v -2 0.1 1.2
v 2.1 0.1 1.2
v 2.2 0.1 1.2
v -2.6 0.1 1.1
v -2.1 0.1 1.1
v -2 0.1 1.1
v -1.9 0.1 1.1
v -1.5 0.1 1.1
v -1.4 0.1 1.1
v 1.1 0.1 1.1
v 1.2 0.1 1.1
v 2.2 0.1 1.1
v 2.3 0.1 1.1
v -2.7 0.1 1
v -2.6 0.1 1
v -2.1 0.1 1
v -2 0.1 1
v -1.9 0.1 1
v -1.8 0.1 1
v -2 0.1 0.9
v -1.9 0.1 0.9
v -1.8 0.1 0.9
v -1.7 0.1 0.9
v -1.6 0.1 0.9
v -1.5 0.1 0.9
v -2.8 0.1 0.8
v -2.7 0.1 0.8
v -1.9 0.1 0.8
v -1.8 0.1 0.8
v -1.7 0.1 0.8
v -1.6 0.1 0.8
v -2.9 0.1 0.7
v -2.8 0.1 0.7
v -1.8 0.1 0.7
v -1.7 0.1 0.7
v 1.2 0.1 0.7
v 1.4 0.1 0.7
v -3 0.1 0.6
v -2.9 0.1 0.6
v -1.8 0.1 0.6
v -1.7 0.1 0.6
v 1.4 0.1 0.6
v 1.5 0.1 0.6
v 2.1 0.1 0.6
v 2.3 0.1 0.6
v -2 0.1 0.5
v -1.8 0.1 0.5
v 1.5 0.1 0.5
v 1.6 0.1 0.5
v -2.1 0.1 0.4
v -2 0.1 0.4
v 1.6 0.1 0.4
v 1.7 0.1 0.4
v 2 0.1 0.4
v 2.1 0.1 0.4
v -3 0.1 0.3
v -2.9 0.1 0.3
v -2.2 0.1 0.3
v -2.1 0.1 0.3
v -2.3 0.1 0.2
v -2.2 0.1 0.2
v 2 0.1 0.2
v 2.1 0.1 0.2
v 1.7 0.1 0.0999999
v 1.8 0.1 0.0999999
v 1.8 0.1 -2.38419e-07
v 1.9 0.1 -2.38419e-07
v 2.1 0.1 -2.38419e-07
v 2.2 0.1 -2.38419e-07
v -2.9 0.1 -0.1
v -2.8 0.1 -0.1
v 1.9 0.1 -0.1
v 2 0.1 -0.1
v 1.8 0.1 -0.2
v 1.9 0.1 -0.2
v 2 0.1 -0.2
v 2.1 0.1 -0.2
v 2.2 0.1 -0.2
v 2.3 0.1 -0.2
v 1.8 0.1 -0.3
v 1.9 0.1 -0.3
v 2 0.1 -0.3
v 2.1 0.1 -0.3
v 2.2 0.1 -0.3
v 2 0.1 -0.4
v 2.1 0.1 -0.4
v 2.2 0.1 -0.4
v 2.3 0.1 -0.4
v -2.8 0.1 -0.5
v -2.7 0.1 -0.5
v 1.8 0.1 -0.5
v 1.9 0.1 -0.5
v 2.1 0.1 -0.5
v 2.3 0.1 -0.5
v -2.3 0.1 -0.8
v -2.2 0.1 -0.8
v 1.7 0.1 -0.8
v 1.8 0.1 -0.8
v 2.2 0.1 -0.8
v 2.3 0.1 -0.8
v -2.7 0.1 -1
v -2.6 0.1 -1
v -2.2 0.1 -1
v -2 0.1 -1
v 1.6 0.1 -1
v 1.7 0.1 -1
v 2.1 0.1 -1
v 2.2 0.1 -1
v -2.6 0.1 -1.1
v -2.5 0.1 -1.1
v -2 0.1 -1.1
v -1.7 0.1 -1.1
v 1.5 0.1 -1.1
v 1.6 0.1 -1.1
v -1.7 0.1 -1.2
v -1.2 0.1 -1.2
v 1.3 0.1 -1.2
v 1.5 0.1 -1.2
v 2 0.1 -1.2
v 2.1 0.1 -1.2
v -2.5 0.1 -1.3
v -2.4 0.1 -1.3
v -1.2 0.1 -1.3
v -1 0.1 -1.3
v 1.1 0.1 -1.3
v 1.3 0.1 -1.3
v -1 0.1 -1.4
v -0.9 0.1 -1.4
v 1 0.1 -1.4
v 1.1 0.1 -1.4
v 1.9 0.1 -1.4
v 2 0.1 -1.4
v -2.4 0.1 -1.5
v -2.3 0.1 -1.5
v -0.9 0.1 -1.5
v -0.6 0.1 -1.5
v 0.8 0.1 -1.5
v 1 0.1 -1.5
v -2.3 0.1 -1.6
v -2.2 0.1 -1.6
v -0.6 0.1 -1.6
v 2.38419e-07 0.1 -1.6
v 0.5 0.1 -1.6
v 0.8 0.1 -1.6
v 1.7 0.1 -1.6
v 1.9 0.1 -1.6
v -2.2 0.1 -1.7
v -1.6 0.1 -1.7
v 2.38419e-07 0.1 -1.7
v 0.5 0.1 -1.7
v 1.6 0.1 -1.7
v 1.7 0.1 -1.7
v -1.6 0.1 -1.8
v -1.3 0.1 -1.8
v 1.4 0.1 -1.8
v 1.6 0.1 -1.8
v -1.3 0.1 -1.9
v -1 0.1 -1.9
v 1.2 0.1 -1.9
v 1.4 0.1 -1.9
v -1 0.1 -2
v -0.8 0.1 -2
v 1 0.1 -2
v 1.2 0.1 -2
v -0.8 0.1 -2.1
v -0.4 0.1 -2.1
v 0.7 0.1 -2.1
v 1 0.1 -2.1
v -0.4 0.1 -2.2
v 0.7 0.1 -2.2
v -3 0.1 -3
v 3 0.1 -3
v -2.1 0.2 1.2
v -2 0.2 1.2
v -2 0.2 1.1
v -1.9 0.2 1.1
v -2.1 0.2 1
v -2 0.2 1
v -1.9 0.2 1
v -1.8 0.2 1
v -2 0.2 0.9
v -1.9 0.2 0.9
v -1.8 0.2 0.9
v -1.7 0.2 0.9
v -1.9 0.2 0.8
v -1.8 0.2 0.8
v -1.7 0.2 0.8
v 1.8 0.2 -0.1
v 1.9 0.2 -0.1
v 2 0.2 -0.1
v 1.8 0.2 -0.2
v 1.9 0.2 -0.2
v 2 0.2 -0.2
v 2.1 0.2 -0.2
v 1.9 0.2 -0.3
v 2 0.2 -0.3
v 2.1 0.2 -0.3
v 2.2 0.2 -0.3
v 2 0.2 -0.4
v 2.1 0.2 -0.4
v 2.2 0.2 -0.4
v 2.3 0.2 -0.4
v 2.1 0.2 -0.5
v 2.3 0.2 -0.5
v -0.0999999 0.6 2.4
v 0.5 0.6 2.4
v -0.2 0.6 2.3
v -0.0999999 0.6 2.3
v 0.5 0.6 2.3
v 0.7 0.6 2.3
v -0.3 0.6 2.2
v -0.2 0.6 2.2
v -0.4 0.6 2.1
v -0.3 0.6 2.1
v 0.7 0.6 2.1
v 0.8 0.6 2.1
v -0.6 0.6 2
v -0.4 0.6 2
v -0.2 0.6 2
v 0.1 0.6 2
v -0.7 0.6 1.9
v -0.6 0.6 1.9
v -0.2 0.6 1.9
v 0.1 0.6 1.9
v 0.8 0.6 1.9
v 0.9 0.6 1.9
v -0.9 0.6 1.8
v -0.7 0.6 1.8
v -1 0.6 1.7
v -0.9 0.6 1.7
v -1.1 0.6 1.6
v -1 0.6 1.6
v -0.9 0.6 1.6
v -0.6 0.6 1.6
v 0.9 0.6 1.6
v 1 0.6 1.6
v -1.2 0.6 1.5
v -1.1 0.6 1.5
v -0.9 0.6 1.5
v -0.6 0.6 1.5
v 0.5 0.6 1.5
v 0.8 0.6 1.5
v -1.3 0.6 1.4
v -1.2 0.6 1.4
v 0.5 0.6 1.4
v 0.8 0.6 1.4
v 1 0.6 1.4
v 1.1 0.6 1.4
v -1.4 0.6 1.3
v -1.3 0.6 1.3
v -0.3 0.6 1.2
v 0.1 0.6 1.2
v -1.5 0.6 1.1
v -1.4 0.6 1.1
v -0.7 0.6 1.1
v -0.3 0.6 1.1
v 1.1 0.6 1.1
v 1.2 0.6 1.1
v -1 0.6 1
v -0.7 0.6 1
v 0.1 0.6 1
v 0.2 0.6 1
v -1.6 0.6 0.9
v -1.5 0.6 0.9
v -1.2 0.6 0.9
v -1 0.6 0.9
v -1.8 0.6 0.8
v -1.7 0.6 0.8
v -1.6 0.6 0.8
v -1.3 0.6 0.8
v -1.2 0.6 0.8
v 0.2 0.6 0.8
v 0.3 0.6 0.8
v 1 0.6 0.8
v 1.1 0.6 0.8
v -1.8 0.6 0.7
v -1.7 0.6 0.7
v -1.6 0.6 0.7
v -1.5 0.6 0.7
v -1.4 0.6 0.7
v 1.2 0.6 0.7
v 1.4 0.6 0.7
v -1.8 0.6 0.6
v -1.7 0.6 0.6
v -1.4 0.6 0.6
v -1.3 0.6 0.6
v 0.3 0.6 0.6
v 0.4 0.6 0.6
v 1.4 0.6 0.6
v 1.5 0.6 0.6
v -2 0.6 0.5
v -1.8 0.6 0.5
v -1.6 0.6 0.5
v -1.5 0.6 0.5
v 1 0.6 0.5
v 1.1 0.6 0.5
v 1.5 0.6 0.5
v 1.6 0.6 0.5
v -2.1 0.6 0.4
v -2 0.6 0.4
v 0.4 0.6 0.4
v 0.5 0.6 0.4
v 1.6 0.6 0.4
v 1.7 0.6 0.4
v -2.2 0.6 0.3
v -2.1 0.6 0.3
v -2.3 0.6 0.2
v -2.2 0.6 0.2
v 0.5 0.6 0.2
v 0.6 0.6 0.2
v 0.6 0.6 0.0999999
v 0.8 0.6 0.0999999
v 1.3 0.6 0.0999999
v 1.7 0.6 0.0999999
v 0.6 0.6 -2.38419e-07
v 0.8 0.6 -2.38419e-07
v 1.3 0.6 -2.38419e-07
v 1.4 0.6 -2.38419e-07
v 1.7 0.6 -2.38419e-07
v 1.8 0.6 -2.38419e-07
v 1.9 0.6 -2.38419e-07
v -2 0.6 -0.1
v -1.9 0.6 -0.1
v -1.3 0.6 -0.1
v -1.2 0.6 -0.1
v 0.8 0.6 -0.1
v 1.3 0.6 -0.1
v 1.7 0.6 -0.1
v 1.8 0.6 -0.1
v 1.9 0.6 -0.1
v -1.2 0.6 -0.2
v -1.1 0.6 -0.2
v 0.5 0.6 -0.2
v 0.6 0.6 -0.2
v 1.3 0.6 -0.2
v 1.4 0.6 -0.2
v -1.1 0.6 -0.3
v -1 0.6 -0.3
v 0.4 0.6 -0.3
v 0.5 0.6 -0.3
v 1.8 0.6 -0.3
v 1.9 0.6 -0.3
v -2 0.6 -0.4
v -1.9 0.6 -0.4
v -1 0.6 -0.4
v -0.8 0.6 -0.4
v 0.3 0.6 -0.4
v 0.4 0.6 -0.4
v -0.8 0.6 -0.5
v -0.6 0.6 -0.5
v 0.1 0.6 -0.5
v 0.3 0.6 -0.5
v 1.2 0.6 -0.5
v 1.3 0.6 -0.5
v 1.8 0.6 -0.5
v 1.9 0.6 -0.5
v -0.6 0.6 -0.6
v 0.1 0.6 -0.6
v -1.8 0.6 -0.7
v -1.7 0.6 -0.7
v -1.4 0.6 -0.7
v -1.3 0.6 -0.7
v -2.3 0.6 -0.8
v -2.2 0.6 -0.8
v 1.2 0.6 -0.8
v 1.3 0.6 -0.8
v 1.7 0.6 -0.8
v 1.8 0.6 -0.8
v 0.7 0.6 -0.9
v 1 0.6 -0.9
v -2.2 0.6 -1
v -2 0.6 -1
v -1.8 0.6 -1
v -1.7 0.6 -1
v -1.4 0.6 -1
v -1.3 0.6 -1
v 0.7 0.6 -1
v 1 0.6 -1
v 1.6 0.6 -1
v 1.7 0.6 -1
v -2 0.6 -1.1
v -1.7 0.6 -1.1
v -0.7 0.6 -1.1
v -0.4 0.6 -1.1
v -0.0999999 0.6 -1.1
v 0.2 0.6 -1.1
v 1.5 0.6 -1.1
v 1.6 0.6 -1.1
v -1.7 0.6 -1.2
v -1.2 0.6 -1.2
v -0.7 0.6 -1.2
v -0.4 0.6 -1.2
v -0.0999999 0.6 -1.2
v 0.2 0.6 -1.2
v 1.3 0.6 -1.2
v 1.5 0.6 -1.2
v -1.2 0.6 -1.3
v -1 0.6 -1.3
v 0.4 0.6 -1.3
v 0.7 0.6 -1.3
v 1.1 0.6 -1.3
v 1.3 0.6 -1.3
v -1 0.6 -1.4
v -0.9 0.6 -1.4
v 0.4 0.6 -1.4
v 0.7 0.6 -1.4
v 1 0.6 -1.4
v 1.1 0.6 -1.4
v -0.9 0.6 -1.5
v -0.6 0.6 -1.5
v 0.8 0.6 -1.5
v 1 0.6 -1.5
v -0.6 0.6 -1.6
v 2.38419e-07 0.6 -1.6
v 0.5 0.6 -1.6
v 0.8 0.6 -1.6
v 2.38419e-07 0.6 -1.7
v 0.5 0.6 -1.7
v -1.7 0.7 0.8
v -1.6 0.7 0.8
v -1.5 0.7 0.8
v -1.3 0.7 0.8
v -1.7 0.7 0.7
v -1.6 0.7 0.7
v -1.5 0.7 0.7
v -1.4 0.7 0.7
v -1.3 0.7 0.7
v 0.7 0.7 0.0999999
v 0.8 0.7 0.0999999
v 1.4 0.7 0.0999999
v 1.8 0.7 0.0999999
v 0.7 0.7 -2.38419e-07
v 0.8 0.7 -2.38419e-07
v 1.3 0.7 -2.38419e-07
v 1.4 0.7 -2.38419e-07
v 1.7 0.7 -2.38419e-07
v 0.8 0.7 -0.1
v 1.3 0.7 -0.1
v 1.7 0.7 -0.1
v 1.8 0.7 -0.1
v -0.2 0.8 2
v -0.0999999 0.8 2
v 2.38419e-07 0.8 2
v 0.1 0.8 2
v -0.2 0.8 1.9
v -0.0999999 0.8 1.9
v 2.38419e-07 0.8 1.9
v 0.1 0.8 1.9
v -0.9 0.8 1.6
v -0.8 0.8 1.6
v -0.7 0.8 1.6
v -0.6 0.8 1.6
v -0.9 0.8 1.5
v -0.8 0.8 1.5
v -0.7 0.8 1.5
v -0.6 0.8 1.5
v 0.5 0.8 1.5
v 0.6 0.8 1.5
v 0.7 0.8 1.5
v 0.8 0.8 1.5
v 0.5 0.8 1.4
v 0.6 0.8 1.4
v 0.7 0.8 1.4
v 0.8 0.8 1.4
v -1.6 0.8 0.8
v -1.5 0.8 0.8
v 1 0.8 0.8
v 1.1 0.8 0.8
v -1.6 0.8 0.7
v -1.5 0.8 0.7
v 1 0.8 0.7
v 1.1 0.8 0.7
v -1.6 0.8 0.6
v -1.5 0.8 0.6
v 1 0.8 0.6
v 1.1 0.8 0.6
v -1.6 0.8 0.5
v -1.5 0.8 0.5
v 1 0.8 0.5
v 1.1 0.8 0.5
v 1.3 0.8 0.0999999
v 1.4 0.8 0.0999999
v 1.3 0.8 -2.38419e-07
v 1.4 0.8 -2.38419e-07
v -2 0.8 -0.1
v -1.9 0.8 -0.1
v 1.3 0.8 -0.1
v 1.4 0.8 -0.1
v -2 0.8 -0.2
v -1.9 0.8 -0.2
v 1.3 0.8 -0.2
v 1.4 0.8 -0.2
v -2 0.8 -0.3
v -1.9 0.8 -0.3
v -2 0.8 -0.4
v -1.9 0.8 -0.4
v 1.2 0.8 -0.5
v 1.3 0.8 -0.5
v 1.2 0.8 -0.6
v 1.3 0.8 -0.6
v -1.8 0.8 -0.7
v -1.7 0.8 -0.7
v -1.4 0.8 -0.7
v -1.3 0.8 -0.7
v 1.2 0.8 -0.7
v 1.3 0.8 -0.7
v -1.8 0.8 -0.8
v -1.7 0.8 -0.8
v -1.4 0.8 -0.8
v -1.3 0.8 -0.8
v 1.2 0.8 -0.8
v 1.3 0.8 -0.8
v -1.8 0.8 -0.9
v -1.7 0.8 -0.9
v -1.4 0.8 -0.9
v -1.3 0.8 -0.9
v 0.7 0.8 -0.9
v 0.8 0.8 -0.9
v 0.9 0.8 -0.9
v 1 0.8 -0.9
v -1.8 0.8 -1
v -1.7 0.8 -1
v -1.4 0.8 -1
v -1.3 0.8 -1
v 0.7 0.8 -1
v 0.8 0.8 -1
v 0.9 0.8 -1
v 1 0.8 -1
v -0.7 0.8 -1.1
v -0.6 0.8 -1.1
v -0.5 0.8 -1.1
v -0.4 0.8 -1.1
v -0.0999999 0.8 -1.1
v 2.38419e-07 0.8 -1.1
v 0.1 0.8 -1.1
v 0.2 0.8 -1.1
v -0.7 0.8 -1.2
v -0.6 0.8 -1.2
v -0.5 0.8 -1.2
v -0.4 0.8 -1.2
v -0.0999999 0.8 -1.2
v 2.38419e-07 0.8 -1.2
v 0.1 0.8 -1.2
v 0.2 0.8 -1.2
v 0.4 0.8 -1.3
v 0.5 0.8 -1.3
v 0.6 0.8 -1.3
v 0.7 0.8 -1.3
v 0.4 0.8 -1.4
v 0.5 0.8 -1.4
v 0.6 0.8 -1.4
v 0.7 0.8 -1.4
v -0.3 0.9 2
v -0.2 0.9 2
v 0.1 0.9 2
v 0.2 0.9 2
v -0.3 0.9 1.9
v -0.2 0.9 1.9
v 0.1 0.9 1.9
v 0.2 0.9 1.9
v -1 0.9 1.6
v -0.9 0.9 1.6
v -0.6 0.9 1.6
v -0.5 0.9 1.6
v -1 0.9 1.5
v -0.9 0.9 1.5
v -0.6 0.9 1.5
v -0.5 0.9 1.5
v 0.4 0.9 1.5
v 0.5 0.9 1.5
v 0.8 0.9 1.5
v 0.9 0.9 1.5
v 0.4 0.9 1.4
v 0.5 0.9 1.4
v 0.8 0.9 1.4
v 0.9 0.9 1.4
v -1.6 0.9 0.9
v -1.5 0.9 0.9
v 1 0.9 0.9
v 1.1 0.9 0.9
v -1.6 0.9 0.8
v -1.5 0.9 0.8
v 1 0.9 0.8
v 1.1 0.9 0.8
v -1.4 0.9 0.7
v -1.3 0.9 0.7
v -1.4 0.9 0.6
v -1.3 0.9 0.6
v -1.6 0.9 0.5
v -1.5 0.9 0.5
v 1 0.9 0.5
v 1.1 0.9 0.5
v -1.6 0.9 0.4
v -1.5 0.9 0.4
v 1 0.9 0.4
v 1.1 0.9 0.4
v 1.3 0.9 0.2
v 1.4 0.9 0.2
v 1.3 0.9 0.0999999
v 1.4 0.9 0.0999999
v -2 0.9 -2.38419e-07
v -1.9 0.9 -2.38419e-07
v -2 0.9 -0.1
v -1.9 0.9 -0.1
v 1.3 0.9 -0.2
v 1.4 0.9 -0.2
v 1.3 0.9 -0.3
v 1.4 0.9 -0.3
v -2 0.9 -0.4
v -1.9 0.9 -0.4
v 1.2 0.9 -0.4
v 1.3 0.9 -0.4
v -2 0.9 -0.5
v -1.9 0.9 -0.5
v 1.2 0.9 -0.5
v 1.3 0.9 -0.5
v -1.8 0.9 -0.6
v -1.7 0.9 -0.6
v -1.4 0.9 -0.6
v -1.3 0.9 -0.6
v -1.8 0.9 -0.7
v -1.7 0.9 -0.7
v -1.4 0.9 -0.7
v -1.3 0.9 -0.7
v 1.2 0.9 -0.8
v 1.3 0.9 -0.8
v 0.6 0.9 -0.9
v 0.7 0.9 -0.9
v 1 0.9 -0.9
v 1.1 0.9 -0.9
v 1.2 0.9 -0.9
v 1.3 0.9 -0.9
v -1.8 0.9 -1
v -1.7 0.9 -1
v -1.4 0.9 -1
v -1.3 0.9 -1
v 0.6 0.9 -1
v 0.7 0.9 -1
v 1 0.9 -1
v 1.1 0.9 -1
v -1.8 0.9 -1.1
v -1.7 0.9 -1.1
v -1.4 0.9 -1.1
v -1.3 0.9 -1.1
v -0.8 0.9 -1.1
v -0.7 0.9 -1.1
v -0.4 0.9 -1.1
v -0.3 0.9 -1.1
v -0.2 0.9 -1.1
v -0.0999999 0.9 -1.1
v 0.2 0.9 -1.1
v 0.3 0.9 -1.1
v -0.8 0.9 -1.2
v -0.7 0.9 -1.2
v -0.4 0.9 -1.2
v -0.3 0.9 -1.2
v -0.2 0.9 -1.2
v -0.0999999 0.9 -1.2
v 0.2 0.9 -1.2
v 0.3 0.9 -1.2
v 0.3 0.9 -1.3
v 0.4 0.9 -1.3
v 0.7 0.9 -1.3
v 0.8 0.9 -1.3
v 0.3 0.9 -1.4
v 0.4 0.9 -1.4
v 0.7 0.9 -1.4
v 0.8 0.9 -1.4
v -0.0999999 1 2
v 2.38419e-07 1 2
v -0.0999999 1 1.9
v 2.38419e-07 1 1.9
v -0.8 1 1.6
v -0.7 1 1.6
v -0.8 1 1.5
v -0.7 1 1.5
v 0.6 1 1.5
v 0.7 1 1.5
v 0.6 1 1.4
v 0.7 1 1.4
v -0.3 1 1.2
v 0.1 1 1.2
v -0.7 1 1.1
v -0.3 1 1.1
v -1 1 1
v -0.7 1 1
v 0.1 1 1
v 0.2 1 1
v -1.2 1 0.9
v -1 1 0.9
v -1.3 1 0.8
v -1.2 1 0.8
v 0.2 1 0.8
v 0.3 1 0.8
v -1.6 1 0.7
v -1.5 1 0.7
v 1 1 0.7
v 1.1 1 0.7
v -1.6 1 0.6
v -1.5 1 0.6
v -1.4 1 0.6
v -1.3 1 0.6
v -1.1 1 0.6
v 0.3 1 0.6
v 0.4 1 0.6
v 1 1 0.6
v 1.1 1 0.6
v -1.4 1 0.5
v -1.3 1 0.5
v -1.2 1 0.5
v -1.1 1 0.5
v -1 1 0.5
v -1.2 1 0.4
v -1.1 1 0.4
v -1 1 0.4
v -0.9 1 0.4
v -0.7 1 0.4
v -0.3 1 0.4
v -0.2 1 0.4
v 0.4 1 0.4
v 0.5 1 0.4
v -1.1 1 0.3
v -1 1 0.3
v -0.9 1 0.3
v -0.8 1 0.3
v -0.7 1 0.3
v -0.2 1 0.3
v -0.0999999 1 0.3
v -1 1 0.2
v -0.9 1 0.2
v -0.0999999 1 0.2
v 0.4 1 0.2
v 0.5 1 0.2
v 0.6 1 0.2
v 2.38419e-07 1 0.0999999
v 0.3 1 0.0999999
v 0.4 1 0.0999999
v 0.6 1 0.0999999
v 0.7 1 0.0999999
v -0.9 1 -2.38419e-07
v -0.8 1 -2.38419e-07
v 0.3 1 -2.38419e-07
v 0.6 1 -2.38419e-07
v 0.7 1 -2.38419e-07
v 1.3 1 -2.38419e-07
v 1.4 1 -2.38419e-07
v -1.3 1 -0.1
v -1.2 1 -0.1
v -0.8 1 -0.1
v -0.7 1 -0.1
v -0.3 1 -0.1
v -0.2 1 -0.1
v 2.38419e-07 1 -0.1
v 1.3 1 -0.1
v 1.4 1 -0.1
v -2 1 -0.2
v -1.9 1 -0.2
v -1.2 1 -0.2
v -1.1 1 -0.2
v -0.7 1 -0.2
v -0.3 1 -0.2
v 0.5 1 -0.2
v 0.6 1 -0.2
v -2 1 -0.3
v -1.9 1 -0.3
v -1.1 1 -0.3
v -1 1 -0.3
v 0.4 1 -0.3
v 0.5 1 -0.3
v -1 1 -0.4
v -0.8 1 -0.4
v 0.3 1 -0.4
v 0.4 1 -0.4
v -0.8 1 -0.5
v -0.6 1 -0.5
v 0.1 1 -0.5
v 0.3 1 -0.5
v -0.6 1 -0.6
v 0.1 1 -0.6
v 1.2 1 -0.6
v 1.3 1 -0.6
v 1.2 1 -0.7
v 1.3 1 -0.7
v -1.8 1 -0.8
v -1.7 1 -0.8
v -1.4 1 -0.8
v -1.3 1 -0.8
v -1.8 1 -0.9
v -1.7 1 -0.9
v -1.4 1 -0.9
v -1.3 1 -0.9
v 0.8 1 -0.9
v 0.9 1 -0.9
v 0.8 1 -1
v 0.9 1 -1
v -0.6 1 -1.1
v -0.5 1 -1.1
v 2.38419e-07 1 -1.1
v 0.1 1 -1.1
v -0.6 1 -1.2
v -0.5 1 -1.2
v 2.38419e-07 1 -1.2
v 0.1 1 -1.2
v 0.5 1 -1.3
v 0.6 1 -1.3
v 0.5 1 -1.4
v 0.6 1 -1.4
v -1.3 1.1 0.6
v -1.1 1.1 0.6
v -1.3 1.1 0.5
v -1.2 1.1 0.5
v -1.1 1.1 0.5
v -1 1.1 0.5
v -1.2 1.1 0.4
v -1.1 1.1 0.4
v -1 1.1 0.4
v -0.9 1.1 0.4
v -1.1 1.1 0.3
v -1 1.1 0.3
v -0.9 1.1 0.3
v -0.8 1.1 0.3
v -1 1.1 0.2
v -0.9 1.1 0.2
v -0.8 1.1 0.2
v -0.0999999 1.1 0.2
v 0.4 1.1 0.2
v 2.38419e-07 1.1 0.0999999
v 0.3 1.1 0.0999999
v 0.4 1.1 0.0999999
v 0.6 1.1 0.0999999
v -0.2 1.1 -2.38419e-07
v -0.0999999 1.1 -2.38419e-07
v 0.3 1.1 -2.38419e-07
v 0.6 1.1 -2.38419e-07
v -0.2 1.1 -0.1
v 2.38419e-07 1.1 -0.1
v -0.5 1.2 0.5
v -0.3 1.2 0.5
v -0.5 1.2 0.4
v -0.3 1.2 0.4
v -0.2 1.2 0.4
v -0.3 1.2 0.3
v -0.2 1.2 0.3
v -0.0999999 1.2 0.3
v -0.2 1.2 0.2
v -0.0999999 1.2 0.2
v -0.6 1.3 0.5
v -0.5 1.3 0.5
v -0.6 1.3 0.4
v -0.5 1.3 0.4
v -0.3 1.3 -0.1
v -0.2 1.3 -0.1
v -0.3 1.3 -0.2
v -0.2 1.3 -0.2
v -1 1.6 0.2
v -0.9 1.6 0.2
v -1 1.6 0.0999999
v -0.9 1.6 0.0999999
v -0.4 1.6 -0.2
v -0.3 1.6 -0.2
v -0.4 1.6 -0.3
v -0.3 1.6 -0.3
v -0.5 1.8 -0.2
v -0.4 1.8 -0.2
v -0.5 1.8 -0.3
v -0.4 1.8 -0.3
v -1.5 1.9 0.6
v -1.2 1.9 0.6
v -1.5 1.9 0.5
v -1.2 1.9 0.5
v -1.7 1.9 0.4
v -1.6 1.9 0.4
v -1.7 1.9 0.2
v -1.6 1.9 0.2
v -1.7 1.9 0.0999999
v -1.6 1.9 0.0999999
v -1.5 1.9 -2.38419e-07
v -1.2 1.9 -2.38419e-07
v -1.5 1.9 -0.1
v -1.2 1.9 -0.1
v 2.38419e-07 2 0.6
v 0.3 2 0.6
v -1.6 2 0.5
v -1.3 2 0.5
v 2.38419e-07 2 0.5
v 0.3 2 0.5
v -1.5 2 0.4
v -1.3 2 0.4
v -0.2 2 0.4
v -0.0999999 2 0.4
v -0.2 2 0.3
v -0.2 2 0.2
v -0.0999999 2 0.2
v -1.5 2 0.0999999
v -1.3 2 0.0999999
v -1.6 2 -2.38419e-07
v -1.3 2 -2.38419e-07
v 2.38419e-07 2 -2.38419e-07
v 0.3 2 -2.38419e-07
v 2.38419e-07 2 -0.1
v 0.3 2 -0.1
v -0.6 2 -0.2
v -0.5 2 -0.2
v -0.6 2 -0.3
v -0.5 2 -0.3
v -0.0999999 2.1 0.5
v 0.4 2.1 0.5
v -1.5 2.1 0.4
v -1.4 2.1 0.4
v 2.38419e-07 2.1 0.4
v 0.3 2.1 0.4
v 0.4 2.1 0.4
v -0.0999999 2.1 0.2
v -1.5 2.1 0.0999999
v -1.4 2.1 0.0999999
v 2.38419e-07 2.1 0.0999999
v 0.3 2.1 0.0999999
v 0.4 2.1 0.0999999
v -0.0999999 2.1 -2.38419e-07
v 0.4 2.1 -2.38419e-07
v -0.7 2.1 -0.2
v -0.6 2.1 -0.2
v -0.7 2.1 -0.3
v -0.6 2.1 -0.3
v -0.7 2.2 0.5
v -0.6 2.2 0.5
v -0.7 2.2 0.4
v -0.6 2.2 0.4
v 2.38419e-07 2.2 0.4
v 0.3 2.2 0.4
v 2.38419e-07 2.2 0.0999999
v 0.3 2.2 0.0999999
v -2.2 2.3 0.6
v -1.9 2.3 0.6
v 0.6 2.3 0.6
v 0.9 2.3 0.6
v -2.2 2.3 0.5
v -1.9 2.3 0.5
v 0.6 2.3 0.5
v 0.9 2.3 0.5
v -2.4 2.3 0.4
v -2.3 2.3 0.4
v 0.4 2.3 0.4
v 0.5 2.3 0.4
v -2.4 2.3 0.0999999
v -2.3 2.3 0.0999999
v 0.4 2.3 0.0999999
v 0.5 2.3 0.0999999
v -2.2 2.3 -2.38419e-07
v -1.9 2.3 -2.38419e-07
v 0.6 2.3 -2.38419e-07
v 0.9 2.3 -2.38419e-07
v -2.2 2.3 -0.1
v -1.9 2.3 -0.1
v -0.8 2.3 -0.1
v -0.7 2.3 -0.1
v 0.6 2.3 -0.1
v 0.9 2.3 -0.1
v -0.8 2.3 -0.2
v -0.7 2.3 -0.2
v -2.3 2.4 0.5
v -2 2.4 0.5
v 0.5 2.4 0.5
v 1 2.4 0.5
v -2.2 2.4 0.4
v -2 2.4 0.4
v -1.4 2.4 0.4
v -1.3 2.4 0.4
v 0.6 2.4 0.4
v 1 2.4 0.4
v -1.4 2.4 0.3
v -1.3 2.4 0.3
v -2.2 2.4 0.0999999
v -2 2.4 0.0999999
v 0.6 2.4 0.0999999
v 0.9 2.4 0.0999999
v 1 2.4 0.0999999
v -2.3 2.4 -2.38419e-07
v -2 2.4 -2.38419e-07
v -1.2 2.4 -2.38419e-07
v -0.9 2.4 -2.38419e-07
v 0.5 2.4 -2.38419e-07
v 1 2.4 -2.38419e-07
v -1.2 2.4 -0.1
v -0.9 2.4 -0.1
v -1.2 2.5 0.6
v -0.9 2.5 0.6
v -1.3 2.5 0.5
v -1.2 2.5 0.5
v -1.1 2.5 0.5
v -2.2 2.5 0.4
v -2.1 2.5 0.4
v -1.3 2.5 0.4
v -1.2 2.5 0.4
v -1.1 2.5 0.4
v -0.9 2.5 0.4
v 0.6 2.5 0.4
v 0.9 2.5 0.4
v -2.2 2.5 0.0999999
v -2.1 2.5 0.0999999
v -1.3 2.5 0.0999999
v -1.2 2.5 0.0999999
v -0.9 2.5 0.0999999
v 0.6 2.5 0.0999999
v 0.9 2.5 0.0999999
v -1.3 2.5 -2.38419e-07
v -0.9 2.5 -2.38419e-07
v 1.1 2.6 0.6
v 1.4 2.6 0.6
v -1.5 2.6 0.5
v -1.4 2.6 0.5
v -1.2 2.6 0.5
v -1.1 2.6 0.5
v 1.1 2.6 0.5
v 1.4 2.6 0.5
v -1.5 2.6 0.4
v -1.4 2.6 0.4
v -1.2 2.6 0.4
v -1.1 2.6 0.4
v -1 2.6 0.4
v 0.9 2.6 0.4
v 1 2.6 0.4
v -1 2.6 0.3
v -0.9 2.6 0.3
v -1.4 2.6 0.2
v -1.2 2.6 0.2
v -0.9 2.6 0.2
v -1.4 2.6 0.0999999
v -1.2 2.6 0.0999999
v -0.9 2.6 0.0999999
v 0.9 2.6 0.0999999
v 1 2.6 0.0999999
v 1.1 2.6 -2.38419e-07
v 1.4 2.6 -2.38419e-07
v 1.1 2.6 -0.1
v 1.4 2.6 -0.1
v -1.6 2.7 0.6
v -1.5 2.7 0.6
v -1.6 2.7 0.5
v -1.5 2.7 0.5
v 1 2.7 0.5
v 1.3 2.7 0.5
v 1.1 2.7 0.4
v 1.3 2.7 0.4
v 1.1 2.7 0.0999999
v 1.3 2.7 0.0999999
v 1 2.7 -2.38419e-07
v 1.3 2.7 -2.38419e-07
v -1.8 2.8 0.7
v -1.6 2.8 0.7
v -1.8 2.8 0.6
v -1.7 2.8 0.6
v 1.4 2.8 0.6
v 1.7 2.8 0.6
v -1.7 2.8 0.5
v -1.6 2.8 0.5
v 1.4 2.8 0.5
v 1.7 2.8 0.5
v -2.1 2.8 0.4
v -2 2.8 0.4
v -1.5 2.8 0.4
v -1.4 2.8 0.4
v 1.1 2.8 0.4
v 1.3 2.8 0.4
v 1.8 2.8 0.4
v 1.9 2.8 0.4
v -2.1 2.8 0.2
v -2 2.8 0.2
v 1.8 2.8 0.2
v 1.9 2.8 0.2
v -1.5 2.8 0.0999999
v -1.4 2.8 0.0999999
v 1.1 2.8 0.0999999
v 1.3 2.8 0.0999999
v -1.9 2.8 -2.38419e-07
v -1.6 2.8 -2.38419e-07
v 1.4 2.8 -2.38419e-07
v 1.7 2.8 -2.38419e-07
v -1.9 2.8 -0.1
v -1.6 2.8 -0.1
v -0.3 2.8 -0.1
v -0.2 2.8 -0.1
v 1.4 2.8 -0.1
v 1.7 2.8 -0.1
v -0.3 2.8 -0.2
v -0.2 2.8 -0.2
v -0.8 2.9 0.8
v -0.6 2.9 0.8
v -0.8 2.9 0.7
v -0.6 2.9 0.7
v -1.9 2.9 0.6
v -1.7 2.9 0.6
v -1 2.9 0.6
v -0.9 2.9 0.6
v -0.4 2.9 0.6
v -0.3 2.9 0.6
v -2 2.9 0.5
v -1.9 2.9 0.5
v -1.8 2.9 0.5
v -1.7 2.9 0.5
v -1.5 2.9 0.5
v -0.4 2.9 0.5
v -0.3 2.9 0.5
v 1.3 2.9 0.5
v 1.8 2.9 0.5
v -1.8 2.9 0.4
v -1.6 2.9 0.4
v -1 2.9 0.4
v -0.9 2.9 0.4
v 1.4 2.9 0.4
v 1.7 2.9 0.4
v 1.8 2.9 0.4
v -2 2.9 0.2
v -1.9 2.9 0.2
v 1.7 2.9 0.2
v 1.8 2.9 0.2
v -2 2.9 0.0999999
v -1.8 2.9 0.0999999
v -1.6 2.9 0.0999999
v 1.4 2.9 0.0999999
v 1.7 2.9 0.0999999
v 1.8 2.9 0.0999999
v -2 2.9 -2.38419e-07
v -1.5 2.9 -2.38419e-07
v 1.3 2.9 -2.38419e-07
v 1.8 2.9 -2.38419e-07
v -0.9 3 0.7
v -0.6 3 0.7
v -0.5 3 0.7
v -0.4 3 0.7
v -0.8 3 0.6
v -0.6 3 0.6
v -0.5 3 0.6
v -0.3 3 0.6
v 2.38419e-07 3 0.6
v 0.1 3 0.6
v 0.4 3 0.6
v -1.9 3 0.5
v -1.8 3 0.5
v -0.9 3 0.5
v -0.8 3 0.5
v -0.4 3 0.5
v -0.3 3 0.5
v 2.38419e-07 3 0.5
v 0.1 3 0.5
v 0.4 3 0.5
v -1.8 3 0.4
v -1.6 3 0.4
v -0.5 3 0.4
v -0.4 3 0.4
v 1.4 3 0.4
v 1.7 3 0.4
v -1.9 3 0.2
v -1.8 3 0.2
v -1.9 3 0.0999999
v -1.8 3 0.0999999
v -1.6 3 0.0999999
v 1.4 3 0.0999999
v 1.7 3 0.0999999
v -0.2 3 -2.38419e-07
v -0.0999999 3 -2.38419e-07
v 2.38419e-07 3 -2.38419e-07
v 0.1 3 -2.38419e-07
v 0.2 3 -2.38419e-07
v -0.2 3 -0.1
v 2.38419e-07 3 -0.1
v 0.1 3 -0.1
v 0.2 3 -0.1
v -1 3 -0.4
v -0.9 3 -0.4
v -1 3 -0.5
v -0.9 3 -0.5
v -0.6 3.1 0.7
v -0.5 3.1 0.7
v -0.8 3.1 0.6
v -0.6 3.1 0.6
v -0.5 3.1 0.6
v -0.8 3.1 0.5
v -0.2 3.1 0.5
v 0.5 3.1 0.5
v -0.8 3.1 0.4
v -0.7 3.1 0.4
v -0.5 3.1 0.4
v -0.2 3.1 0.4
v 2.38419e-07 3.1 0.4
v 0.1 3.1 0.4
v 0.5 3.1 0.4
v -0.0999999 3.1 0.0999999
v 2.38419e-07 3.1 0.0999999
v 0.1 3.1 0.0999999
v 0.2 3.1 0.0999999
v -0.0999999 3.1 -2.38419e-07
v 0.2 3.1 -2.38419e-07
v 2 3.2 0.6
v 2.3 3.2 0.6
v 2 3.2 0.5
v 2.3 3.2 0.5
v -0.0999999 3.2 0.4
v 2.38419e-07 3.2 0.4
v 0.1 3.2 0.4
v 0.4 3.2 0.4
v 1.8 3.2 0.4
v 1.9 3.2 0.4
v 2.4 3.2 0.4
v 2.5 3.2 0.4
v 0.3 3.2 0.3
v 0.4 3.2 0.3
v -0.0999999 3.2 0.2
v 0.2 3.2 0.2
v 0.3 3.2 0.2
v -0.0999999 3.2 0.0999999
v 2.38419e-07 3.2 0.0999999
v 0.1 3.2 0.0999999
v 0.2 3.2 0.0999999
v 1.8 3.2 0.0999999
v 1.9 3.2 0.0999999
v 2.4 3.2 0.0999999
v 2.5 3.2 0.0999999
v 2 3.2 -2.38419e-07
v 2.3 3.2 -2.38419e-07
v 2 3.2 -0.1
v 2.3 3.2 -0.1
v -1.2 3.2 -0.2
v -1.1 3.2 -0.2
v -1.2 3.2 -0.3
v -1.1 3.2 -0.3
v -0.8 3.2 -0.3
v -1.1 3.2 -0.4
v -0.8 3.2 -0.4
v 1.9 3.3 0.5
v 2.4 3.3 0.5
v 0.4 3.3 0.4
v 0.5 3.3 0.4
v 2 3.3 0.4
v 2.3 3.3 0.4
v 0.4 3.3 0.3
v 0.5 3.3 0.3
v 0.2 3.3 0.2
v 0.3 3.3 0.2
v 2 3.3 0.0999999
v 2.3 3.3 0.0999999
v 1.9 3.3 -2.38419e-07
v 2.4 3.3 -2.38419e-07
v -1.1 3.3 -0.1
v -1 3.3 -0.1
v 0.2 3.3 -0.1
v 0.3 3.3 -0.1
v -1.1 3.3 -0.2
v -1 3.3 -0.2
v -0.7 3.3 -0.2
v 0.4 3.3 -0.2
v 0.7 3.3 -0.2
v -1.1 3.3 -0.3
v -0.8 3.3 -0.3
v -0.2 3.3 -0.3
v -0.0999999 3.3 -0.3
v 0.4 3.3 -0.3
v 0.7 3.3 -0.3
v -0.8 3.3 -0.6
v -0.7 3.3 -0.6
v -0.2 3.3 -0.6
v -0.0999999 3.3 -0.6
v -0.6 3.3 -0.7
v -0.3 3.3 -0.7
v -0.6 3.3 -0.8
v -0.3 3.3 -0.8
v -2.4 3.4 0.6
v -2.1 3.4 0.6
v -1.2 3.4 0.6
v -0.9 3.4 0.6
v 0.7 3.4 0.6
v 1 3.4 0.6
v -2.4 3.4 0.5
v -2.1 3.4 0.5
v -1.2 3.4 0.5
v -0.9 3.4 0.5
v 0.7 3.4 0.5
v 1 3.4 0.5
v -2.6 3.4 0.4
v -2.5 3.4 0.4
v -2 3.4 0.4
v -1.9 3.4 0.4
v -1.4 3.4 0.4
v -1.3 3.4 0.4
v -0.8 3.4 0.4
v -0.7 3.4 0.4
v 0.5 3.4 0.4
v 0.6 3.4 0.4
v 2 3.4 0.4
v 2.3 3.4 0.4
v -0.8 3.4 0.3
v -0.7 3.4 0.3
v 0.3 3.4 0.3
v 0.5 3.4 0.3
v -1.4 3.4 0.2
v -1.3 3.4 0.2
v 0.4 3.4 0.2
v 0.6 3.4 0.2
v -2.6 3.4 0.0999999
v -2.5 3.4 0.0999999
v -2 3.4 0.0999999
v -1.9 3.4 0.0999999
v 2 3.4 0.0999999
v 2.3 3.4 0.0999999
v -2.4 3.4 -2.38419e-07
v -2.1 3.4 -2.38419e-07
v -1.2 3.4 -2.38419e-07
v -0.9 3.4 -2.38419e-07
v -0.8 3.4 -2.38419e-07
v 0.7 3.4 -2.38419e-07
v 1 3.4 -2.38419e-07
v -2.4 3.4 -0.1
v -2.1 3.4 -0.1
v -1.2 3.4 -0.1
v -1.1 3.4 -0.1
v -1 3.4 -0.1
v -0.8 3.4 -0.1
v -0.7 3.4 -0.1
v -0.3 3.4 -0.1
v -0.2 3.4 -0.1
v 0.4 3.4 -0.1
v 0.7 3.4 -0.1
v 0.8 3.4 -0.1
v 1 3.4 -0.1
v -1.2 3.4 -0.2
v -1.1 3.4 -0.2
v -1 3.4 -0.2
v -0.7 3.4 -0.2
v -0.3 3.4 -0.2
v -0.2 3.4 -0.2
v 0.3 3.4 -0.2
v 0.8 3.4 -0.2
v -0.6 3.4 -0.3
v -0.3 3.4 -0.3
v -0.6 3.4 -0.4
v -0.6 3.4 -0.6
v -0.5 3.4 -0.6
v -0.3 3.4 -0.6
v -0.7 3.4 -0.7
v -0.2 3.4 -0.7
v -2.5 3.5 0.5
v -2 3.5 0.5
v -1.3 3.5 0.5
v -0.8 3.5 0.5
v 0.6 3.5 0.5
v 0.9 3.5 0.5
v -2.4 3.5 0.4
v -2.1 3.5 0.4
v -1.2 3.5 0.4
v -0.9 3.5 0.4
v 0.7 3.5 0.4
v 0.9 3.5 0.4
v -0.8 3.5 0.3
v -1.3 3.5 0.2
v -1.2 3.5 0.2
v -0.9 3.5 0.2
v -0.8 3.5 0.2
v 0.4 3.5 0.2
v 0.6 3.5 0.2
v -2.4 3.5 0.0999999
v -2.1 3.5 0.0999999
v -1.3 3.5 0.0999999
v -1.2 3.5 0.0999999
v -0.9 3.5 0.0999999
v 0.7 3.5 0.0999999
v 0.9 3.5 0.0999999
v -2.5 3.5 -2.38419e-07
v -2 3.5 -2.38419e-07
v -1.3 3.5 -2.38419e-07
v -1.2 3.5 -2.38419e-07
v -0.9 3.5 -2.38419e-07
v 0.7 3.5 -2.38419e-07
v 0.9 3.5 -2.38419e-07
v -1.3 3.5 -0.1
v -1.2 3.5 -0.1
v 0.4 3.5 -0.1
v 0.7 3.5 -0.1
v -0.6 3.5 -0.3
v -0.3 3.5 -0.3
v -0.6 3.5 -0.4
v -0.5 3.5 -0.4
v -0.5 3.5 -0.5
v -0.3 3.5 -0.5
v -0.8 3.6 1.2
v -0.5 3.6 1.2
v -0.8 3.6 1.1
v -0.5 3.6 1.1
v -1 3.6 1
v -0.9 3.6 1
v -0.4 3.6 1
v -0.3 3.6 1
v -0.3 3.6 0.8
v -0.2 3.6 0.8
v -1 3.6 0.7
v -0.9 3.6 0.7
v -0.4 3.6 0.7
v -0.2 3.6 0.7
v -0.8 3.6 0.6
v -0.6 3.6 0.6
v -0.0999999 3.6 0.6
v 2.38419e-07 3.6 0.6
v -0.8 3.6 0.5
v -0.7 3.6 0.5
v -2.4 3.6 0.4
v -2.1 3.6 0.4
v -1.2 3.6 0.4
v -0.9 3.6 0.4
v -0.7 3.6 0.4
v -0.6 3.6 0.4
v 0.7 3.6 0.4
v 0.8 3.6 0.4
v -0.0999999 3.6 0.3
v 2.38419e-07 3.6 0.3
v -2.1 3.6 0.2
v -1.2 3.6 0.2
v -0.9 3.6 0.2
v -2.4 3.6 0.0999999
v -2.1 3.6 0.0999999
v -1.5 3.6 0.0999999
v -1.3 3.6 0.0999999
v -1.2 3.6 0.0999999
v -0.9 3.6 0.0999999
v 0.7 3.6 0.0999999
v 0.8 3.6 0.0999999
v -1.5 3.6 -2.38419e-07
v -1.3 3.6 -2.38419e-07
v -0.9 3.7 1.1
v -0.4 3.7 1.1
v -0.8 3.7 1
v -0.6 3.7 1
v -0.5 3.7 1
v -0.5 3.7 0.8
v -0.8 3.7 0.7
v -0.5 3.7 0.7
v -0.4 3.7 0.7
v -0.0999999 3.7 0.7
v -0.9 3.7 0.6
v -0.6 3.7 0.6
v -0.5 3.7 0.6
v -0.2 3.7 0.6
v 1 3.7 0.6
v 1.3 3.7 0.6
v 1 3.7 0.5
v 1.3 3.7 0.5
v -0.6 3.7 0.4
v -0.5 3.7 0.4
v -0.2 3.7 0.4
v -0.0999999 3.7 0.4
v 0.8 3.7 0.4
v 0.9 3.7 0.4
v 1.4 3.7 0.4
v 1.5 3.7 0.4
v 1.4 3.7 0.3
v 1.5 3.7 0.3
v -1.4 3.7 0.2
v -1.2 3.7 0.2
v -1.4 3.7 0.0999999
v -1.2 3.7 0.0999999
v 0.8 3.7 0.0999999
v 0.9 3.7 0.0999999
v -1.6 3.7 -2.38419e-07
v -1.5 3.7 -2.38419e-07
v -1.6 3.7 -0.1
v -1.5 3.7 -0.1
v -0.8 3.8 1
v -0.6 3.8 1
v -0.6 3.8 0.8
v -0.5 3.8 0.8
v -0.8 3.8 0.7
v -0.5 3.8 0.7
v -0.5 3.8 0.6
v -0.2 3.8 0.6
v -0.4 3.8 0.5
v -0.2 3.8 0.5
v 0.9 3.8 0.5
v 1.4 3.8 0.5
v -0.5 3.8 0.4
v -0.4 3.8 0.4
v 1 3.8 0.4
v 1.3 3.8 0.4
v 1.4 3.8 0.3
v 1.5 3.8 0.3
v 1.3 3.8 0.2
v 1.4 3.8 0.2
v 1.5 3.8 0.2
v 1 3.8 0.0999999
v 1.1 3.8 0.0999999
v 1.6 3.8 0.0999999
v 1.7 3.8 0.0999999
v 0.9 3.8 -2.38419e-07
v 1 3.8 -2.38419e-07
v 1 3.8 -0.2
v 1.1 3.8 -0.2
v 1.6 3.8 -0.2
v 1.7 3.8 -0.2
v 1.2 3.8 -0.3
v 1.5 3.8 -0.3
v 1.2 3.8 -0.4
v 1.5 3.8 -0.4
v -0.6 3.9 0.9
v -0.5 3.9 0.9
v -0.6 3.9 0.8
v -0.5 3.9 0.8
v -1.9 3.9 0.6
v -1.6 3.9 0.6
v -1.9 3.9 0.5
v -1.6 3.9 0.5
v -2.1 3.9 0.4
v -2 3.9 0.4
v -1.5 3.9 0.4
v -1.4 3.9 0.4
v 1 3.9 0.4
v 1.3 3.9 0.4
v -2.1 3.9 0.2
v -2 3.9 0.2
v 1.3 3.9 0.2
v 1.4 3.9 0.2
v -1.5 3.9 0.0999999
v -1.4 3.9 0.0999999
v 1 3.9 0.0999999
v 1.1 3.9 0.0999999
v 1.2 3.9 0.0999999
v 1.4 3.9 0.0999999
v -1.7 3.9 -2.38419e-07
v -1.6 3.9 -2.38419e-07
v 1.5 3.9 -2.38419e-07
v 1.6 3.9 -2.38419e-07
v -1.8 3.9 -0.1
v -1.7 3.9 -0.1
v -1.8 3.9 -0.2
v -1.6 3.9 -0.2
v 1.2 3.9 -0.2
v 1.5 3.9 -0.2
v 1.1 3.9 -0.3
v 1.6 3.9 -0.3
v -0.6 4 1
v -0.5 4 1
v -0.6 4 0.9
v -0.5 4 0.9
v -2 4 0.5
v -1.5 4 0.5
v -1.9 4 0.4
v -1.6 4 0.4
v -2 4 0.2
v -2 4 0.0999999
v -1.8 4 0.0999999
v -1.6 4 0.0999999
v 1.2 4 0.0999999
v 1.3 4 0.0999999
v 1.4 4 0.0999999
v -2 4 -2.38419e-07
v -1.9 4 -2.38419e-07
v -1.8 4 -2.38419e-07
v -1.7 4 -2.38419e-07
v -1.5 4 -2.38419e-07
v 1.4 4 -2.38419e-07
v 1.5 4 -2.38419e-07
v -1.9 4 -0.1
v -1.7 4 -0.1
v 1.5 4 -0.1
v 1.2 4 -0.2
v 1.5 4 -0.2
v -0.6 4 -0.3
v -0.3 4 -0.3
v -0.6 4 -0.4
v -0.3 4 -0.4
v -0.8 4 -0.5
v -0.7 4 -0.5
v -0.2 4 -0.5
v -0.0999999 4 -0.5
v -0.8 4 -0.6
v -0.7 4 -0.6
v -0.2 4 -0.7
v -0.0999999 4 -0.7
v -1.9 4.1 0.4
v -1.6 4.1 0.4
v -1.8 4.1 0.0999999
v -1.6 4.1 0.0999999
v -1.9 4.1 -2.38419e-07
v -1.8 4.1 -2.38419e-07
v -0.7 4.1 -0.4
v -0.2 4.1 -0.4
v -0.6 4.1 -0.5
v -0.3 4.1 -0.5
v -0.7 4.1 -0.6
v -0.6 4.1 -0.6
v -0.3 4.1 -0.6
v -0.2 4.1 -0.6
v -0.3 4.2 0.6
v 2.38419e-07 4.2 0.6
v -0.3 4.2 0.5
v 2.38419e-07 4.2 0.5
v 0.1 4.2 0.4
v 0.2 4.2 0.4
v 0.1 4.2 0.3
v 0.2 4.2 0.3
v -0.2 4.2 -2.38419e-07
v -0.0999999 4.2 -2.38419e-07
v 2.38419e-07 4.2 -2.38419e-07
v -2.1 4.2 -0.1
v -2 4.2 -0.1
v -0.2 4.2 -0.1
v 2.38419e-07 4.2 -0.1
v -2.1 4.2 -0.2
v -2 4.2 -0.2
v -1 4.2 -0.6
v -0.7 4.2 -0.6
v -1 4.2 -0.7
v -0.7 4.2 -0.7
v -1.2 4.2 -0.8
v -1.1 4.2 -0.8
v -1.2 4.2 -1.1
v -1.1 4.2 -1.1
v -1 4.2 -1.2
v -0.7 4.2 -1.2
v -1 4.2 -1.3
v -0.7 4.2 -1.3
v -0.7 4.3 1.7
v -0.4 4.3 1.7
v -0.7 4.3 1.6
v -0.4 4.3 1.6
v -0.9 4.3 1.5
v -0.8 4.3 1.5
v -0.3 4.3 1.5
v -0.2 4.3 1.5
v -0.9 4.3 1.2
v -0.8 4.3 1.2
v -0.3 4.3 1.2
v -0.2 4.3 1.2
v -0.7 4.3 1.1
v -0.6 4.3 1.1
v -0.5 4.3 1.1
v -0.4 4.3 1.1
v -0.7 4.3 1
v -0.4 4.3 1
v 1.5 4.3 0.6
v 1.8 4.3 0.6
v -0.4 4.3 0.5
v 0.1 4.3 0.5
v 1.5 4.3 0.5
v 1.8 4.3 0.5
v -0.4 4.3 0.4
v -0.3 4.3 0.4
v 2.38419e-07 4.3 0.4
v 1.3 4.3 0.4
v 1.4 4.3 0.4
v 1.9 4.3 0.4
v 2 4.3 0.4
v 0.1 4.3 0.3
v 2.38419e-07 4.3 0.2
v 0.1 4.3 0.2
v -0.0999999 4.3 0.0999999
v 2.38419e-07 4.3 0.0999999
v 1.3 4.3 0.0999999
v 1.4 4.3 0.0999999
v 1.9 4.3 0.0999999
v 2 4.3 0.0999999
v -0.0999999 4.3 -2.38419e-07
v 2.38419e-07 4.3 -2.38419e-07
v 1.5 4.3 -2.38419e-07
v 1.8 4.3 -2.38419e-07
v 1.5 4.3 -0.1
v 1.8 4.3 -0.1
v -2.2 4.3 -0.2
v -2.1 4.3 -0.2
v -2.2 4.3 -0.3
v -2.1 4.3 -0.3
v -0.6 4.3 -0.5
v -0.3 4.3 -0.5
v -0.6 4.3 -0.6
v -0.3 4.3 -0.6
v -1.1 4.3 -0.7
v -0.7 4.3 -0.7
v -0.2 4.3 -0.7
v -0.0999999 4.3 -0.7
v -1 4.3 -0.8
v -0.7 4.3 -0.8
v -0.2 4.3 -1
v -0.0999999 4.3 -1
v -1 4.3 -1.1
v -0.3 4.3 -1.1
v -1.1 4.3 -1.2
v -0.3 4.3 -1.2
v -0.8 4.4 1.6
v -0.3 4.4 1.6
v -0.7 4.4 1.5
v -0.4 4.4 1.5
v -0.7 4.4 1.2
v -0.6 4.4 1.2
v -0.5 4.4 1.2
v -0.4 4.4 1.2
v -0.8 4.4 1.1
v -0.6 4.4 1.1
v -0.5 4.4 1.1
v -0.3 4.4 1.1
v 1.4 4.4 0.5
v 1.9 4.4 0.5
v -0.3 4.4 0.4
v 2.38419e-07 4.4 0.4
v 0.2 4.4 0.4
v 0.3 4.4 0.4
v 1.5 4.4 0.4
v 1.8 4.4 0.4
v -0.3 4.4 0.3
v -0.2 4.4 0.3
v 0.2 4.4 0.3
v 0.3 4.4 0.3
v -0.2 4.4 0.2
v -0.0999999 4.4 0.2
v 2.38419e-07 4.4 0.2
v 0.1 4.4 0.2
v -0.0999999 4.4 0.0999999
v 2.38419e-07 4.4 0.0999999
v 0.1 4.4 0.0999999
v 1.5 4.4 0.0999999
v 1.8 4.4 0.0999999
v 1.4 4.4 -2.38419e-07
v 1.9 4.4 -2.38419e-07
v 0.2 4.4 -0.2
v 0.5 4.4 -0.2
v 0.2 4.4 -0.3
v 0.5 4.4 -0.3
v -0.7 4.4 -0.6
v -0.2 4.4 -0.6
v -0.6 4.4 -0.7
v -0.3 4.4 -0.7
v -1 4.4 -0.8
v -0.7 4.4 -0.8
v -0.6 4.4 -0.8
v -0.6 4.4 -1
v -0.5 4.4 -1
v -0.3 4.4 -1
v -1 4.4 -1.1
v -0.2 4.4 -1.1
v -0.7 4.5 1.5
v -0.4 4.5 1.5
v -0.6 4.5 1.4
v -0.5 4.5 1.4
v -0.7 4.5 1.2
v -0.6 4.5 1.2
v -0.5 4.5 1.2
v -0.4 4.5 1.2
v -1.1 4.5 0.6
v -0.8 4.5 0.6
v -2.4 4.5 0.5
v -2.1 4.5 0.5
v -1.1 4.5 0.5
v -0.8 4.5 0.5
v -2.4 4.5 0.4
v -2.1 4.5 0.4
v -1.3 4.5 0.4
v -1.2 4.5 0.4
v 1.5 4.5 0.4
v 1.8 4.5 0.4
v -2.6 4.5 0.3
v -2.5 4.5 0.3
v -2 4.5 0.3
v -1.9 4.5 0.3
v 0.1 4.5 0.3
v 0.3 4.5 0.3
v -1.3 4.5 0.2
v -1.2 4.5 0.2
v 0.1 4.5 0.2
v 0.3 4.5 0.2
v 1.5 4.5 0.0999999
v 1.8 4.5 0.0999999
v -2.6 4.5 -2.38419e-07
v -2.5 4.5 -2.38419e-07
v -2 4.5 -2.38419e-07
v -1.9 4.5 -2.38419e-07
v -2.3 4.5 -0.1
v -2.1 4.5 -0.1
v 0.4 4.5 -0.1
v 0.6 4.5 -0.1
v -2.4 4.5 -0.2
v -2.3 4.5 -0.2
v -2.2 4.5 -0.2
v -2.1 4.5 -0.2
v 0.4 4.5 -0.2
v 0.6 4.5 -0.2
v -2.4 4.5 -0.3
v -2.2 4.5 -0.3
v -0.6 4.5 -0.7
v -0.3 4.5 -0.7
v -0.6 4.5 -0.8
v -0.5 4.5 -0.8
v -0.5 4.5 -1
v -0.3 4.5 -1
v 0.5 4.6 0.6
v 0.8 4.6 0.6
v -1.2 4.6 0.5
v -0.7 4.6 0.5
v 0.5 4.6 0.5
v 0.8 4.6 0.5
v -2.5 4.6 0.4
v -2 4.6 0.4
v -1.1 4.6 0.4
v -0.7 4.6 0.4
v 0.3 4.6 0.4
v 0.4 4.6 0.4
v -2.4 4.6 0.3
v -2.1 4.6 0.3
v 0.3 4.6 0.3
v -1.3 4.6 0.2
v -1.2 4.6 0.2
v 0.3 4.6 0.2
v 0.4 4.6 0.2
v -1.3 4.6 0.0999999
v -1.2 4.6 0.0999999
v -1.1 4.6 0.0999999
v -1 4.6 0.0999999
v -2.4 4.6 -2.38419e-07
v -2.1 4.6 -2.38419e-07
v -1.2 4.6 -2.38419e-07
v -1.1 4.6 -2.38419e-07
v -1 4.6 -2.38419e-07
v -2.3 4.6 -0.1
v -2 4.6 -0.1
v -2.5 4.6 -0.2
v -2.3 4.6 -0.2
v 0.4 4.7 0.5
v 0.9 4.7 0.5
v -1.1 4.7 0.4
v -0.9 4.7 0.4
v 0.5 4.7 0.4
v 0.9 4.7 0.4
v -2.4 4.7 0.3
v -2.1 4.7 0.3
v -0.9 4.7 0.2
v 0.4 4.7 0.2
v -1.1 4.7 0.0999999
v -1 4.7 0.0999999
v -0.9 4.7 0.0999999
v 0.4 4.7 0.0999999
v 0.5 4.7 0.0999999
v -2.4 4.7 -2.38419e-07
v -2.1 4.7 -2.38419e-07
v 0.5 4.8 0.4
v 0.7 4.8 0.4
v 0.6 4.8 0.3
v 0.7 4.8 0.3
v 0.5 4.8 0.2
v 0.6 4.8 0.2
v -1.1 4.8 -2.38419e-07
v -1 4.8 -2.38419e-07
v -1.1 4.8 -0.3
v -1 4.8 -0.3
v -0.9 4.8 -0.4
v -0.6 4.8 -0.4
v -0.9 4.8 -0.5
v -0.7 4.8 -0.5
v -0.6 4.8 -0.5
v 0.7 4.9 0.4
v 0.9 4.9 0.4
v 0.1 4.9 0.3
v 0.3 4.9 0.3
v 0.7 4.9 0.3
v 0.9 4.9 0.3
v 0.1 4.9 0.2
v 0.3 4.9 0.2
v 0.5 4.9 0.2
v 0.6 4.9 0.2
v -1 4.9 0.0999999
v -0.9 4.9 0.0999999
v 0.4 4.9 0.0999999
v 0.5 4.9 0.0999999
v -1 4.9 -2.38419e-07
v -0.9 4.9 -2.38419e-07
v 0.5 4.9 -0.1
v 0.6 4.9 -0.1
v 0.4 4.9 -0.2
v 0.5 4.9 -0.2
v 0.7 4.9 -0.2
v 1 4.9 -0.2
v -1 4.9 -0.3
v -0.9 4.9 -0.3
v 0.1 4.9 -0.3
v 0.3 4.9 -0.3
v 0.7 4.9 -0.3
v 1 4.9 -0.3
v -1 4.9 -0.4
v -0.9 4.9 -0.4
v 0.1 4.9 -0.4
v 0.3 4.9 -0.4
v -1.7 5 0.5
v -1.4 5 0.5
v -1.7 5 0.4
v -1.4 5 0.4
v -1.9 5 0.3
v -1.8 5 0.3
v -1.3 5 0.3
v -1.2 5 0.3
v 0.6 5 0.3
v 0.8 5 0.3
v 0.1 5 0.2
v 0.4 5 0.2
v 0.7 5 0.2
v 0.8 5 0.2
v 0.1 5 0.0999999
v 0.3 5 0.0999999
v -1.9 5 -2.38419e-07
v -1.8 5 -2.38419e-07
v -1.3 5 -2.38419e-07
v -1.2 5 -2.38419e-07
v -0.0999999 5 -2.38419e-07
v 2.38419e-07 5 -2.38419e-07
v -1.7 5 -0.1
v -1.4 5 -0.1
v -0.0999999 5 -0.1
v 2.38419e-07 5 -0.1
v 0.7 5 -0.1
v 1 5 -0.1
v -1.7 5 -0.2
v -1.4 5 -0.2
v 0.1 5 -0.2
v 0.3 5 -0.2
v 0.6 5 -0.2
v 1 5 -0.2
v 0.1 5 -0.3
v 0.4 5 -0.3
v -0.7 5.1 1.7
v -0.4 5.1 1.7
v -0.7 5.1 1.6
v -0.4 5.1 1.6
v -0.9 5.1 1.5
v -0.8 5.1 1.5
v -0.3 5.1 1.5
v -0.2 5.1 1.5
v -0.9 5.1 1.2
v -0.8 5.1 1.2
v -0.3 5.1 1.2
v -0.2 5.1 1.2
v -0.7 5.1 1.1
v -0.4 5.1 1.1
v -0.7 5.1 1
v -0.4 5.1 1
v -1.8 5.1 0.4
v -1.3 5.1 0.4
v -1.7 5.1 0.3
v -1.4 5.1 0.3
v -1 5.1 0.3
v -0.9 5.1 0.3
v 0.7 5.1 0.2
v 0.8 5.1 0.2
v -1 5.1 0.0999999
v -0.9 5.1 0.0999999
v 2.38419e-07 5.1 0.0999999
v 0.1 5.1 0.0999999
v 0.3 5.1 0.0999999
v -1.7 5.1 -2.38419e-07
v -1.4 5.1 -2.38419e-07
v 2.38419e-07 5.1 -2.38419e-07
v 0.8 5.1 -2.38419e-07
v 0.9 5.1 -2.38419e-07
v -1.8 5.1 -0.1
v -1.3 5.1 -0.1
v 2.38419e-07 5.1 -0.1
v 0.7 5.1 -0.1
v 0.9 5.1 -0.1
v 2.38419e-07 5.1 -0.2
v 0.1 5.1 -0.2
v 0.3 5.1 -0.2
v -0.7 5.1 -0.5
v -0.5 5.1 -0.5
v -0.7 5.1 -0.6
v -0.5 5.1 -0.6
v -0.9 5.1 -0.7
v -0.8 5.1 -0.7
v -0.3 5.1 -0.7
v -0.2 5.1 -0.7
v -0.9 5.1 -1
v -0.8 5.1 -1
v -0.3 5.1 -1
v -0.2 5.1 -1
v -0.7 5.1 -1.1
v -0.4 5.1 -1.1
v -0.7 5.1 -1.2
v -0.4 5.1 -1.2
v -0.8 5.2 1.6
v -0.3 5.2 1.6
v -0.7 5.2 1.5
v -0.4 5.2 1.5
v -0.7 5.2 1.2
v -0.4 5.2 1.2
v -0.8 5.2 1.1
v -0.3 5.2 1.1
v -0.3 5.2 0.6
v -0.0999999 5.2 0.6
v -0.3 5.2 0.5
v -0.0999999 5.2 0.5
v 2.38419e-07 5.2 0.4
v 0.1 5.2 0.4
v -1.7 5.2 0.3
v -1.4 5.2 0.3
v -0.9 5.2 0.2
v -0.8 5.2 0.2
v -0.9 5.2 0.0999999
v -0.8 5.2 0.0999999
v 2.38419e-07 5.2 0.0999999
v 0.1 5.2 0.0999999
v -1.7 5.2 -2.38419e-07
v -1.4 5.2 -2.38419e-07
v -1 5.2 -2.38419e-07
v -0.9 5.2 -2.38419e-07
v -0.4 5.2 -2.38419e-07
v -0.0999999 5.2 -2.38419e-07
v -0.4 5.2 -0.1
v -0.0999999 5.2 -0.1
v 2.38419e-07 5.2 -0.2
v 0.1 5.2 -0.2
v -1 5.2 -0.3
v -0.9 5.2 -0.3
v -0.8 5.2 -0.4
v -0.5 5.2 -0.4
v -0.8 5.2 -0.5
v -0.5 5.2 -0.5
v 2.38419e-07 5.2 -0.5
v 0.1 5.2 -0.5
v -0.8 5.2 -0.6
v -0.5 5.2 -0.6
v -0.0999999 5.2 -0.6
v -0.7 5.2 -0.7
v -0.4 5.2 -0.7
v -0.3 5.2 -0.7
v -0.0999999 5.2 -0.7
v -0.7 5.2 -1
v -0.4 5.2 -1
v -0.8 5.2 -1.1
v -0.3 5.2 -1.1
v -0.7 5.3 1.5
v -0.4 5.3 1.5
v -0.7 5.3 1.2
v -0.4 5.3 1.2
v -1.1 5.3 0.7
v -1 5.3 0.7
v -0.4 5.3 0.5
v -0.3 5.3 0.5
v 2.38419e-07 5.3 0.5
v 1 5.3 0.5
v 1.3 5.3 0.5
v -1.1 5.3 0.4
v -1 5.3 0.4
v -0.5 5.3 0.4
v -0.4 5.3 0.4
v -0.0999999 5.3 0.4
v 1 5.3 0.4
v 1.3 5.3 0.4
v -0.9 5.3 0.3
v -0.5 5.3 0.3
v 0.8 5.3 0.3
v 0.9 5.3 0.3
v 1.4 5.3 0.3
v 1.5 5.3 0.3
v -0.9 5.3 0.2
v -0.8 5.3 0.2
v -0.9 5.3 0.0999999
v -0.8 5.3 0.0999999
v -0.4 5.3 0.0999999
v -0.0999999 5.3 0.0999999
v -0.8 5.3 -2.38419e-07
v -0.5 5.3 -2.38419e-07
v -0.4 5.3 -2.38419e-07
v 2.38419e-07 5.3 -2.38419e-07
v 0.8 5.3 -2.38419e-07
v 0.9 5.3 -2.38419e-07
v 1.4 5.3 -2.38419e-07
v 1.5 5.3 -2.38419e-07
v -0.4 5.3 -0.1
v 2.38419e-07 5.3 -0.1
v 1 5.3 -0.1
v 1.3 5.3 -0.1
v -0.4 5.3 -0.2
v -0.0999999 5.3 -0.2
v 1 5.3 -0.2
v 1.3 5.3 -0.2
v -0.8 5.3 -0.3
v -0.5 5.3 -0.3
v -0.9 5.3 -0.4
v -0.5 5.3 -0.4
v -0.4 5.3 -0.5
v -0.0999999 5.3 -0.5
v -0.5 5.3 -0.6
v 2.38419e-07 5.3 -0.6
v -0.7 5.3 -0.7
v -0.4 5.3 -0.7
v -0.7 5.3 -1
v -0.4 5.3 -1
v -1 5.4 0.8
v -0.9 5.4 0.8
v -0.9 5.4 0.4
v -0.5 5.4 0.4
v -0.4 5.4 0.4
v -0.0999999 5.4 0.4
v 0.9 5.4 0.4
v 1.4 5.4 0.4
v -1 5.4 0.3
v -0.5 5.4 0.3
v 1 5.4 0.3
v 1.3 5.4 0.3
v -0.4 5.4 0.0999999
v -0.0999999 5.4 0.0999999
v -0.8 5.4 -2.38419e-07
v -0.5 5.4 -2.38419e-07
v 1 5.4 -2.38419e-07
v 1.3 5.4 -2.38419e-07
v 0.9 5.4 -0.1
v 1.4 5.4 -0.1
v -0.4 5.4 -0.2
v -0.0999999 5.4 -0.2
v -0.8 5.4 -0.3
v -0.5 5.4 -0.3
v -0.4 5.4 -0.5
v -0.0999999 5.4 -0.5
v -0.9 5.5 0.6
v -0.8 5.5 0.6
v -0.8 5.5 0.5
v -0.7 5.5 0.5
v -0.9 5.5 0.4
v -0.7 5.5 0.4
v 1 5.5 0.3
v 1.3 5.5 0.3
v 1 5.5 -2.38419e-07
v 1.3 5.5 -2.38419e-07
v -0.7 5.6 1.1
v -0.4 5.6 1.1
v -0.7 5.6 1
v -0.4 5.6 1
v -0.9 5.6 0.9
v -0.8 5.6 0.9
v -0.3 5.6 0.9
v -0.2 5.6 0.9
v -0.9 5.6 0.6
v -0.8 5.6 0.6
v -0.3 5.6 0.6
v -0.2 5.6 0.6
v -0.7 5.6 0.5
v -0.4 5.6 0.5
v -0.7 5.6 0.4
v -0.4 5.6 0.4
v -0.8 5.7 1
v -0.3 5.7 1
v -0.7 5.7 0.9
v -0.4 5.7 0.9
v -0.7 5.7 0.6
v -0.4 5.7 0.6
v -0.8 5.7 0.5
v -0.3 5.7 0.5
v -0.7 5.8 0.9
v -0.4 5.8 0.9
v -0.7 5.8 0.6
v -0.4 5.8 0.6

# faces
f 5/3/1 2/3/1 1/3/1
f 6/1/1 3/1/1 2/1/1
f 6/3/1 2/3/1 5/3/1
f 7/3/1 4/3/1 3/3/1
f 7/1/1 3/1/1 6/1/1
f 8/3/1 4/3/1 7/3/1
f 11/4/1 10/4/1 9/4/1
f 12/4/1 10/4/1 11/4/1
f 15/4/1 14/4/1 13/4/1
f 16/4/1 14/4/1 15/4/1
f 19/4/1 18/4/1 17/4/1
f 20/4/1 18/4/1 19/4/1
f 21/4/1 19/4/1 17/4/1
f 22/4/1 18/4/1 20/4/1
f 23/4/1 21/4/1 17/4/1
f 23/4/1 22/4/1 21/4/1
f 24/4/1 18/4/1 22/4/1
f 24/4/1 22/4/1 23/4/1
f 27/4/1 26/4/1 25/4/1
f 28/4/1 26/4/1 27/4/1
f 29/4/1 27/4/1 25/4/1
f 30/4/1 26/4/1 28/4/1
f 31/4/1 26/4/1 30/4/1
f 33/4/1 29/4/1 25/4/1
f 33/4/1 32/4/1 31/4/1
f 33/4/1 31/4/1 30/4/1
f 33/4/1 30/4/1 29/4/1
f 34/4/1 32/4/1 33/4/1
f 37/4/1 36/4/1 35/4/1
f 38/4/1 36/4/1 37/4/1
f 41/4/1 40/4/1 39/4/1
f 42/4/1 40/4/1 41/4/1
f 47/4/1 44/4/1 43/4/1
f 48/4/1 44/4/1 47/4/1
f 49/4/1 46/4/1 45/4/1
f 50/4/1 46/4/1 49/4/1
f 53/4/1 52/4/1 51/4/1
f 54/4/1 52/4/1 53/4/1
f 57/4/1 56/4/1 55/4/1
f 58/4/1 56/4/1 57/4/1
f 63/4/1 62/4/1 61/4/1
f 65/4/1 60/4/1 59/4/1
f 66/4/1 60/4/1 65/4/1
f 67/4/1 64/4/1 63/4/1
f 67/4/1 63/4/1 61/4/1
f 68/4/1 64/4/1 67/4/1
f 69/4/1 64/4/1 68/4/1
f 72/4/1 71/4/1 70/4/1
f 73/4/1 71/4/1 72/4/1
f 76/1/1 75/1/1 74/1/1
f 77/1/1 75/1/1 76/1/1
f 80/4/1 79/4/1 78/4/1
f 81/4/1 79/4/1 80/4/1
f 82/4/1 80/4/1 78/4/1
f 83/4/1 79/4/1 81/4/1
f 84/4/1 82/4/1 78/4/1
f 84/4/1 83/4/1 82/4/1
f 85/4/1 79/4/1 83/4/1
f 85/4/1 83/4/1 84/4/1
f 88/2/1 87/2/1 86/2/1
f 89/2/1 87/2/1 88/2/1
f 92/4/1 91/4/1 90/4/1
f 93/4/1 91/4/1 92/4/1
f 98/1/1 95/1/1 94/1/1
f 99/1/1 95/1/1 98/1/1
f 100/1/1 97/1/1 96/1/1
f 101/1/1 97/1/1 100/1/1
f 104/4/1 103/4/1 102/4/1
f 105/4/1 103/4/1 104/4/1
f 110/4/1 107/4/1 106/4/1
f 111/4/1 107/4/1 110/4/1
f 112/4/1 109/4/1 108/4/1
f 113/4/1 109/4/1 112/4/1
f 116/4/1 115/4/1 114/4/1
f 117/4/1 115/4/1 116/4/1
f 120/2/1 119/2/1 118/2/1
f 121/2/1 119/2/1 120/2/1
f 124/4/1 123/4/1 122/4/1
f 125/4/1 123/4/1 124/4/1
f 131/4/1 127/4/1 126/4/1
f 131/4/1 128/4/1 127/4/1
f 132/4/1 128/4/1 131/4/1
f 133/1/1 130/1/1 129/1/1
f 134/1/1 130/1/1 133/1/1
f 137/4/1 136/4/1 135/4/1
f 138/4/1 136/4/1 137/4/1
f 139/4/1 136/4/1 138/4/1
f 140/2/1 139/2/1 138/2/1
f 141/2/1 139/2/1 140/2/1
f 145/4/1 143/4/1 142/4/1
f 145/2/1 144/2/1 143/2/1
f 146/2/1 144/2/1 145/2/1
f 147/4/1 145/4/1 142/4/1
f 148/4/1 145/4/1 147/4/1
f 151/4/1 150/4/1 149/4/1
f 152/4/1 150/4/1 151/4/1
f 159/4/1 154/4/1 153/4/1
f 160/4/1 154/4/1 159/4/1
f 161/1/1 156/1/1 155/1/1
f 162/1/1 156/1/1 161/1/1
f 165/1/1 158/1/1 157/1/1
f 166/1/1 158/1/1 165/1/1
f 168/4/1 164/4/1 163/4/1
f 169/4/1 164/4/1 168/4/1
f 171/4/1 168/4/1 167/4/1
f 171/4/1 170/4/1 169/4/1
f 171/4/1 169/4/1 168/4/1
f 172/4/1 170/4/1 171/4/1
f 173/4/1 170/4/1 172/4/1
f 174/4/1 170/4/1 173/4/1
f 175/4/1 171/4/1 167/4/1
f 176/4/1 171/4/1 175/4/1
f 177/4/1 170/4/1 174/4/1
f 178/4/1 170/4/1 177/4/1
f 179/4/1 173/4/1 172/4/1
f 180/4/1 173/4/1 179/4/1
f 185/4/1 182/4/1 181/4/1
f 187/4/1 184/4/1 183/4/1
f 188/4/1 186/4/1 185/4/1
f 188/4/1 185/4/1 181/4/1
f 189/4/1 186/4/1 188/4/1
f 190/4/1 184/4/1 187/4/1
f 191/4/1 184/4/1 190/4/1
f 194/4/1 193/4/1 192/4/1
f 195/4/1 193/4/1 194/4/1
f 196/4/1 193/4/1 195/4/1
f 197/4/1 194/4/1 192/4/1
f 199/4/1 197/4/1 192/4/1
f 199/4/1 198/4/1 197/4/1
f 200/4/1 198/4/1 199/4/1
f 201/4/1 193/4/1 196/4/1
f 202/4/1 193/4/1 201/4/1
f 205/4/1 204/4/1 203/4/1
f 206/4/1 204/4/1 205/4/1
f 209/2/1 208/2/1 207/2/1
f 210/2/1 208/2/1 209/2/1
f 215/4/1 214/4/1 213/4/1
f 216/4/1 214/4/1 215/4/1
f 217/4/1 212/4/1 211/4/1
f 218/4/1 212/4/1 217/4/1
f 220/4/1 219/4/1 218/4/1
f 221/4/1 219/4/1 220/4/1
f 224/4/1 223/4/1 222/4/1
f 225/4/1 223/4/1 224/4/1
f 230/4/1 227/4/1 226/4/1
f 231/4/1 227/4/1 230/4/1
f 233/4/1 229/4/1 228/4/1
f 234/4/1 229/4/1 233/4/1
f 235/4/1 233/4/1 232/4/1
f 236/4/1 233/4/1 235/4/1
f 239/4/1 238/4/1 237/4/1
f 240/4/1 238/4/1 239/4/1
f 245/4/1 242/4/1 241/4/1
f 246/4/1 242/4/1 245/4/1
f 247/4/1 242/4/1 246/4/1
f 248/1/1 244/1/1 243/1/1
f 249/1/1 244/1/1 248/1/1
f 253/4/1 251/4/1 250/4/1
f 254/4/1 251/4/1 253/4/1
f 256/4/1 253/4/1 252/4/1
f 256/4/1 255/4/1 254/4/1
f 256/4/1 254/4/1 253/4/1
f 257/4/1 255/4/1 256/4/1
f 258/4/1 255/4/1 257/4/1
f 259/4/1 255/4/1 258/4/1
f 260/4/1 256/4/1 252/4/1
f 261/4/1 256/4/1 260/4/1
f 262/4/1 255/4/1 259/4/1
f 263/4/1 255/4/1 262/4/1
f 264/4/1 258/4/1 257/4/1
f 265/4/1 258/4/1 264/4/1
f 268/4/1 267/4/1 266/4/1
f 269/4/1 267/4/1 268/4/1
f 272/4/1 271/4/1 270/4/1
f 273/4/1 271/4/1 272/4/1
f 278/4/1 275/4/1 274/4/1
f 279/2/1 276/2/1 275/2/1
f 279/4/1 275/4/1 278/4/1
f 280/4/1 277/4/1 276/4/1
f 280/2/1 276/2/1 279/2/1
f 281/4/1 277/4/1 280/4/1
f 282/4/1 278/4/1 274/4/1
f 283/4/1 277/4/1 281/4/1
f 284/4/1 282/4/1 274/4/1
f 284/4/1 283/4/1 282/4/1
f 285/4/1 277/4/1 283/4/1
f 285/4/1 283/4/1 284/4/1
f 291/1/1 287/1/1 286/1/1
f 292/1/1 287/1/1 291/1/1
f 293/1/1 289/1/1 288/1/1
f 294/1/1 289/1/1 293/1/1
f 295/4/1 291/4/1 290/4/1
f 296/4/1 291/4/1 295/4/1
f 300/4/1 298/4/1 297/4/1
f 300/2/1 299/2/1 298/2/1
f 301/2/1 299/2/1 300/2/1
f 302/4/1 300/4/1 297/4/1
f 303/4/1 300/4/1 302/4/1
f 306/4/1 305/4/1 304/4/1
f 307/4/1 305/4/1 306/4/1
f 312/4/1 309/4/1 308/4/1
f 313/2/1 310/2/1 309/2/1
f 313/4/1 309/4/1 312/4/1
f 314/4/1 311/4/1 310/4/1
f 314/2/1 310/2/1 313/2/1
f 315/4/1 311/4/1 314/4/1
f 320/4/1 317/4/1 316/4/1
f 321/4/1 317/4/1 320/4/1
f 322/4/1 319/4/1 318/4/1
f 323/4/1 319/4/1 322/4/1
f 326/4/1 325/4/1 324/4/1
f 327/4/1 325/4/1 326/4/1
f 330/1/1 329/1/1 328/1/1
f 331/1/1 329/1/1 330/1/1
f 336/4/1 333/4/1 332/4/1
f 337/4/1 333/4/1 336/4/1
f 339/4/1 335/4/1 334/4/1
f 339/4/1 338/4/1 337/4/1
f 339/4/1 337/4/1 336/4/1
f 339/4/1 336/4/1 335/4/1
f 340/4/1 338/4/1 339/4/1
f 341/4/1 338/4/1 340/4/1
f 342/4/1 338/4/1 341/4/1
f 343/4/1 339/4/1 334/4/1
f 344/4/1 339/4/1 343/4/1
f 345/4/1 338/4/1 342/4/1
f 346/4/1 338/4/1 345/4/1
f 347/4/1 341/4/1 340/4/1
f 348/4/1 341/4/1 347/4/1
f 351/4/1 350/4/1 349/4/1
f 352/4/1 350/4/1 351/4/1
f 353/4/1 350/4/1 352/4/1
f 354/4/1 351/4/1 349/4/1
f 356/4/1 350/4/1 353/4/1
f 357/4/1 355/4/1 354/4/1
f 357/4/1 356/4/1 355/4/1
f 357/4/1 354/4/1 349/4/1
f 358/4/1 350/4/1 356/4/1
f 358/4/1 356/4/1 357/4/1
f 361/4/1 360/4/1 359/4/1
f 362/4/1 360/4/1 361/4/1
f 365/1/1 364/1/1 363/1/1
f 366/1/1 364/1/1 365/1/1
f 369/4/1 368/4/1 367/4/1
f 370/4/1 368/4/1 369/4/1
f 375/4/1 372/4/1 371/4/1
f 376/4/1 372/4/1 375/4/1
f 377/4/1 374/4/1 373/4/1
f 378/4/1 374/4/1 377/4/1
f 381/4/1 380/4/1 379/4/1
f 382/4/1 380/4/1 381/4/1
f 385/2/1 384/2/1 383/2/1
f 386/2/1 384/2/1 385/2/1
f 389/1/1 388/1/1 387/1/1
f 390/1/1 388/1/1 389/1/1
f 395/4/1 392/4/1 391/4/1
f 397/4/1 394/4/1 393/4/1
f 398/4/1 394/4/1 397/4/1
f 400/4/1 392/4/1 395/4/1
f 402/4/1 399/4/1 398/4/1
f 402/4/1 397/4/1 396/4/1
f 402/4/1 398/4/1 397/4/1
f 403/4/1 399/4/1 402/4/1
f 404/4/1 399/4/1 403/4/1
f 405/4/1 399/4/1 404/4/1
f 406/4/1 401/4/1 400/4/1
f 406/4/1 400/4/1 395/4/1
f 407/4/1 401/4/1 406/4/1
f 408/4/1 402/4/1 396/4/1
f 409/4/1 402/4/1 408/4/1
f 410/4/1 399/4/1 405/4/1
f 411/4/1 399/4/1 410/4/1
f 412/4/1 401/4/1 407/4/1
f 413/4/1 401/4/1 412/4/1
f 414/4/1 404/4/1 403/4/1
f 415/4/1 404/4/1 414/4/1
f 418/4/1 417/4/1 416/4/1
f 419/4/1 417/4/1 418/4/1
f 420/4/1 418/4/1 416/4/1
f 421/4/1 418/4/1 420/4/1
f 422/2/1 419/2/1 418/2/1
f 422/4/1 418/4/1 421/4/1
f 423/2/1 419/2/1 422/2/1
f 424/4/1 422/4/1 421/4/1
f 425/4/1 422/4/1 424/4/1
f 428/4/1 427/4/1 426/4/1
f 429/4/1 427/4/1 428/4/1
f 430/4/1 428/4/1 426/4/1
f 431/2/1 429/2/1 428/2/1
f 431/4/1 428/4/1 430/4/1
f 432/2/1 429/2/1 431/2/1
f 434/2/1 432/2/1 431/2/1
f 435/4/1 433/4/1 432/4/1
f 435/2/1 432/2/1 434/2/1
f 436/4/1 433/4/1 435/4/1
f 439/2/1 438/2/1 437/2/1
f 440/2/1 438/2/1 439/2/1
f 443/1/1 442/1/1 441/1/1
f 444/1/1 442/1/1 443/1/1
f 449/1/1 446/1/1 445/1/1
f 450/1/1 446/1/1 449/1/1
f 451/1/1 448/1/1 447/1/1
f 453/1/1 451/1/1 447/1/1
f 453/1/1 452/1/1 451/1/1
f 454/1/1 452/1/1 453/1/1
f 455/1/1 446/1/1 450/1/1
f 456/1/1 446/1/1 455/1/1
f 457/4/1 455/4/1 454/4/1
f 458/4/1 455/4/1 457/4/1
f 463/4/1 462/4/1 461/4/1
f 464/4/1 460/4/1 459/4/1
f 466/4/1 464/4/1 459/4/1
f 466/4/1 465/4/1 464/4/1
f 467/4/1 465/4/1 466/4/1
f 468/4/1 465/4/1 467/4/1
f 469/4/1 462/4/1 463/4/1
f 470/4/1 462/4/1 469/4/1
f 473/4/1 472/4/1 471/4/1
f 474/4/1 472/4/1 473/4/1
f 475/4/1 472/4/1 474/4/1
f 476/4/1 472/4/1 475/4/1
f 478/4/1 473/4/1 471/4/1
f 480/4/1 476/4/1 475/4/1
f 480/4/1 477/4/1 476/4/1
f 481/4/1 477/4/1 480/4/1
f 482/4/1 479/4/1 478/4/1
f 482/4/1 478/4/1 471/4/1
f 483/4/1 479/4/1 482/4/1
f 484/4/1 477/4/1 481/4/1
f 485/4/1 477/4/1 484/4/1
f 488/4/1 487/4/1 486/4/1
f 489/4/1 487/4/1 488/4/1
f 490/4/1 488/4/1 486/4/1
f 491/4/1 488/4/1 490/4/1
f 496/1/1 493/1/1 492/1/1
f 497/1/1 493/1/1 496/1/1
f 502/1/1 495/1/1 494/1/1
f 503/1/1 495/1/1 502/1/1
f 504/1/1 499/1/1 498/1/1
f 505/1/1 499/1/1 504/1/1
f 508/1/1 501/1/1 500/1/1
f 509/1/1 501/1/1 508/1/1
f 510/4/1 507/4/1 506/4/1
f 511/4/1 507/4/1 510/4/1
f 516/4/1 515/4/1 514/4/1
f 517/4/1 515/4/1 516/4/1
f 518/4/1 513/4/1 512/4/1
f 519/4/1 513/4/1 518/4/1
f 521/4/1 520/4/1 519/4/1
f 522/4/1 520/4/1 521/4/1
f 525/4/1 524/4/1 523/4/1
f 526/4/1 524/4/1 525/4/1
f 529/4/1 524/4/1 526/4/1
f 531/4/1 529/4/1 526/4/1
f 531/4/1 530/4/1 529/4/1
f 532/4/1 530/4/1 531/4/1
f 533/4/1 531/4/1 526/4/1
f 534/4/1 531/4/1 533/4/1
f 535/4/1 528/4/1 527/4/1
f 536/4/1 528/4/1 535/4/1
f 537/4/1 531/4/1 534/4/1
f 538/4/1 531/4/1 537/4/1
f 541/4/1 540/4/1 539/4/1
f 542/4/1 540/4/1 541/4/1
f 547/4/1 546/4/1 545/4/1
f 548/4/1 546/4/1 547/4/1
f 549/4/1 544/4/1 543/4/1
f 550/4/1 544/4/1 549/4/1
f 551/4/1 546/4/1 548/4/1
f 552/4/1 547/4/1 545/4/1
f 554/4/1 552/4/1 545/4/1
f 554/4/1 553/4/1 552/4/1
f 555/4/1 553/4/1 554/4/1
f 556/4/1 546/4/1 551/4/1
f 557/4/1 546/4/1 556/4/1
f 560/1/1 559/1/1 558/1/1
f 561/1/1 559/1/1 560/1/1
f 566/1/1 563/1/1 562/1/1
f 567/1/1 563/1/1 566/1/1
f 568/4/1 565/4/1 564/4/1
f 569/4/1 565/4/1 568/4/1
f 572/2/1 571/2/1 570/2/1
f 573/2/1 571/2/1 572/2/1
f 576/4/1 575/4/1 574/4/1
f 577/4/1 575/4/1 576/4/1
f 578/4/1 575/4/1 577/4/1
f 580/4/1 578/4/1 577/4/1
f 580/4/1 579/4/1 578/4/1
f 581/4/1 579/4/1 580/4/1
f 583/4/1 579/4/1 581/4/1
f 584/4/1 579/4/1 583/4/1
f 585/4/1 583/4/1 582/4/1
f 586/4/1 583/4/1 585/4/1
f 589/4/1 588/4/1 587/4/1
f 590/4/1 588/4/1 589/4/1
f 594/4/1 592/4/1 591/4/1
f 595/2/1 593/2/1 592/2/1
f 595/4/1 592/4/1 594/4/1
f 596/2/1 593/2/1 595/2/1
f 601/4/1 589/4/1 587/4/1
f 602/4/1 588/4/1 590/4/1
f 603/4/1 601/4/1 587/4/1
f 603/4/1 602/4/1 601/4/1
f 604/4/1 588/4/1 602/4/1
f 604/4/1 602/4/1 603/4/1
f 605/4/1 598/4/1 597/4/1
f 606/4/1 598/4/1 605/4/1
f 607/4/1 600/4/1 599/4/1
f 611/4/1 608/4/1 607/4/1
f 611/4/1 607/4/1 599/4/1
f 612/4/1 610/4/1 609/4/1
f 613/4/1 610/4/1 612/4/1
f 614/4/1 608/4/1 611/4/1
f 615/4/1 608/4/1 614/4/1
f 618/4/1 617/4/1 616/4/1
f 619/4/1 617/4/1 618/4/1
f 624/1/1 621/1/1 620/1/1
f 625/1/1 621/1/1 624/1/1
f 630/1/1 623/1/1 622/1/1
f 631/1/1 623/1/1 630/1/1
f 634/4/1 633/4/1 632/4/1
f 635/4/1 633/4/1 634/4/1
f 636/1/1 627/1/1 626/1/1
f 637/1/1 627/1/1 636/1/1
f 640/1/1 629/1/1 628/1/1
f 641/1/1 629/1/1 640/1/1
f 642/4/1 639/4/1 638/4/1
f 643/4/1 639/4/1 642/4/1
f 646/2/1 645/2/1 644/2/1
f 647/2/1 645/2/1 646/2/1
f 653/4/1 652/4/1 651/4/1
f 654/4/1 652/4/1 653/4/1
f 657/4/1 650/4/1 649/4/1
f 657/4/1 649/4/1 648/4/1
f 658/4/1 650/4/1 657/4/1
f 659/4/1 650/4/1 658/4/1
f 660/4/1 656/4/1 655/4/1
f 661/4/1 656/4/1 660/4/1
f 663/4/1 662/4/1 661/4/1
f 664/4/1 662/4/1 663/4/1
f 669/4/1 668/4/1 667/4/1
f 670/4/1 668/4/1 669/4/1
f 671/4/1 666/4/1 665/4/1
f 672/4/1 666/4/1 671/4/1
f 675/4/1 674/4/1 673/4/1
f 676/4/1 674/4/1 675/4/1
f 683/2/1 678/2/1 677/2/1
f 684/2/1 678/2/1 683/2/1
f 685/4/1 680/4/1 679/4/1
f 686/4/1 680/4/1 685/4/1
f 687/4/1 682/4/1 681/4/1
f 688/4/1 682/4/1 687/4/1
f 693/4/1 690/4/1 689/4/1
f 694/4/1 690/4/1 693/4/1
f 695/4/1 692/4/1 691/4/1
f 696/4/1 692/4/1 695/4/1
f 699/4/1 698/4/1 697/4/1
f 701/4/1 698/4/1 699/4/1
f 702/4/1 698/4/1 701/4/1
f 703/4/1 692/4/1 696/4/1
f 705/4/1 702/4/1 701/4/1
f 705/4/1 703/4/1 702/4/1
f 705/4/1 701/4/1 700/4/1
f 706/4/1 703/4/1 705/4/1
f 707/4/1 703/4/1 706/4/1
f 708/4/1 692/4/1 703/4/1
f 708/4/1 703/4/1 707/4/1
f 709/4/1 692/4/1 708/4/1
f 710/4/1 705/4/1 704/4/1
f 710/4/1 706/4/1 705/4/1
f 711/4/1 706/4/1 710/4/1
f 712/4/1 706/4/1 711/4/1
f 713/4/1 706/4/1 712/4/1
f 714/4/1 708/4/1 707/4/1
f 715/4/1 708/4/1 714/4/1
f 716/4/1 710/4/1 704/4/1
f 717/4/1 712/4/1 711/4/1
f 718/4/1 716/4/1 704/4/1
f 718/4/1 717/4/1 716/4/1
f 719/4/1 712/4/1 717/4/1
f 719/4/1 717/4/1 718/4/1
f 724/1/1 721/1/1 720/1/1
f 725/1/1 721/1/1 724/1/1
f 728/1/1 723/1/1 722/1/1
f 729/1/1 723/1/1 728/1/1
f 730/4/1 727/4/1 726/4/1
f 731/4/1 727/4/1 730/4/1
f 734/2/1 733/2/1 732/2/1
f 735/2/1 733/2/1 734/2/1
f 736/2/1 733/2/1 735/2/1
f 738/2/1 733/2/1 736/2/1
f 739/2/1 738/2/1 737/2/1
f 740/2/1 733/2/1 738/2/1
f 740/2/1 738/2/1 739/2/1
f 741/2/1 733/2/1 740/2/1
f 742/2/1 733/2/1 741/2/1
f 749/4/1 744/4/1 743/4/1
f 750/4/1 747/4/1 746/4/1
f 750/4/1 746/4/1 745/4/1
f 751/4/1 747/4/1 750/4/1
f 754/2/1 749/2/1 748/2/1
f 755/2/1 754/2/1 753/2/1
f 755/2/1 749/2/1 754/2/1
f 756/4/1 744/4/1 749/4/1
f 756/2/1 749/2/1 755/2/1
f 757/4/1 744/4/1 756/4/1
f 760/4/1 753/4/1 752/4/1
f 760/2/1 755/2/1 753/2/1
f 761/2/1 755/2/1 760/2/1
f 762/4/1 759/4/1 758/4/1
f 763/4/1 759/4/1 762/4/1
f 764/4/1 750/4/1 745/4/1
f 766/4/1 760/4/1 752/4/1
f 767/4/1 760/4/1 766/4/1
f 768/4/1 765/4/1 764/4/1
f 768/4/1 764/4/1 745/4/1
f 769/4/1 765/4/1 768/4/1
f 770/4/1 765/4/1 769/4/1
f 773/4/1 772/4/1 771/4/1
f 774/4/1 772/4/1 773/4/1
f 775/4/1 772/4/1 774/4/1
f 778/4/1 773/4/1 771/4/1
f 779/4/1 775/4/1 774/4/1
f 781/2/1 777/2/1 776/2/1
f 782/4/1 778/4/1 771/4/1
f 782/4/1 779/4/1 778/4/1
f 783/4/1 775/4/1 779/4/1
f 783/4/1 779/4/1 782/4/1
f 784/2/1 781/2/1 780/2/1
f 785/2/1 777/2/1 781/2/1
f 785/2/1 781/2/1 784/2/1
f 788/2/1 777/2/1 785/2/1
f 789/2/1 777/2/1 788/2/1
f 790/4/1 787/4/1 786/4/1
f 791/4/1 787/4/1 790/4/1
f 794/4/1 793/4/1 792/4/1
f 795/4/1 793/4/1 794/4/1
f 805/4/1 799/4/1 798/4/1
f 805/4/1 800/4/1 799/4/1
f 806/4/1 800/4/1 805/4/1
f 807/2/1 801/2/1 800/2/1
f 807/4/1 800/4/1 806/4/1
f 808/2/1 801/2/1 807/2/1
f 809/4/1 797/4/1 796/4/1
f 810/4/1 797/4/1 809/4/1
f 813/4/1 806/4/1 805/4/1
f 813/4/1 805/4/1 804/4/1
f 814/4/1 806/4/1 813/4/1
f 821/4/1 803/4/1 802/4/1
f 822/4/1 803/4/1 821/4/1
f 824/4/1 816/4/1 815/4/1
f 825/4/1 812/4/1 811/4/1
f 826/4/1 812/4/1 825/4/1
f 827/4/1 824/4/1 823/4/1
f 828/4/1 816/4/1 824/4/1
f 828/4/1 824/4/1 827/4/1
f 829/4/1 816/4/1 828/4/1
f 830/4/1 818/4/1 817/4/1
f 831/4/1 827/4/1 823/4/1
f 832/4/1 827/4/1 831/4/1
f 833/4/1 829/4/1 828/4/1
f 833/4/1 830/4/1 829/4/1
f 834/4/1 818/4/1 830/4/1
f 834/4/1 830/4/1 833/4/1
f 835/4/1 820/4/1 819/4/1
f 837/4/1 836/4/1 835/4/1
f 838/4/1 836/4/1 837/4/1
f 839/4/1 835/4/1 819/4/1
f 839/4/1 837/4/1 835/4/1
f 840/4/1 837/4/1 839/4/1
f 847/4/1 844/4/1 843/4/1
f 848/4/1 844/4/1 847/4/1
f 849/4/1 846/4/1 845/4/1
f 850/4/1 846/4/1 849/4/1
f 853/1/1 842/1/1 841/1/1
f 854/1/1 842/1/1 853/1/1
f 857/2/1 856/2/1 855/2/1
f 858/2/1 856/2/1 857/2/1
f 859/2/1 852/2/1 851/2/1
f 861/2/1 859/2/1 851/2/1
f 862/4/1 860/4/1 859/4/1
f 862/2/1 859/2/1 861/2/1
f 863/4/1 860/4/1 862/4/1
f 864/4/1 860/4/1 863/4/1
f 867/4/1 866/4/1 865/4/1
f 868/4/1 866/4/1 867/4/1
f 871/4/1 870/4/1 869/4/1
f 872/4/1 870/4/1 871/4/1
f 879/4/1 874/4/1 873/4/1
f 880/4/1 874/4/1 879/4/1
f 881/4/1 878/4/1 877/4/1
f 882/4/1 878/4/1 881/4/1
f 884/4/1 876/4/1 875/4/1
f 889/4/1 884/4/1 883/4/1
f 890/4/1 876/4/1 884/4/1
f 890/4/1 884/4/1 889/4/1
f 893/4/1 888/4/1 887/4/1
f 896/4/1 886/4/1 885/4/1
f 897/4/1 886/4/1 896/4/1
f 898/4/1 893/4/1 887/4/1
f 899/4/1 893/4/1 898/4/1
f 904/4/1 901/4/1 900/4/1
f 905/4/1 901/4/1 904/4/1
f 906/4/1 903/4/1 902/4/1
f 907/4/1 903/4/1 906/4/1
f 910/4/1 906/4/1 902/4/1
f 911/4/1 906/4/1 910/4/1
f 912/4/1 909/4/1 908/4/1
f 913/4/1 909/4/1 912/4/1
f 914/2/1 895/2/1 894/2/1
f 915/2/1 895/2/1 914/2/1
f 916/4/1 910/4/1 902/4/1
f 917/4/1 910/4/1 916/4/1
f 918/2/1 892/2/1 891/2/1
f 919/2/1 892/2/1 918/2/1
f 920/4/1 912/4/1 908/4/1
f 921/4/1 909/4/1 913/4/1
f 922/4/1 920/4/1 908/4/1
f 922/4/1 921/4/1 920/4/1
f 923/4/1 909/4/1 921/4/1
f 923/4/1 921/4/1 922/4/1
f 928/4/1 925/4/1 924/4/1
f 929/4/1 925/4/1 928/4/1
f 930/4/1 927/4/1 926/4/1
f 931/4/1 927/4/1 930/4/1
f 934/4/1 928/4/1 924/4/1
f 935/4/1 925/4/1 929/4/1
f 936/4/1 930/4/1 926/4/1
f 937/4/1 927/4/1 931/4/1
f 938/4/1 934/4/1 924/4/1
f 938/4/1 935/4/1 934/4/1
f 939/4/1 925/4/1 935/4/1
f 939/4/1 935/4/1 938/4/1
f 944/4/1 933/4/1 932/4/1
f 945/4/1 933/4/1 944/4/1
f 946/4/1 937/4/1 936/4/1
f 946/4/1 936/4/1 926/4/1
f 947/4/1 927/4/1 937/4/1
f 947/4/1 937/4/1 946/4/1
f 948/4/1 943/4/1 942/4/1
f 949/4/1 943/4/1 948/4/1
f 952/4/1 951/4/1 950/4/1
f 953/4/1 951/4/1 952/4/1
f 956/4/1 941/4/1 940/4/1
f 957/4/1 955/4/1 954/4/1
f 958/4/1 956/4/1 940/4/1
f 958/4/1 957/4/1 956/4/1
f 959/4/1 955/4/1 957/4/1
f 959/4/1 957/4/1 958/4/1
f 962/1/1 961/1/1 960/1/1
f 963/1/1 961/1/1 962/1/1
f 968/4/1 967/4/1 966/4/1
f 969/4/1 967/4/1 968/4/1
f 970/1/1 965/1/1 964/1/1
f 971/1/1 965/1/1 970/1/1
f 977/2/1 973/2/1 972/2/1
f 978/2/1 975/2/1 974/2/1
f 980/4/1 977/4/1 976/4/1
f 981/2/1 973/2/1 977/2/1
f 981/4/1 977/4/1 980/4/1
f 982/2/1 973/2/1 981/2/1
f 983/2/1 978/2/1 974/2/1
f 984/4/1 979/4/1 978/4/1
f 984/2/1 978/2/1 983/2/1
f 985/4/1 979/4/1 984/4/1
f 988/2/1 987/2/1 986/2/1
f 989/2/1 987/2/1 988/2/1
f 992/4/1 991/4/1 990/4/1
f 993/4/1 991/4/1 992/4/1
f 997/4/1 991/4/1 993/4/1
f 998/4/1 995/4/1 994/4/1
f 1001/4/1 997/4/1 996/4/1
f 1002/4/1 991/4/1 997/4/1
f 1002/4/1 997/4/1 1001/4/1
f 1003/4/1 998/4/1 994/4/1
f 1004/2/1 999/2/1 998/2/1
f 1004/4/1 998/4/1 1003/4/1
f 1007/4/1 1006/4/1 1005/4/1
f 1008/4/1 1006/4/1 1007/4/1
f 1011/4/1 1010/4/1 1009/4/1
f 1012/4/1 1010/4/1 1011/4/1
f 1017/4/1 1007/4/1 1005/4/1
f 1019/2/1 999/2/1 1004/2/1
f 1020/2/1 999/2/1 1019/2/1
f 1021/4/1 1018/4/1 1017/4/1
f 1021/4/1 1017/4/1 1005/4/1
f 1022/4/1 1018/4/1 1021/4/1
f 1025/4/1 1014/4/1 1013/4/1
f 1026/4/1 1014/4/1 1025/4/1
f 1027/4/1 1016/4/1 1015/4/1
f 1028/4/1 1016/4/1 1027/4/1
f 1029/2/1 1001/2/1 1000/2/1
f 1030/2/1 1001/2/1 1029/2/1
f 1031/4/1 1024/4/1 1023/4/1
f 1035/4/1 1032/4/1 1031/4/1
f 1035/4/1 1031/4/1 1023/4/1
f 1036/4/1 1032/4/1 1035/4/1
f 1037/4/1 1034/4/1 1033/4/1
f 1038/4/1 1034/4/1 1037/4/1
f 1043/4/1 1040/4/1 1039/4/1
f 1044/4/1 1040/4/1 1043/4/1
f 1045/4/1 1042/4/1 1041/4/1
f 1046/4/1 1042/4/1 1045/4/1
f 1055/4/1 1052/4/1 1051/4/1
f 1056/4/1 1048/4/1 1047/4/1
f 1057/4/1 1048/4/1 1056/4/1
f 1058/4/1 1050/4/1 1049/4/1
f 1059/4/1 1050/4/1 1058/4/1
f 1060/4/1 1052/4/1 1055/4/1
f 1061/4/1 1052/4/1 1060/4/1
f 1062/4/1 1054/4/1 1053/4/1
f 1063/4/1 1054/4/1 1062/4/1
f 1068/4/1 1065/4/1 1064/4/1
f 1069/4/1 1065/4/1 1068/4/1
f 1072/4/1 1067/4/1 1066/4/1
f 1073/4/1 1067/4/1 1072/4/1
f 1076/4/1 1071/4/1 1070/4/1
f 1077/4/1 1071/4/1 1076/4/1
f 1078/4/1 1075/4/1 1074/4/1
f 1079/4/1 1075/4/1 1078/4/1
f 1082/4/1 1081/4/1 1080/4/1
f 1083/4/1 1081/4/1 1082/4/1
f 1088/1/1 1085/1/1 1084/1/1
f 1089/1/1 1085/1/1 1088/1/1
f 1092/1/1 1087/1/1 1086/1/1
f 1093/1/1 1087/1/1 1092/1/1
f 1098/4/1 1095/4/1 1094/4/1
f 1099/4/1 1095/4/1 1098/4/1
f 1100/1/1 1091/1/1 1090/1/1
f 1101/1/1 1091/1/1 1100/1/1
f 1102/4/1 1097/4/1 1096/4/1
f 1103/4/1 1097/4/1 1102/4/1
f 1106/4/1 1105/4/1 1104/4/1
f 1107/4/1 1105/4/1 1106/4/1
f 1110/2/1 1109/2/1 1108/2/1
f 1111/2/1 1109/2/1 1110/2/1
f 1117/2/1 1112/2/1 1111/2/1
f 1118/4/1 1113/4/1 1112/4/1
f 1118/2/1 1112/2/1 1117/2/1
f 1119/4/1 1113/4/1 1118/4/1
f 1120/2/1 1116/2/1 1115/2/1
f 1120/2/1 1115/2/1 1114/2/1
f 1124/2/1 1121/2/1 1120/2/1
f 1124/2/1 1120/2/1 1114/2/1
f 1125/2/1 1121/2/1 1124/2/1
f 1126/2/1 1121/2/1 1125/2/1
f 1129/4/1 1128/4/1 1127/4/1
f 1130/4/1 1128/4/1 1129/4/1
f 1131/4/1 1123/4/1 1122/4/1
f 1132/4/1 1123/4/1 1131/4/1
f 1136/4/1 1134/4/1 1133/4/1
f 1137/2/1 1135/2/1 1134/2/1
f 1137/4/1 1134/4/1 1136/4/1
f 1138/2/1 1135/2/1 1137/2/1
f 1142/2/1 1138/2/1 1137/2/1
f 1143/4/1 1139/4/1 1138/4/1
f 1143/2/1 1138/2/1 1142/2/1
f 1144/4/1 1139/4/1 1143/4/1
f 1145/4/1 1141/4/1 1140/4/1
f 1146/4/1 1141/4/1 1145/4/1
f 1154/4/1 1150/4/1 1149/4/1
f 1155/4/1 1150/4/1 1154/4/1
f 1156/2/1 1153/2/1 1152/2/1
f 1156/2/1 1152/2/1 1151/2/1
f 1157/2/1 1153/2/1 1156/2/1
f 1158/2/1 1153/2/1 1157/2/1
f 1159/2/1 1153/2/1 1158/2/1
f 1160/2/1 1158/2/1 1157/2/1
f 1161/2/1 1158/2/1 1160/2/1
f 1162/2/1 1158/2/1 1161/2/1
f 1163/4/1 1148/4/1 1147/4/1
f 1164/4/1 1148/4/1 1163/4/1
f 1167/4/1 1166/4/1 1165/4/1
f 1168/4/1 1166/4/1 1167/4/1
f 1174/4/1 1170/4/1 1169/4/1
f 1175/2/1 1171/2/1 1170/2/1
f 1175/4/1 1170/4/1 1174/4/1
f 1176/2/1 1173/2/1 1172/2/1
f 1177/2/1 1173/2/1 1176/2/1
f 1178/2/1 1171/2/1 1175/2/1
f 1179/2/1 1171/2/1 1178/2/1
f 1182/4/1 1181/4/1 1180/4/1
f 1183/4/1 1181/4/1 1182/4/1
f 1186/4/1 1185/4/1 1184/4/1
f 1187/4/1 1185/4/1 1186/4/1
f 1190/4/1 1189/4/1 1188/4/1
f 1191/4/1 1189/4/1 1190/4/1
f 1194/4/1 1193/4/1 1192/4/1
f 1195/4/1 1193/4/1 1194/4/1
f 1198/4/1 1197/4/1 1196/4/1
f 1199/4/1 1197/4/1 1198/4/1
f 1203/4/1 1201/4/1 1200/4/1
f 1204/4/1 1201/4/1 1203/4/1
f 1205/4/1 1203/4/1 1202/4/1
f 1205/4/1 1204/4/1 1203/4/1
f 1206/4/1 1204/4/1 1205/4/1
f 1209/1/1 1208/1/1 1207/1/1
f 1210/1/1 1208/1/1 1209/1/1
f 1213/4/1 1212/4/1 1211/4/1
f 1214/4/1 1212/4/1 1213/4/1
f 1217/4/1 1216/4/1 1215/4/1
f 1218/4/1 1216/4/1 1217/4/1
f 1221/4/1 1220/4/1 1219/4/1
f 1222/4/1 1220/4/1 1221/4/1
f 1225/4/1 1224/4/1 1223/4/1
f 1226/4/1 1224/4/1 1225/4/1
f 1229/4/1 1228/4/1 1227/4/1
f 1230/4/1 1228/4/1 1229/4/1
f 1233/4/1 1232/4/1 1231/4/1
f 1234/4/1 1232/4/1 1233/4/1
f 1237/4/1 1236/4/1 1235/4/1
f 1238/4/1 1236/4/1 1237/4/1
f 1243/4/1 1240/4/1 1239/4/1
f 1244/4/1 1240/4/1 1243/4/1
f 1245/4/1 1242/4/1 1241/4/1
f 1246/4/1 1242/4/1 1245/4/1
f 1249/1/1 1248/1/1 1247/1/1
f 1250/1/1 1248/1/1 1249/1/1
f 1255/4/1 1254/4/1 1253/4/1
f 1256/4/1 1254/4/1 1255/4/1
f 1257/1/1 1252/1/1 1251/1/1
f 1258/1/1 1252/1/1 1257/1/1
f 1261/4/1 1260/4/1 1259/4/1
f 1262/4/1 1260/4/1 1261/4/1
f 1265/4/1 1264/4/1 1263/4/1
f 1266/4/1 1264/4/1 1265/4/1
f 1269/1/1 1268/1/1 1267/1/1
f 1270/1/1 1268/1/1 1269/1/1
f 1273/4/1 1272/4/1 1271/4/1
f 1274/4/1 1272/4/1 1273/4/1
f 1277/4/1 1276/4/1 1275/4/1
f 1278/4/1 1276/4/1 1277/4/1
f 1281/4/1 1280/4/1 1279/4/1
f 1282/4/1 1280/4/1 1281/4/1
f 1285/1/1 1284/1/1 1283/1/1
f 1286/1/1 1284/1/1 1285/1/1
f 1289/4/1 1288/4/1 1287/4/1
f 1290/4/1 1288/4/1 1289/4/1
f 1293/4/1 1292/4/1 1291/4/1
f 1294/4/1 1292/4/1 1293/4/1
f 1297/4/1 1296/4/1 1295/4/1
f 1298/4/1 1296/4/1 1297/4/1
f 1299/4/1 1297/4/1 1295/4/1
f 1301/4/1 1299/4/1 1295/4/1
f 1301/4/1 1300/4/1 1299/4/1
f 1302/4/1 1300/4/1 1301/4/1
f 1305/1/1 1304/1/1 1303/1/1
f 1306/1/1 1304/1/1 1305/1/1
f 1309/4/1 1308/4/1 1307/4/1
f 1310/4/1 1308/4/1 1309/4/1
f 1313/4/1 1312/4/1 1311/4/1
f 1314/4/1 1312/4/1 1313/4/1
f 1319/4/1 1316/4/1 1315/4/1
f 1320/4/1 1316/4/1 1319/4/1
f 1321/4/1 1318/4/1 1317/4/1
f 1322/4/1 1318/4/1 1321/4/1
f 1325/4/1 1324/4/1 1323/4/1
f 1326/4/1 1324/4/1 1325/4/1
f 1330/4/1 1328/4/1 1327/4/1
f 1331/4/1 1330/4/1 1329/4/1
f 1332/4/1 1328/4/1 1330/4/1
f 1332/4/1 1330/4/1 1331/4/1
f 1334/4/1 1332/4/1 1331/4/1
f 1334/4/1 1333/4/1 1332/4/1
f 1335/4/1 1333/4/1 1334/4/1
f 1338/4/1 1337/4/1 1336/4/1
f 1339/4/1 1337/4/1 1338/4/1
f 1342/4/1 1341/4/1 1340/4/1
f 1343/4/1 1341/4/1 1342/4/1
f 1346/4/1 1345/4/1 1344/4/1
f 1347/4/1 1345/4/1 1346/4/1
f 1350/4/1 1349/4/1 1348/4/1
f 1351/4/1 1349/4/1 1350/4/1
f 1352/4/1 1349/4/1 1351/4/1
f 1357/4/1 1354/4/1 1353/4/1
f 1358/4/1 1354/4/1 1357/4/1
f 1359/4/1 1356/4/1 1355/4/1
f 1360/4/1 1356/4/1 1359/4/1
f 1363/4/1 1362/4/1 1361/4/1
f 1364/4/1 1362/4/1 1363/4/1
f 1367/4/1 1366/4/1 1365/4/1
f 1368/4/1 1366/4/1 1367/4/1
f 1371/4/1 1370/4/1 1369/4/1
f 1373/4/1 1366/4/1 1368/4/1
f 1374/4/1 1366/4/1 1373/4/1
f 1375/4/1 1372/4/1 1371/4/1
f 1375/4/1 1371/4/1 1369/4/1
f 1376/4/1 1372/4/1 1375/4/1
f 1377/4/1 1372/4/1 1376/4/1
f 1380/4/1 1379/4/1 1378/4/1
f 1381/4/1 1379/4/1 1380/4/1
f 1385/4/1 1383/4/1 1382/4/1
f 1387/4/1 1385/4/1 1384/4/1
f 1388/4/1 1387/4/1 1386/4/1
f 1389/4/1 1383/4/1 1385/4/1
f 1389/4/1 1387/4/1 1388/4/1
f 1389/4/1 1385/4/1 1387/4/1
f 1392/4/1 1391/4/1 1390/4/1
f 1393/4/1 1391/4/1 1392/4/1
f 1398/4/1 1397/4/1 1396/4/1
f 1399/4/1 1397/4/1 1398/4/1
f 1400/4/1 1395/4/1 1394/4/1
f 1401/4/1 1395/4/1 1400/4/1
f 1404/4/1 1403/4/1 1402/4/1
f 1405/4/1 1403/4/1 1404/4/1
f 1408/4/1 1407/4/1 1406/4/1
f 1409/4/1 1407/4/1 1408/4/1
f 1414/4/1 1413/4/1 1412/4/1
f 1415/4/1 1411/4/1 1410/4/1
f 1416/4/1 1414/4/1 1412/4/1
f 1416/4/1 1415/4/1 1414/4/1
f 1417/4/1 1411/4/1 1415/4/1
f 1417/4/1 1415/4/1 1416/4/1
f 1420/4/1 1419/4/1 1418/4/1
f 1422/4/1 1420/4/1 1418/4/1
f 1422/4/1 1421/4/1 1420/4/1
f 1423/4/1 1421/4/1 1422/4/1
f 1424/4/1 1421/4/1 1423/4/1
f 1429/4/1 1426/4/1 1425/4/1
f 1430/4/1 1426/4/1 1429/4/1
f 1431/4/1 1428/4/1 1427/4/1
f 1432/4/1 1428/4/1 1431/4/1
f 1435/4/1 1434/4/1 1433/4/1
f 1436/4/1 1434/4/1 1435/4/1
f 1441/4/1 1440/4/1 1439/4/1
f 1442/4/1 1440/4/1 1441/4/1
f 1443/4/1 1438/4/1 1437/4/1
f 1444/4/1 1438/4/1 1443/4/1
f 1447/4/1 1446/4/1 1445/4/1
f 1448/4/1 1446/4/1 1447/4/1
f 1451/4/1 1450/4/1 1449/4/1
f 1453/4/1 1451/4/1 1449/4/1
f 1453/4/1 1452/4/1 1451/4/1
f 1454/4/1 1452/4/1 1453/4/1
f 1457/4/1 1456/4/1 1455/4/1
f 1458/4/1 1456/4/1 1457/4/1
f 1461/4/1 1460/4/1 1459/4/1
f 1462/4/1 1460/4/1 1461/4/1
f 1467/4/1 1466/4/1 1465/4/1
f 1468/4/1 1464/4/1 1463/4/1
f 1469/4/1 1466/4/1 1467/4/1
f 1470/4/1 1468/4/1 1463/4/1
f 1470/4/1 1469/4/1 1468/4/1
f 1471/4/1 1466/4/1 1469/4/1
f 1471/4/1 1469/4/1 1470/4/1
f 1474/4/1 1473/4/1 1472/4/1
f 1475/4/1 1473/4/1 1474/4/1
f 1478/4/1 1477/4/1 1476/4/1
f 1479/4/1 1477/4/1 1478/4/1
f 1482/4/1 1481/4/1 1480/4/1
f 1483/4/1 1481/4/1 1482/4/1
f 1484/4/1 1481/4/1 1483/4/1
f 1485/4/1 1481/4/1 1484/4/1
f 1490/4/1 1487/4/1 1486/4/1
f 1491/4/1 1487/4/1 1490/4/1
f 1492/4/1 1489/4/1 1488/4/1
f 1493/4/1 1489/4/1 1492/4/1
f 1496/4/1 1495/4/1 1494/4/1
f 1497/4/1 1495/4/1 1496/4/1
f 1502/4/1 1499/4/1 1498/4/1
f 1503/4/1 1499/4/1 1502/4/1
f 1504/4/1 1501/4/1 1500/4/1
f 1505/4/1 1501/4/1 1504/4/1
f 1508/4/1 1507/4/1 1506/4/1
f 1509/4/1 1507/4/1 1508/4/1
f 1512/4/1 1511/4/1 1510/4/1
f 1514/4/1 1512/4/1 1510/4/1
f 1514/4/1 1513/4/1 1512/4/1
f 1515/4/1 1513/4/1 1514/4/1
f 1520/4/1 1519/4/1 1518/4/1
f 1521/4/1 1517/4/1 1516/4/1
f 1522/4/1 1520/4/1 1518/4/1
f 1522/4/1 1521/4/1 1520/4/1
f 1523/4/1 1517/4/1 1521/4/1
f 1523/4/1 1521/4/1 1522/4/1
f 1526/4/1 1525/4/1 1524/4/1
f 1527/4/1 1525/4/1 1526/4/1
f 1530/4/1 1529/4/1 1528/4/1
f 1531/4/1 1529/4/1 1530/4/1
f 1534/4/1 1533/4/1 1532/4/1
f 1535/4/1 1533/4/1 1534/4/1
f 1538/4/1 1537/4/1 1536/4/1
f 1539/4/1 1537/4/1 1538/4/1
f 1542/4/1 1541/4/1 1540/4/1
f 1543/4/1 1541/4/1 1542/4/1
f 1548/4/1 1547/4/1 1546/4/1
f 1549/4/1 1547/4/1 1548/4/1
f 1550/4/1 1545/4/1 1544/4/1
f 1551/4/1 1545/4/1 1550/4/1
f 1554/4/1 1553/4/1 1552/4/1
f 1555/4/1 1553/4/1 1554/4/1
f 1558/4/1 1557/4/1 1556/4/1
f 1559/4/1 1557/4/1 1558/4/1
f 1564/4/1 1561/4/1 1560/4/1
f 1565/4/1 1561/4/1 1564/4/1
f 1566/4/1 1563/4/1 1562/4/1
f 1567/4/1 1563/4/1 1566/4/1
f 1570/4/1 1569/4/1 1568/4/1
f 1571/4/1 1569/4/1 1570/4/1
f 1574/4/1 1573/4/1 1572/4/1
f 1576/4/1 1574/4/1 1572/4/1
f 1576/4/1 1575/4/1 1574/4/1
f 1577/4/1 1575/4/1 1576/4/1
f 1580/4/1 1579/4/1 1578/4/1
f 1581/4/1 1579/4/1 1580/4/1
f 1586/4/1 1583/4/1 1582/4/1
f 1587/4/1 1585/4/1 1584/4/1
f 1588/4/1 1586/4/1 1582/4/1
f 1588/4/1 1587/4/1 1586/4/1
f 1589/4/1 1585/4/1 1587/4/1
f 1589/4/1 1587/4/1 1588/4/1
f 1594/4/1 1591/4/1 1590/4/1
f 1595/4/1 1593/4/1 1592/4/1
f 1596/4/1 1594/4/1 1590/4/1
f 1596/4/1 1595/4/1 1594/4/1
f 1597/4/1 1593/4/1 1595/4/1
f 1597/4/1 1595/4/1 1596/4/1
f 1601/4/1 1599/4/1 1598/4/1
f 1602/4/1 1599/4/1 1601/4/1
f 1604/4/1 1601/4/1 1600/4/1
f 1604/4/1 1603/4/1 1602/4/1
f 1604/4/1 1602/4/1 1601/4/1
f 1605/4/1 1603/4/1 1604/4/1
f 1606/4/1 1603/4/1 1605/4/1
f 1607/4/1 1603/4/1 1606/4/1
f 1610/4/1 1604/4/1 1600/4/1
f 1611/4/1 1604/4/1 1610/4/1
f 1612/4/1 1603/4/1 1607/4/1
f 1613/4/1 1603/4/1 1612/4/1
f 1614/4/1 1609/4/1 1608/4/1
f 1615/4/1 1609/4/1 1614/4/1
f 1616/4/1 1606/4/1 1605/4/1
f 1617/4/1 1606/4/1 1616/4/1
f 1622/4/1 1621/4/1 1620/4/1
f 1623/4/1 1619/4/1 1618/4/1
f 1624/4/1 1621/4/1 1622/4/1
f 1625/4/1 1623/4/1 1618/4/1
f 1625/4/1 1624/4/1 1623/4/1
f 1626/4/1 1621/4/1 1624/4/1
f 1626/4/1 1624/4/1 1625/4/1
f 1631/4/1 1630/4/1 1629/4/1
f 1633/4/1 1628/4/1 1627/4/1
f 1634/4/1 1628/4/1 1633/4/1
f 1637/4/1 1632/4/1 1631/4/1
f 1637/4/1 1631/4/1 1629/4/1
f 1638/4/1 1632/4/1 1637/4/1
f 1639/4/1 1636/4/1 1635/4/1
f 1640/4/1 1636/4/1 1639/4/1
f 1645/4/1 1642/4/1 1641/4/1
f 1646/4/1 1642/4/1 1645/4/1
f 1647/4/1 1644/4/1 1643/4/1
f 1648/4/1 1644/4/1 1647/4/1
f 1651/4/1 1650/4/1 1649/4/1
f 1652/4/1 1650/4/1 1651/4/1
f 1657/4/1 1654/4/1 1653/4/1
f 1658/4/1 1654/4/1 1657/4/1
f 1659/4/1 1656/4/1 1655/4/1
f 1660/4/1 1656/4/1 1659/4/1
f 1663/4/1 1662/4/1 1661/4/1
f 1664/4/1 1662/4/1 1663/4/1
f 1667/4/1 1666/4/1 1665/4/1
f 1668/4/1 1666/4/1 1667/4/1
f 1670/4/1 1666/4/1 1668/4/1
f 1671/4/1 1670/4/1 1669/4/1
f 1672/4/1 1666/4/1 1670/4/1
f 1672/4/1 1670/4/1 1671/4/1
f 1676/4/1 1674/4/1 1673/4/1
f 1677/4/1 1674/4/1 1676/4/1
f 1679/4/1 1676/4/1 1675/4/1
f 1679/4/1 1678/4/1 1677/4/1
f 1679/4/1 1677/4/1 1676/4/1
f 1680/4/1 1678/4/1 1679/4/1
f 1681/4/1 1678/4/1 1680/4/1
f 1682/4/1 1678/4/1 1681/4/1
f 1683/4/1 1679/4/1 1675/4/1
f 1684/4/1 1679/4/1 1683/4/1
f 1685/4/1 1678/4/1 1682/4/1
f 1686/4/1 1678/4/1 1685/4/1
f 1687/4/1 1681/4/1 1680/4/1
f 1688/4/1 1681/4/1 1687/4/1
f 1691/4/1 1690/4/1 1689/4/1
f 1692/4/1 1690/4/1 1691/4/1
f 1695/4/1 1694/4/1 1693/4/1
f 1696/4/1 1694/4/1 1695/4/1
f 1699/4/1 1698/4/1 1697/4/1
f 1700/4/1 1698/4/1 1699/4/1
f 1706/4/1 1702/4/1 1701/4/1
f 1707/4/1 1702/4/1 1706/4/1
f 1708/4/1 1704/4/1 1703/4/1
f 1709/4/1 1704/4/1 1708/4/1
f 1711/4/1 1707/4/1 1706/4/1
f 1711/4/1 1710/4/1 1709/4/1
f 1711/4/1 1709/4/1 1708/4/1
f 1711/4/1 1708/4/1 1707/4/1
f 1711/4/1 1706/4/1 1705/4/1
f 1712/4/1 1710/4/1 1711/4/1
f 1713/4/1 1710/4/1 1712/4/1
f 1714/4/1 1710/4/1 1713/4/1
f 1715/4/1 1711/4/1 1705/4/1
f 1716/4/1 1711/4/1 1715/4/1
f 1717/4/1 1710/4/1 1714/4/1
f 1718/4/1 1710/4/1 1717/4/1
f 1719/4/1 1713/4/1 1712/4/1
f 1720/4/1 1713/4/1 1719/4/1
f 1725/4/1 1722/4/1 1721/4/1
f 1726/4/1 1724/4/1 1723/4/1
f 1727/4/1 1725/4/1 1721/4/1
f 1727/4/1 1726/4/1 1725/4/1
f 1728/4/1 1724/4/1 1726/4/1
f 1728/4/1 1726/4/1 1727/4/1
f 1731/4/1 1730/4/1 1729/4/1
f 1732/4/1 1730/4/1 1731/4/1
f 1737/4/1 1734/4/1 1733/4/1
f 1738/4/1 1734/4/1 1737/4/1
f 1739/4/1 1736/4/1 1735/4/1
f 1740/4/1 1736/4/1 1739/4/1
f 1743/4/1 1742/4/1 1741/4/1
f 1744/4/1 1742/4/1 1743/4/1
f 1748/4/1 1746/4/1 1745/4/1
f 1749/2/1 1747/2/1 1746/2/1
f 1749/4/1 1746/4/1 1748/4/1
f 1750/2/1 1747/2/1 1749/2/1
f 1752/4/1 1748/4/1 1745/4/1
f 1753/4/1 1751/4/1 1750/4/1
f 1754/4/1 1752/4/1 1745/4/1
f 1754/4/1 1753/4/1 1752/4/1
f 1755/4/1 1751/4/1 1753/4/1
f 1755/4/1 1753/4/1 1754/4/1
f 1759/4/1 1757/4/1 1756/4/1
f 1759/4/1 1758/4/1 1757/4/1
f 1760/4/1 1758/4/1 1759/4/1
f 1765/4/1 1762/4/1 1761/4/1
f 1766/4/1 1762/4/1 1765/4/1
f 1767/4/1 1764/4/1 1763/4/1
f 1768/4/1 1764/4/1 1767/4/1
f 1771/4/1 1770/4/1 1769/4/1
f 1772/4/1 1770/4/1 1771/4/1
f 1775/4/1 1774/4/1 1773/4/1
f 1776/4/1 1774/4/1 1775/4/1
f 1780/4/1 1778/4/1 1777/4/1
f 1780/4/1 1779/4/1 1778/4/1
f 1781/4/1 1779/4/1 1780/4/1
f 1784/4/1 1783/4/1 1782/4/1
f 1785/4/1 1783/4/1 1784/4/1
f 1791/4/1 1787/4/1 1786/4/1
f 1791/4/1 1788/4/1 1787/4/1
f 1792/4/1 1788/4/1 1791/4/1
f 1793/4/1 1790/4/1 1789/4/1
f 1794/4/1 1791/4/1 1786/4/1
f 1795/4/1 1790/4/1 1793/4/1
f 1796/4/1 1794/4/1 1786/4/1
f 1796/4/1 1795/4/1 1794/4/1
f 1797/4/1 1790/4/1 1795/4/1
f 1797/4/1 1795/4/1 1796/4/1
f 1800/4/1 1799/4/1 1798/4/1
f 1801/4/1 1799/4/1 1800/4/1
f 1804/4/1 1803/4/1 1802/4/1
f 1805/4/1 1803/4/1 1804/4/1
f 1810/4/1 1807/4/1 1806/4/1
f 1811/4/1 1807/4/1 1810/4/1
f 1812/4/1 1809/4/1 1808/4/1
f 1813/4/1 1809/4/1 1812/4/1
f 1816/4/1 1815/4/1 1814/4/1
f 1817/4/1 1815/4/1 1816/4/1
f 1820/4/1 1819/4/1 1818/4/1
f 1821/4/1 1819/4/1 1820/4/1
f 1822/4/2 1823/4/2 1824/4/2
f 1824/4/2 1823/4/2 1825/4/2
f 1826/4/2 1827/4/2 1828/4/2
f 1828/4/2 1827/4/2 1829/4/2
f 1830/4/2 1831/4/2 1832/4/2
f 1832/4/2 1831/4/2 1833/4/2
f 1834/4/2 1835/4/2 1838/4/2
f 1838/4/2 1835/4/2 1839/4/2
f 1836/4/2 1837/4/2 1840/4/2
f 1840/4/2 1837/4/2 1841/4/2
f 1842/4/2 1843/4/2 1844/4/2
f 1844/4/2 1843/4/2 1845/4/2
f 1845/4/2 1843/4/2 1846/4/2
f 1847/4/2 1848/4/2 1851/4/2
f 1851/4/2 1848/4/2 1852/4/2
f 1849/4/2 1850/4/2 1853/4/2
f 1853/4/2 1850/4/2 1854/4/2
f 1857/4/2 1858/4/2 1860/4/2
f 1858/4/2 1859/4/2 1860/4/2
f 1860/4/2 1859/4/2 1861/4/2
f 1855/4/2 1856/4/2 1862/4/2
f 1862/4/2 1856/4/2 1863/4/2
f 1857/4/2 1860/4/2 1864/4/2
f 1864/4/2 1860/4/2 1865/4/2
f 1866/4/2 1867/4/2 1868/4/2
f 1868/4/2 1867/4/2 1869/4/2
f 1870/4/2 1871/4/2 1872/4/2
f 1872/4/2 1871/4/2 1873/4/2
f 1874/4/2 1875/4/2 1878/4/2
f 1878/4/2 1875/4/2 1879/4/2
f 1876/4/2 1877/4/2 1880/4/2
f 1874/4/2 1878/4/2 1881/4/2
f 1880/4/2 1877/4/2 1882/4/2
f 1874/4/2 1881/4/2 1883/4/2
f 1881/4/2 1882/4/2 1883/4/2
f 1882/4/2 1877/4/2 1884/4/2
f 1883/4/2 1882/4/2 1884/4/2
f 1885/2/2 1886/2/2 1888/2/2
f 1888/2/2 1886/2/2 1889/2/2
f 1887/4/2 1888/4/2 1891/4/2
f 1888/2/2 1889/2/2 1892/2/2
f 1891/4/2 1888/4/2 1892/4/2
f 1889/4/2 1890/4/2 1893/4/2
f 1892/2/2 1889/2/2 1893/2/2
f 1893/4/2 1890/4/2 1894/4/2
f 1894/4/2 1890/4/2 1895/4/2
f 1895/4/2 1890/4/2 1896/4/2
f 1887/4/2 1891/4/2 1897/4/2
f 1894/4/2 1895/4/2 1898/4/2
f 1887/4/2 1897/4/2 1899/4/2
f 1897/4/2 1898/4/2 1899/4/2
f 1898/4/2 1895/4/2 1900/4/2
f 1899/4/2 1898/4/2 1900/4/2
f 1901/4/2 1902/4/2 1903/4/2
f 1903/4/2 1902/4/2 1904/4/2
f 1905/4/2 1906/4/2 1908/4/2
f 1908/4/2 1906/4/2 1909/4/2
f 1907/4/2 1908/4/2 1911/4/2
f 1909/4/2 1910/4/2 1911/4/2
f 1908/4/2 1909/4/2 1911/4/2
f 1911/4/2 1910/4/2 1912/4/2
f 1912/4/2 1910/4/2 1913/4/2
f 1913/4/2 1910/4/2 1914/4/2
f 1907/4/2 1911/4/2 1915/4/2
f 1915/4/2 1911/4/2 1916/4/2
f 1914/4/2 1910/4/2 1917/4/2
f 1917/4/2 1910/4/2 1918/4/2
f 1912/4/2 1913/4/2 1919/4/2
f 1919/4/2 1913/4/2 1920/4/2
f 1921/4/2 1922/4/2 1923/4/2
f 1923/4/2 1922/4/2 1924/4/2
f 1925/4/2 1926/4/2 1929/4/2
f 1929/4/2 1926/4/2 1930/4/2
f 1927/4/2 1928/4/2 1931/4/2
f 1931/4/2 1928/4/2 1932/4/2
f 1933/2/2 1934/2/2 1936/2/2
f 1936/2/2 1934/2/2 1937/2/2
f 1935/4/2 1936/4/2 1938/4/2
f 1936/4/2 1937/4/2 1938/4/2
f 1938/4/2 1937/4/2 1939/4/2
f 1940/4/2 1941/4/2 1942/4/2
f 1942/4/2 1941/4/2 1943/4/2
f 1944/4/2 1945/4/2 1946/4/2
f 1946/4/2 1945/4/2 1947/4/2
f 1948/4/2 1949/4/2 1952/4/2
f 1952/4/2 1949/4/2 1953/4/2
f 1950/4/2 1951/4/2 1954/4/2
f 1948/4/2 1952/4/2 1955/4/2
f 1955/4/2 1952/4/2 1956/4/2
f 1954/4/2 1951/4/2 1957/4/2
f 1957/4/2 1951/4/2 1958/4/2
f 1959/4/2 1960/4/2 1961/4/2
f 1961/4/2 1960/4/2 1962/4/2
f 1963/4/2 1964/4/2 1965/4/2
f 1965/4/2 1964/4/2 1966/4/2
f 1967/4/2 1968/4/2 1969/4/2
f 1969/4/2 1968/4/2 1970/4/2
f 1971/4/2 1972/4/2 1974/4/2
f 1974/4/2 1972/4/2 1975/4/2
f 1973/4/2 1974/4/2 1977/4/2
f 1975/4/2 1976/4/2 1977/4/2
f 1974/4/2 1975/4/2 1977/4/2
f 1977/4/2 1976/4/2 1978/4/2
f 1978/4/2 1976/4/2 1979/4/2
f 1979/4/2 1976/4/2 1980/4/2
f 1973/4/2 1977/4/2 1981/4/2
f 1981/4/2 1977/4/2 1982/4/2
f 1980/4/2 1976/4/2 1983/4/2
f 1983/4/2 1976/4/2 1984/4/2
f 1978/4/2 1979/4/2 1985/4/2
f 1985/4/2 1979/4/2 1986/4/2
f 1987/2/2 1988/2/2 1990/2/2
f 1990/2/2 1988/2/2 1991/2/2
f 1989/4/2 1990/4/2 1992/4/2
f 1990/4/2 1991/4/2 1992/4/2
f 1992/4/2 1991/4/2 1993/4/2
f 1994/4/2 1995/4/2 1996/4/2
f 1996/4/2 1995/4/2 1997/4/2
f 1998/4/2 1999/4/2 2000/4/2
f 2000/4/2 1999/4/2 2001/4/2
f 2002/4/2 2003/4/2 2004/4/2
f 2004/4/2 2003/4/2 2005/4/2
f 2005/4/2 2003/4/2 2006/4/2
f 2007/4/2 2008/4/2 2011/4/2
f 2011/4/2 2008/4/2 2012/4/2
f 2013/4/2 2014/4/2 2016/4/2
f 2014/4/2 2015/4/2 2016/4/2
f 2016/4/2 2015/4/2 2017/4/2
f 2009/4/2 2010/4/2 2018/4/2
f 2018/4/2 2010/4/2 2019/4/2
f 2020/4/2 2021/4/2 2022/4/2
f 2022/4/2 2021/4/2 2023/4/2
f 2024/4/2 2025/4/2 2026/4/2
f 2026/4/2 2025/4/2 2027/4/2
f 2027/4/2 2025/4/2 2028/4/2
f 2031/4/2 2032/4/2 2034/4/2
f 2029/4/2 2030/4/2 2035/4/2
f 2035/4/2 2030/4/2 2036/4/2
f 2033/4/2 2034/4/2 2037/4/2
f 2034/4/2 2032/4/2 2038/4/2
f 2037/4/2 2034/4/2 2038/4/2
f 2039/4/2 2040/4/2 2041/4/2
f 2041/4/2 2040/4/2 2042/4/2
f 2043/4/2 2044/4/2 2047/4/2
f 2047/4/2 2044/4/2 2048/4/2
f 2045/4/2 2046/4/2 2050/4/2
f 2048/4/2 2049/4/2 2050/4/2
f 2047/4/2 2048/4/2 2050/4/2
f 2046/4/2 2047/4/2 2050/4/2
f 2050/4/2 2049/4/2 2051/4/2
f 2051/4/2 2049/4/2 2052/4/2
f 2052/4/2 2049/4/2 2053/4/2
f 2045/4/2 2050/4/2 2054/4/2
f 2054/4/2 2050/4/2 2055/4/2
f 2053/4/2 2049/4/2 2056/4/2
f 2056/4/2 2049/4/2 2057/4/2
f 2051/4/2 2052/4/2 2058/4/2
f 2058/4/2 2052/4/2 2059/4/2
f 2060/4/2 2061/4/2 2064/4/2
f 2064/4/2 2061/4/2 2065/4/2
f 2062/4/2 2063/4/2 2069/4/2
f 2067/4/2 2068/4/2 2070/4/2
f 2066/4/2 2067/4/2 2070/4/2
f 2070/4/2 2068/4/2 2071/4/2
f 2071/4/2 2068/4/2 2072/4/2
f 2069/4/2 2063/4/2 2073/4/2
f 2071/4/2 2072/4/2 2074/4/2
f 2072/4/2 2073/4/2 2074/4/2
f 2073/4/2 2063/4/2 2075/4/2
f 2074/4/2 2073/4/2 2075/4/2
f 2076/4/2 2077/4/2 2080/4/2
f 2080/4/2 2077/4/2 2081/4/2
f 2078/4/2 2079/4/2 2083/4/2
f 2082/4/2 2083/4/2 2084/4/2
f 2083/4/2 2079/4/2 2084/4/2
f 2084/4/2 2079/4/2 2085/4/2
f 2082/4/2 2084/4/2 2086/4/2
f 2076/4/2 2080/4/2 2087/4/2
f 2086/4/2 2084/4/2 2088/4/2
f 2076/4/2 2087/4/2 2089/4/2
f 2087/4/2 2088/4/2 2089/4/2
f 2088/4/2 2084/4/2 2090/4/2
f 2089/4/2 2088/4/2 2090/4/2
f 2091/4/2 2092/4/2 2093/4/2
f 2093/4/2 2092/4/2 2094/4/2
f 2095/4/2 2096/4/2 2097/4/2
f 2094/4/2 2095/4/2 2097/4/2
f 2097/4/2 2096/4/2 2098/4/2
f 2099/4/2 2100/4/2 2101/4/2
f 2099/4/2 2101/4/2 2103/4/2
f 2101/2/2 2102/2/2 2103/2/2
f 2103/2/2 2102/2/2 2104/2/2
f 2099/4/2 2103/4/2 2105/4/2
f 2103/4/2 2104/4/2 2105/4/2
f 2105/4/2 2104/4/2 2106/4/2
f 2107/4/2 2108/4/2 2111/4/2
f 2111/4/2 2108/4/2 2112/4/2
f 2109/4/2 2110/4/2 2113/4/2
f 2113/4/2 2110/4/2 2114/4/2
f 2115/4/2 2116/4/2 2119/4/2
f 2119/4/2 2116/4/2 2120/4/2
f 2117/4/2 2118/4/2 2121/4/2
f 2121/4/2 2118/4/2 2122/4/2
f 2123/4/2 2124/4/2 2125/4/2
f 2125/4/2 2124/4/2 2126/4/2
f 2127/4/2 2128/4/2 2130/4/2
f 2130/4/2 2128/4/2 2131/4/2
f 2129/4/2 2130/4/2 2133/4/2
f 2131/4/2 2132/4/2 2133/4/2
f 2130/4/2 2131/4/2 2133/4/2
f 2133/4/2 2132/4/2 2134/4/2
f 2134/4/2 2132/4/2 2135/4/2
f 2135/4/2 2132/4/2 2136/4/2
f 2129/4/2 2133/4/2 2137/4/2
f 2137/4/2 2133/4/2 2138/4/2
f 2136/4/2 2132/4/2 2139/4/2
f 2139/4/2 2132/4/2 2140/4/2
f 2134/4/2 2135/4/2 2141/4/2
f 2141/4/2 2135/4/2 2142/4/2
f 2143/4/2 2144/4/2 2145/4/2
f 2145/4/2 2144/4/2 2146/4/2
f 2147/4/2 2148/4/2 2151/4/2
f 2148/2/2 2149/2/2 2152/2/2
f 2151/4/2 2148/4/2 2152/4/2
f 2149/4/2 2150/4/2 2153/4/2
f 2152/2/2 2149/2/2 2153/2/2
f 2153/4/2 2150/4/2 2154/4/2
f 2147/4/2 2151/4/2 2155/4/2
f 2154/4/2 2150/4/2 2156/4/2
f 2147/4/2 2155/4/2 2157/4/2
f 2155/4/2 2156/4/2 2157/4/2
f 2156/4/2 2150/4/2 2158/4/2
f 2157/4/2 2156/4/2 2158/4/2
f 2159/4/2 2160/4/2 2161/4/2
f 2161/4/2 2160/4/2 2162/4/2
f 2163/4/2 2164/4/2 2167/4/2
f 2167/4/2 2164/4/2 2168/4/2
f 2165/4/2 2166/4/2 2169/4/2
f 2169/4/2 2166/4/2 2170/4/2
f 2171/4/2 2172/4/2 2173/4/2
f 2173/4/2 2172/4/2 2174/4/2
f 2175/2/2 2176/2/2 2177/2/2
f 2177/2/2 2176/2/2 2178/2/2
f 2179/4/2 2180/4/2 2181/4/2
f 2181/4/2 2180/4/2 2182/4/2
f 2183/4/2 2184/4/2 2185/4/2
f 2185/4/2 2184/4/2 2186/4/2
f 2187/4/2 2188/4/2 2191/4/2
f 2191/4/2 2188/4/2 2192/4/2
f 2189/4/2 2190/4/2 2193/4/2
f 2187/4/2 2191/4/2 2194/4/2
f 2194/4/2 2191/4/2 2195/4/2
f 2193/4/2 2190/4/2 2196/4/2
f 2196/4/2 2190/4/2 2197/4/2
f 2198/4/2 2199/4/2 2200/4/2
f 2200/4/2 2199/4/2 2201/4/2
f 2202/4/2 2203/4/2 2204/4/2
f 2204/4/2 2203/4/2 2205/4/2
f 2206/4/2 2207/4/2 2208/4/2
f 2208/4/2 2207/4/2 2209/4/2
f 2210/4/2 2211/4/2 2213/4/2
f 2211/2/2 2212/2/2 2213/2/2
f 2213/2/2 2212/2/2 2214/2/2
f 2210/4/2 2213/4/2 2215/4/2
f 2213/4/2 2214/4/2 2215/4/2
f 2215/4/2 2214/4/2 2216/4/2
f 2217/4/2 2218/4/2 2219/4/2
f 2219/4/2 2218/4/2 2220/4/2
f 2221/4/2 2222/4/2 2223/4/2
f 2223/4/2 2222/4/2 2224/4/2
f 2225/4/2 2226/4/2 2227/4/2
f 2227/4/2 2226/4/2 2228/4/2
f 2231/4/2 2232/4/2 2233/4/2
f 2233/4/2 2232/4/2 2234/4/2
f 2229/4/2 2230/4/2 2235/4/2
f 2235/4/2 2230/4/2 2236/4/2
f 2237/4/2 2238/4/2 2239/4/2
f 2239/4/2 2238/4/2 2240/4/2
f 2240/4/2 2241/4/2 2242/4/2
f 2242/4/2 2241/4/2 2243/4/2
f 2244/4/2 2245/4/2 2246/4/2
f 2246/4/2 2245/4/2 2247/4/2
f 2247/4/2 2245/4/2 2248/4/2
f 2249/4/2 2250/4/2 2251/4/2
f 2251/4/2 2250/4/2 2252/4/2
f 2253/4/2 2254/4/2 2255/4/2
f 2255/4/2 2254/4/2 2256/4/2
f 2257/4/2 2258/4/2 2259/4/2
f 2259/4/2 2258/4/2 2260/4/2
f 2261/4/2 2262/4/2 2263/4/2
f 2263/4/2 2262/4/2 2264/4/2
f 2263/4/2 2264/4/2 2266/4/2
f 2264/4/2 2265/4/2 2266/4/2
f 2266/4/2 2265/4/2 2267/4/2
f 2268/4/2 2269/4/2 2270/4/2
f 2270/4/2 2269/4/2 2271/4/2
f 2272/4/2 2273/4/2 2274/4/2
f 2274/4/2 2273/4/2 2275/4/2
f 2278/4/2 2279/4/2 2280/4/2
f 2280/4/2 2279/4/2 2281/4/2
f 2276/4/2 2277/4/2 2282/4/2
f 2282/4/2 2277/4/2 2283/4/2
f 2284/4/2 2285/4/2 2287/4/2
f 2287/4/2 2285/4/2 2288/4/2
f 2286/4/2 2287/4/2 2290/4/2
f 2290/4/2 2287/4/2 2291/4/2
f 2289/4/2 2290/4/2 2292/4/2
f 2292/4/2 2290/4/2 2293/4/2
f 2294/4/2 2295/4/2 2296/4/2
f 2296/4/2 2295/4/2 2297/4/2
f 2298/4/2 2299/4/2 2302/4/2
f 2302/4/2 2299/4/2 2303/4/2
f 2300/4/2 2301/4/2 2304/4/2
f 2304/4/2 2301/4/2 2305/4/2
f 2306/4/2 2307/4/2 2308/4/2
f 2308/4/2 2307/4/2 2309/4/2
f 2312/4/2 2313/4/2 2314/4/2
f 2314/4/2 2313/4/2 2315/4/2
f 2310/4/2 2311/4/2 2316/4/2
f 2316/4/2 2311/4/2 2317/4/2
f 2318/4/2 2319/4/2 2320/4/2
f 2320/4/2 2319/4/2 2321/4/2
f 2321/4/2 2319/4/2 2322/4/2
f 2322/4/2 2319/4/2 2323/4/2
f 2324/4/2 2325/4/2 2326/4/2
f 2326/4/2 2325/4/2 2327/4/2
f 2328/4/2 2329/4/2 2332/4/2
f 2332/4/2 2329/4/2 2333/4/2
f 2330/4/2 2331/4/2 2334/4/2
f 2334/4/2 2331/4/2 2335/4/2
f 2336/4/2 2337/4/2 2338/4/2
f 2338/4/2 2337/4/2 2339/4/2
f 2340/4/2 2341/4/2 2344/4/2
f 2344/4/2 2341/4/2 2345/4/2
f 2342/4/2 2343/4/2 2346/4/2
f 2346/4/2 2343/4/2 2347/4/2
f 2348/4/2 2349/4/2 2350/4/2
f 2350/4/2 2349/4/2 2351/4/2
f 2352/4/2 2353/4/2 2354/4/2
f 2354/4/2 2353/4/2 2355/4/2
f 2356/2/2 2357/2/2 2359/2/2
f 2359/2/2 2357/2/2 2360/2/2
f 2358/4/2 2359/4/2 2361/4/2
f 2361/4/2 2359/4/2 2362/4/2
f 2363/4/2 2364/4/2 2367/4/2
f 2367/4/2 2364/4/2 2368/4/2
f 2365/2/2 2366/2/2 2369/2/2
f 2367/2/2 2368/2/2 2371/2/2
f 2365/2/2 2369/2/2 2372/2/2
f 2372/2/2 2369/2/2 2373/2/2
f 2370/2/2 2371/2/2 2374/2/2
f 2371/2/2 2368/2/2 2374/2/2
f 2370/2/2 2374/2/2 2378/2/2
f 2374/2/2 2375/2/2 2378/2/2
f 2378/2/2 2375/2/2 2379/2/2
f 2375/4/2 2376/4/2 2380/4/2
f 2379/2/2 2375/2/2 2380/2/2
f 2380/4/2 2376/4/2 2381/4/2
f 2377/4/2 2378/4/2 2382/4/2
f 2378/2/2 2379/2/2 2383/2/2
f 2382/4/2 2378/4/2 2383/4/2
f 2383/2/2 2379/2/2 2384/2/2
f 2385/4/2 2386/4/2 2389/4/2
f 2389/4/2 2386/4/2 2390/4/2
f 2387/2/2 2388/2/2 2391/2/2
f 2391/2/2 2388/2/2 2392/2/2
f 2393/2/2 2394/2/2 2397/2/2
f 2394/4/2 2395/4/2 2398/4/2
f 2397/2/2 2394/2/2 2398/2/2
f 2398/4/2 2395/4/2 2399/4/2
f 2396/2/2 2397/2/2 2400/2/2
f 2397/2/2 2398/2/2 2400/2/2
f 2400/2/2 2398/2/2 2401/2/2
f 2401/2/2 2398/2/2 2402/2/2
f 2402/2/2 2398/2/2 2403/2/2
f 2401/2/2 2402/2/2 2404/2/2
f 2404/2/2 2402/2/2 2405/2/2
f 2405/2/2 2402/2/2 2406/2/2
f 2407/4/2 2408/4/2 2411/4/2
f 2411/4/2 2408/4/2 2412/4/2
f 2409/2/2 2410/2/2 2415/2/2
f 2415/2/2 2410/2/2 2416/2/2
f 2413/2/2 2414/2/2 2417/2/2
f 2417/2/2 2414/2/2 2418/2/2
f 2419/4/2 2420/4/2 2422/4/2
f 2421/4/2 2422/4/2 2423/4/2
f 2422/4/2 2420/4/2 2424/4/2
f 2423/4/2 2422/4/2 2424/4/2
f 2421/4/2 2423/4/2 2425/4/2
f 2425/4/2 2423/4/2 2426/4/2
f 2427/4/2 2428/4/2 2431/4/2
f 2431/4/2 2428/4/2 2432/4/2
f 2429/4/2 2430/4/2 2433/4/2
f 2433/4/2 2430/4/2 2434/4/2
f 2435/4/2 2436/4/2 2437/4/2
f 2437/4/2 2436/4/2 2438/4/2
f 2439/4/2 2440/4/2 2441/4/2
f 2441/4/2 2440/4/2 2442/4/2
f 2443/2/2 2444/2/2 2446/2/2
f 2446/2/2 2444/2/2 2447/2/2
f 2445/4/2 2446/4/2 2448/4/2
f 2448/4/2 2446/4/2 2449/4/2
f 2445/4/2 2448/4/2 2450/4/2
f 2445/4/2 2450/4/2 2452/4/2
f 2450/4/2 2451/4/2 2452/4/2
f 2452/4/2 2451/4/2 2453/4/2
f 2454/4/2 2455/4/2 2456/4/2
f 2456/4/2 2455/4/2 2457/4/2
f 2454/4/2 2456/4/2 2458/4/2
f 2454/4/2 2458/4/2 2460/4/2
f 2458/4/2 2459/4/2 2460/4/2
f 2460/4/2 2459/4/2 2461/4/2
f 2462/4/2 2463/4/2 2464/4/2
f 2464/4/2 2463/4/2 2465/4/2
f 2466/4/2 2467/4/2 2470/4/2
f 2470/4/2 2467/4/2 2471/4/2
f 2468/4/2 2469/4/2 2472/4/2
f 2472/4/2 2469/4/2 2473/4/2
f 2474/4/2 2475/4/2 2476/4/2
f 2476/4/2 2475/4/2 2477/4/2
f 2478/4/2 2479/4/2 2482/4/2
f 2482/4/2 2479/4/2 2483/4/2
f 2480/4/2 2481/4/2 2486/4/2
f 2486/4/2 2481/4/2 2487/4/2
f 2484/4/2 2485/4/2 2492/4/2
f 2492/4/2 2485/4/2 2493/4/2
f 2488/4/2 2489/4/2 2498/4/2
f 2498/4/2 2489/4/2 2499/4/2
f 2490/4/2 2491/4/2 2500/4/2
f 2500/4/2 2491/4/2 2501/4/2
f 2496/4/2 2497/4/2 2503/4/2
f 2494/4/2 2495/4/2 2504/4/2
f 2504/4/2 2495/4/2 2505/4/2
f 2502/4/2 2503/4/2 2508/4/2
f 2503/4/2 2497/4/2 2509/4/2
f 2508/4/2 2503/4/2 2509/4/2
f 2506/4/2 2507/4/2 2514/4/2
f 2514/4/2 2507/4/2 2515/4/2
f 2510/4/2 2511/4/2 2520/4/2
f 2520/4/2 2511/4/2 2521/4/2
f 2512/4/2 2513/4/2 2522/4/2
f 2522/4/2 2513/4/2 2523/4/2
f 2518/4/2 2519/4/2 2524/4/2
f 2516/4/2 2517/4/2 2525/4/2
f 2525/4/2 2517/4/2 2526/4/2
f 2518/4/2 2524/4/2 2527/4/2
f 2527/4/2 2524/4/2 2528/4/2
f 2529/4/2 2530/4/2 2531/4/2
f 2531/4/2 2530/4/2 2532/4/2
f 2533/4/2 2534/4/2 2535/4/2
f 2535/4/2 2534/4/2 2536/4/2
f 2537/2/2 2538/2/2 2541/2/2
f 2541/2/2 2538/2/2 2542/2/2
f 2539/4/2 2540/4/2 2543/4/2
f 2543/4/2 2540/4/2 2544/4/2
f 2546/4/2 2547/4/2 2549/4/2
f 2549/4/2 2547/4/2 2550/4/2
f 2548/2/2 2549/2/2 2550/2/2
f 2550/4/2 2547/4/2 2551/4/2
f 2544/2/2 2545/2/2 2552/2/2
f 2552/2/2 2545/2/2 2553/2/2
f 2548/2/2 2550/2/2 2556/2/2
f 2556/2/2 2550/2/2 2557/2/2
f 2554/4/2 2555/4/2 2558/4/2
f 2558/4/2 2555/4/2 2559/4/2
f 2560/2/2 2561/2/2 2564/2/2
f 2562/4/2 2563/4/2 2565/4/2
f 2565/4/2 2563/4/2 2566/4/2
f 2560/2/2 2564/2/2 2569/2/2
f 2569/2/2 2564/2/2 2570/2/2
f 2567/4/2 2568/4/2 2573/4/2
f 2573/4/2 2568/4/2 2574/4/2
f 2577/4/2 2578/4/2 2579/4/2
f 2579/4/2 2578/4/2 2580/4/2
f 2580/4/2 2578/4/2 2581/4/2
f 2571/4/2 2572/4/2 2583/4/2
f 2583/4/2 2572/4/2 2584/4/2
f 2581/4/2 2582/4/2 2585/4/2
f 2580/4/2 2581/4/2 2585/4/2
f 2585/4/2 2582/4/2 2586/4/2
f 2589/4/2 2590/4/2 2593/4/2
f 2593/4/2 2590/4/2 2594/4/2
f 2591/4/2 2592/4/2 2595/4/2
f 2595/4/2 2592/4/2 2596/4/2
f 2587/4/2 2588/4/2 2597/4/2
f 2597/4/2 2588/4/2 2598/4/2
f 2591/4/2 2595/4/2 2603/4/2
f 2596/4/2 2592/4/2 2604/4/2
f 2601/4/2 2602/4/2 2605/4/2
f 2605/4/2 2602/4/2 2606/4/2
f 2599/4/2 2600/4/2 2607/4/2
f 2607/4/2 2600/4/2 2608/4/2
f 2591/4/2 2603/4/2 2609/4/2
f 2603/4/2 2604/4/2 2609/4/2
f 2604/4/2 2592/4/2 2610/4/2
f 2609/4/2 2604/4/2 2610/4/2
f 2575/2/2 2576/2/2 2613/2/2
f 2613/2/2 2576/2/2 2614/2/2
f 2615/4/2 2616/4/2 2617/4/2
f 2617/4/2 2616/4/2 2618/4/2
f 2611/2/2 2612/2/2 2621/2/2
f 2621/2/2 2612/2/2 2622/2/2
f 2619/4/2 2620/4/2 2625/4/2
f 2625/4/2 2620/4/2 2626/4/2
f 2623/4/2 2624/4/2 2627/4/2
f 2627/4/2 2624/4/2 2628/4/2
f 2628/4/2 2624/4/2 2629/4/2
f 2627/4/2 2628/4/2 2630/4/2
f 2630/4/2 2628/4/2 2631/4/2
f 2619/4/2 2625/4/2 2632/4/2
f 2626/4/2 2620/4/2 2633/4/2
f 2629/4/2 2624/4/2 2635/4/2
f 2619/4/2 2632/4/2 2636/4/2
f 2632/4/2 2633/4/2 2636/4/2
f 2633/4/2 2620/4/2 2637/4/2
f 2636/4/2 2633/4/2 2637/4/2
f 2634/4/2 2635/4/2 2641/4/2
f 2635/4/2 2624/4/2 2642/4/2
f 2641/4/2 2635/4/2 2642/4/2
f 2639/4/2 2640/4/2 2643/4/2
f 2638/4/2 2639/4/2 2643/4/2
f 2643/4/2 2640/4/2 2644/4/2
f 2644/4/2 2640/4/2 2645/4/2
f 2638/4/2 2643/4/2 2646/4/2
f 2644/4/2 2645/4/2 2647/4/2
f 2638/4/2 2646/4/2 2648/4/2
f 2646/4/2 2647/4/2 2648/4/2
f 2647/4/2 2645/4/2 2649/4/2
f 2648/4/2 2647/4/2 2649/4/2
f 2650/4/2 2651/4/2 2652/4/2
f 2652/4/2 2651/4/2 2653/4/2
f 2654/4/2 2655/4/2 2659/4/2
f 2659/4/2 2655/4/2 2660/4/2
f 2657/4/2 2658/4/2 2662/4/2
f 2656/2/2 2657/2/2 2662/2/2
f 2662/4/2 2658/4/2 2663/4/2
f 2660/2/2 2661/2/2 2664/2/2
f 2664/2/2 2661/2/2 2665/2/2
f 2666/2/2 2667/2/2 2670/2/2
f 2670/2/2 2667/2/2 2671/2/2
f 2668/2/2 2669/2/2 2672/2/2
f 2672/2/2 2669/2/2 2673/2/2
f 2656/2/2 2662/2/2 2674/2/2
f 2674/2/2 2675/2/2 2676/2/2
f 2656/2/2 2674/2/2 2676/2/2
f 2676/2/2 2675/2/2 2677/2/2
f 2677/2/2 2675/2/2 2678/2/2
f 2678/2/2 2675/2/2 2679/2/2
f 2680/4/2 2681/4/2 2684/4/2
f 2684/4/2 2681/4/2 2685/4/2
f 2686/4/2 2687/4/2 2689/4/2
f 2687/4/2 2688/4/2 2689/4/2
f 2689/4/2 2688/4/2 2690/4/2
f 2682/2/2 2683/2/2 2691/2/2
f 2680/4/2 2684/4/2 2692/4/2
f 2692/4/2 2684/4/2 2695/4/2
f 2685/4/2 2681/4/2 2696/4/2
f 2691/2/2 2692/2/2 2697/2/2
f 2682/2/2 2691/2/2 2697/2/2
f 2695/4/2 2696/4/2 2698/4/2
f 2697/2/2 2692/2/2 2698/2/2
f 2692/4/2 2695/4/2 2698/4/2
f 2696/4/2 2681/4/2 2699/4/2
f 2698/4/2 2696/4/2 2699/4/2
f 2693/4/2 2694/4/2 2700/4/2
f 2700/4/2 2694/4/2 2701/4/2
f 2702/4/2 2703/4/2 2706/4/2
f 2706/4/2 2703/4/2 2707/4/2
f 2704/4/2 2705/4/2 2708/4/2
f 2708/4/2 2705/4/2 2709/4/2
f 2709/4/2 2705/4/2 2710/4/2
f 2682/2/2 2697/2/2 2711/2/2
f 2711/2/2 2697/2/2 2712/2/2
f 2707/4/2 2703/4/2 2713/4/2
f 2702/4/2 2706/4/2 2717/4/2
f 2713/4/2 2714/4/2 2719/4/2
f 2707/4/2 2713/4/2 2719/4/2
f 2719/4/2 2714/4/2 2720/4/2
f 2717/4/2 2718/4/2 2721/4/2
f 2702/4/2 2717/4/2 2721/4/2
f 2721/4/2 2718/4/2 2722/4/2
f 2715/4/2 2716/4/2 2725/4/2
f 2725/4/2 2716/4/2 2726/4/2
f 2722/4/2 2718/4/2 2727/4/2
f 2720/4/2 2714/4/2 2728/4/2
f 2723/2/2 2724/2/2 2731/2/2
f 2731/2/2 2724/2/2 2732/2/2
f 2722/4/2 2727/4/2 2733/4/2
f 2727/4/2 2728/4/2 2733/4/2
f 2728/4/2 2714/4/2 2734/4/2
f 2733/4/2 2728/4/2 2734/4/2
f 2729/2/2 2730/2/2 2735/2/2
f 2735/2/2 2730/2/2 2736/2/2
f 2739/4/2 2740/4/2 2741/4/2
f 2737/4/2 2738/4/2 2742/4/2
f 2742/4/2 2738/4/2 2743/4/2
f 2741/4/2 2740/4/2 2744/4/2
f 2744/4/2 2740/4/2 2745/4/2
f 2746/4/2 2747/4/2 2748/4/2
f 2748/4/2 2747/4/2 2749/4/2
f 2750/4/2 2751/4/2 2752/4/2
f 2752/4/2 2751/4/2 2753/4/2
f 2754/4/2 2755/4/2 2756/4/2
f 2754/4/2 2756/4/2 2758/4/2
f 2756/2/2 2757/2/2 2759/2/2
f 2758/4/2 2756/4/2 2759/4/2
f 2759/2/2 2757/2/2 2760/2/2
f 2760/2/2 2757/2/2 2761/2/2
f 2762/2/2 2763/2/2 2764/2/2
f 2764/2/2 2763/2/2 2765/2/2
f 2765/2/2 2763/2/2 2766/2/2
f 2766/2/2 2763/2/2 2767/2/2
f 2770/2/2 2771/2/2 2775/2/2
f 2773/4/2 2774/4/2 2776/4/2
f 2772/4/2 2773/4/2 2776/4/2
f 2776/4/2 2774/4/2 2777/4/2
f 2768/4/2 2769/4/2 2778/4/2
f 2778/4/2 2769/4/2 2779/4/2
f 2772/4/2 2776/4/2 2780/4/2
f 2777/4/2 2774/4/2 2781/4/2
f 2772/4/2 2780/4/2 2782/4/2
f 2780/4/2 2781/4/2 2782/4/2
f 2782/4/2 2781/4/2 2783/4/2
f 2781/4/2 2774/4/2 2784/4/2
f 2783/4/2 2781/4/2 2784/4/2
f 2774/2/2 2775/2/2 2784/2/2
f 2775/2/2 2771/2/2 2785/2/2
f 2784/2/2 2775/2/2 2785/2/2
f 2785/2/2 2771/2/2 2788/2/2
f 2788/2/2 2771/2/2 2789/2/2
f 2786/4/2 2787/4/2 2790/4/2
f 2790/4/2 2787/4/2 2791/4/2
f 2791/4/2 2787/4/2 2792/4/2
f 2792/4/2 2793/4/2 2796/4/2
f 2791/4/2 2792/4/2 2796/4/2
f 2796/4/2 2793/4/2 2797/4/2
f 2794/2/2 2795/2/2 2799/2/2
f 2799/2/2 2795/2/2 2800/2/2
f 2798/2/2 2799/2/2 2802/2/2
f 2799/2/2 2800/2/2 2802/2/2
f 2800/4/2 2801/4/2 2803/4/2
f 2802/2/2 2800/2/2 2803/2/2
f 2803/4/2 2801/4/2 2804/4/2
f 2807/4/2 2808/4/2 2809/4/2
f 2809/4/2 2808/4/2 2810/4/2
f 2805/4/2 2806/4/2 2811/4/2
f 2811/4/2 2806/4/2 2812/4/2
f 2813/4/2 2814/4/2 2819/4/2
f 2819/4/2 2814/4/2 2820/4/2
f 2817/4/2 2818/4/2 2821/4/2
f 2821/4/2 2818/4/2 2822/4/2
f 2815/4/2 2816/4/2 2823/4/2
f 2823/4/2 2816/4/2 2824/4/2
f 2825/4/2 2826/4/2 2829/4/2
f 2829/4/2 2826/4/2 2830/4/2
f 2827/4/2 2828/4/2 2831/4/2
f 2831/4/2 2828/4/2 2832/4/2
f 2833/4/2 2834/4/2 2835/4/2
f 2835/4/2 2834/4/2 2836/4/2
f 2837/4/2 2838/4/2 2839/4/2
f 2839/4/2 2838/4/2 2840/4/2
f 2841/4/2 2842/4/2 2843/4/2
f 2843/4/2 2842/4/2 2844/4/2
f 2844/4/2 2842/4/2 2845/4/2
f 2846/4/2 2847/4/2 2850/4/2
f 2850/4/2 2847/4/2 2851/4/2
f 2848/4/2 2849/4/2 2852/4/2
f 2852/4/2 2849/4/2 2853/4/2
f 2854/4/2 2855/4/2 2856/4/2
f 2856/4/2 2855/4/2 2857/4/2
f 2858/4/2 2859/4/2 2860/4/2
f 2860/4/2 2859/4/2 2861/4/2
f 2862/4/2 2863/4/2 2864/4/2
f 2864/4/2 2863/4/2 2865/4/2
f 2868/4/2 2869/4/2 2870/4/2
f 2870/4/2 2869/4/2 2871/4/2
f 2866/4/2 2867/4/2 2872/4/2
f 2872/4/2 2867/4/2 2873/4/2
f 2874/4/2 2875/4/2 2876/4/2
f 2876/4/2 2875/4/2 2877/4/2
f 2878/4/2 2879/4/2 2880/4/2
f 2880/4/2 2879/4/2 2881/4/2
f 2882/4/2 2883/4/2 2886/4/2
f 2886/4/2 2883/4/2 2887/4/2
f 2884/4/2 2885/4/2 2888/4/2
f 2888/4/2 2885/4/2 2889/4/2
f 2882/4/2 2886/4/2 2894/4/2
f 2890/4/2 2891/4/2 2895/4/2
f 2892/4/2 2893/4/2 2896/4/2
f 2889/4/2 2885/4/2 2897/4/2
f 2894/4/2 2895/4/2 2898/4/2
f 2882/4/2 2894/4/2 2898/4/2
f 2895/4/2 2891/4/2 2899/4/2
f 2898/4/2 2895/4/2 2899/4/2
f 2892/4/2 2896/4/2 2900/4/2
f 2896/4/2 2897/4/2 2900/4/2
f 2897/4/2 2885/4/2 2901/4/2
f 2900/4/2 2897/4/2 2901/4/2
f 2902/4/2 2903/4/2 2908/4/2
f 2908/4/2 2903/4/2 2909/4/2
f 2904/1/2 2905/1/2 2912/1/2
f 2912/1/2 2905/1/2 2913/1/2
f 2906/1/2 2907/1/2 2914/1/2
f 2914/1/2 2907/1/2 2915/1/2
f 2910/4/2 2911/4/2 2916/4/2
f 2916/4/2 2911/4/2 2917/4/2
f 2918/4/2 2919/4/2 2920/4/2
f 2920/4/2 2919/4/2 2921/4/2
f 2921/4/2 2919/4/2 2922/4/2
f 2922/4/2 2919/4/2 2923/4/2
f 2918/4/2 2920/4/2 2924/4/2
f 2918/4/2 2924/4/2 2926/4/2
f 2924/4/2 2925/4/2 2926/4/2
f 2926/4/2 2925/4/2 2927/4/2
f 2929/4/2 2930/4/2 2934/4/2
f 2928/4/2 2929/4/2 2934/4/2
f 2932/4/2 2933/4/2 2937/4/2
f 2931/4/2 2932/4/2 2937/4/2
f 2934/4/2 2935/4/2 2938/4/2
f 2936/4/2 2937/4/2 2939/4/2
f 2934/4/2 2938/4/2 2940/4/2
f 2928/4/2 2934/4/2 2940/4/2
f 2940/4/2 2938/4/2 2941/4/2
f 2939/4/2 2937/4/2 2942/4/2
f 2937/4/2 2933/4/2 2943/4/2
f 2942/4/2 2937/4/2 2943/4/2
f 2946/4/2 2947/4/2 2950/4/2
f 2950/4/2 2947/4/2 2951/4/2
f 2948/4/2 2949/4/2 2952/4/2
f 2952/4/2 2949/4/2 2953/4/2
f 2944/1/2 2945/1/2 2954/1/2
f 2954/1/2 2945/1/2 2955/1/2
f 2956/4/2 2957/4/2 2958/4/2
f 2958/4/2 2957/4/2 2959/4/2
f 2956/4/2 2958/4/2 2960/4/2
f 2960/4/2 2958/4/2 2961/4/2
f 2966/4/2 2967/4/2 2968/4/2
f 2968/4/2 2967/4/2 2969/4/2
f 2962/1/2 2963/1/2 2970/1/2
f 2970/1/2 2963/1/2 2971/1/2
f 2964/1/2 2965/1/2 2972/1/2
f 2972/1/2 2965/1/2 2973/1/2
f 2974/4/2 2975/4/2 2976/4/2
f 2976/4/2 2975/4/2 2977/4/2
f 2978/4/2 2979/4/2 2982/4/2
f 2982/4/2 2979/4/2 2983/4/2
f 2980/4/2 2981/4/2 2984/4/2
f 2984/4/2 2981/4/2 2985/4/2
f 2986/4/2 2987/4/2 2988/4/2
f 2988/4/2 2987/4/2 2989/4/2
f 2990/4/2 2991/4/2 2994/4/2
f 2994/4/2 2991/4/2 2995/4/2
f 2992/4/2 2993/4/2 2996/4/2
f 2996/4/2 2993/4/2 2997/4/2
f 2998/4/2 2999/4/2 3000/4/2
f 3000/4/2 2999/4/2 3001/4/2
f 3006/4/2 3007/4/2 3008/4/2
f 3008/4/2 3007/4/2 3009/4/2
f 3002/1/2 3003/1/2 3010/1/2
f 3010/1/2 3003/1/2 3011/1/2
f 3004/1/2 3005/1/2 3014/1/2
f 3014/1/2 3005/1/2 3015/1/2
f 3012/4/2 3013/4/2 3016/4/2
f 3016/4/2 3013/4/2 3017/4/2
f 3018/4/2 3019/4/2 3020/4/2
f 3020/4/2 3019/4/2 3021/4/2
f 3021/4/2 3019/4/2 3022/4/2
f 3018/4/2 3020/4/2 3023/4/2
f 3023/4/2 3020/4/2 3024/4/2
f 3022/4/2 3019/4/2 3025/4/2
f 3025/4/2 3019/4/2 3026/4/2
f 3027/4/2 3028/4/2 3029/4/2
f 3029/4/2 3028/4/2 3030/4/2
f 3033/4/2 3034/4/2 3035/4/2
f 3035/4/2 3034/4/2 3036/4/2
f 3031/4/2 3032/4/2 3037/4/2
f 3037/4/2 3032/4/2 3038/4/2
f 3039/4/2 3040/4/2 3042/4/2
f 3040/4/2 3041/4/2 3042/4/2
f 3042/4/2 3041/4/2 3043/4/2
f 3044/4/2 3045/4/2 3046/4/2
f 3043/4/2 3041/4/2 3047/4/2
f 3044/4/2 3046/4/2 3048/4/2
f 3046/4/2 3047/4/2 3048/4/2
f 3047/4/2 3041/4/2 3049/4/2
f 3048/4/2 3047/4/2 3049/4/2
f 3050/1/2 3051/1/2 3054/1/2
f 3054/1/2 3051/1/2 3055/1/2
f 3052/1/2 3053/1/2 3060/1/2
f 3060/1/2 3053/1/2 3061/1/2
f 3062/4/2 3063/4/2 3064/4/2
f 3064/4/2 3063/4/2 3065/4/2
f 3056/1/2 3057/1/2 3066/1/2
f 3066/1/2 3057/1/2 3067/1/2
f 3058/1/2 3059/1/2 3068/1/2
f 3068/1/2 3059/1/2 3069/1/2
f 3070/4/2 3071/4/2 3072/4/2
f 3072/4/2 3071/4/2 3073/4/2
f 3070/4/2 3072/4/2 3074/4/2
f 3074/4/2 3072/4/2 3075/4/2
f 3076/4/2 3077/4/2 3078/4/2
f 3078/4/2 3077/4/2 3079/4/2
f 3079/4/2 3077/4/2 3080/4/2
f 3080/4/2 3077/4/2 3081/4/2
f 3076/4/2 3078/4/2 3082/4/2
f 3082/4/2 3078/4/2 3083/4/2
f 3084/4/2 3085/4/2 3086/4/2
f 3086/4/2 3085/4/2 3087/4/2
f 3088/4/2 3089/4/2 3090/4/2
f 3090/4/2 3089/4/2 3091/4/2
f 3092/4/2 3093/4/2 3094/4/2
f 3094/4/2 3093/4/2 3095/4/2
f 3096/1/2 3097/1/2 3102/1/2
f 3102/1/2 3097/1/2 3103/1/2
f 3098/1/2 3099/1/2 3104/1/2
f 3104/1/2 3099/1/2 3105/1/2
f 3100/4/2 3101/4/2 3106/4/2
f 3106/4/2 3101/4/2 3107/4/2
f 3103/4/2 3104/4/2 3108/4/2
f 3108/4/2 3104/4/2 3109/4/2
f 3110/4/2 3111/4/2 3112/4/2
f 3112/4/2 3111/4/2 3113/4/2
f 3110/4/2 3112/4/2 3114/4/2
f 3114/4/2 3112/4/2 3115/4/2
f 3110/4/2 3114/4/2 3116/4/2
f 3116/4/2 3114/4/2 3117/4/2
f 3118/4/2 3119/4/2 3120/4/2
f 3120/4/2 3119/4/2 3121/4/2
f 3121/4/2 3119/4/2 3122/4/2
f 3122/4/2 3119/4/2 3123/4/2
f 3124/1/2 3125/1/2 3126/1/2
f 3126/1/2 3125/1/2 3127/1/2
f 3128/4/2 3129/4/2 3132/4/2
f 3132/4/2 3129/4/2 3133/4/2
f 3136/4/2 3137/4/2 3138/4/2
f 3138/4/2 3137/4/2 3139/4/2
f 3134/4/2 3135/4/2 3140/4/2
f 3140/4/2 3135/4/2 3141/4/2
f 3130/4/2 3131/4/2 3142/4/2
f 3142/4/2 3131/4/2 3143/4/2
f 3144/4/2 3145/4/2 3146/4/2
f 3146/4/2 3145/4/2 3147/4/2
f 3148/4/2 3149/4/2 3150/4/2
f 3150/4/2 3149/4/2 3151/4/2
f 3152/4/2 3153/4/2 3154/4/2
f 3154/4/2 3153/4/2 3155/4/2
f 3156/4/2 3157/4/2 3158/4/2
f 3158/4/2 3157/4/2 3159/4/2
f 3159/4/2 3157/4/2 3160/4/2
f 3160/4/2 3157/4/2 3161/4/2
f 3162/1/2 3163/1/2 3166/1/2
f 3166/1/2 3163/1/2 3167/1/2
f 3164/1/2 3165/1/2 3172/1/2
f 3172/1/2 3165/1/2 3173/1/2
f 3168/4/2 3169/4/2 3174/4/2
f 3174/4/2 3169/4/2 3175/4/2
f 3170/4/2 3171/4/2 3176/4/2
f 3176/4/2 3171/4/2 3177/4/2
f 3178/4/2 3179/4/2 3180/4/2
f 3180/4/2 3179/4/2 3181/4/2
f 3182/4/2 3183/4/2 3184/4/2
f 3184/4/2 3183/4/2 3185/4/2
f 3185/4/2 3183/4/2 3186/4/2
f 3186/4/2 3183/4/2 3187/4/2
f 3188/4/2 3189/4/2 3190/4/2
f 3190/4/2 3189/4/2 3191/4/2
f 3194/4/2 3195/4/2 3196/4/2
f 3196/4/2 3195/4/2 3197/4/2
f 3192/4/2 3193/4/2 3198/4/2
f 3198/4/2 3193/4/2 3199/4/2
f 3200/1/2 3201/1/2 3202/1/2
f 3202/1/2 3201/1/2 3203/1/2
f 3204/4/2 3205/4/2 3208/4/2
f 3208/4/2 3205/4/2 3209/4/2
f 3206/4/2 3207/4/2 3210/4/2
f 3210/4/2 3207/4/2 3211/4/2
f 3212/4/2 3213/4/2 3214/4/2
f 3214/4/2 3213/4/2 3215/4/2
f 3216/4/2 3217/4/2 3220/4/2
f 3220/4/2 3217/4/2 3221/4/2
f 3218/4/2 3219/4/2 3222/4/2
f 3222/4/2 3219/4/2 3223/4/2
f 3224/4/2 3225/4/2 3226/4/2
f 3226/4/2 3225/4/2 3227/4/2
f 3228/4/2 3229/4/2 3230/4/2
f 3230/4/2 3229/4/2 3231/4/2
f 3231/4/2 3229/4/2 3232/4/2
f 3232/4/2 3229/4/2 3233/4/2
f 3228/4/2 3230/4/2 3234/4/2
f 3234/4/2 3230/4/2 3235/4/2
f 3236/1/2 3237/1/2 3240/1/2
f 3240/1/2 3237/1/2 3241/1/2
f 3238/1/2 3239/1/2 3244/1/2
f 3244/1/2 3239/1/2 3245/1/2
f 3242/4/2 3243/4/2 3246/4/2
f 3246/4/2 3243/4/2 3247/4/2
f 3248/4/2 3249/4/2 3250/4/2
f 3250/4/2 3249/4/2 3251/4/2
f 3248/4/2 3250/4/2 3252/4/2
f 3252/4/2 3250/4/2 3253/4/2
f 3251/4/2 3249/4/2 3254/4/2
f 3254/4/2 3249/4/2 3255/4/2
f 3256/4/2 3257/4/2 3258/4/2
f 3258/4/2 3257/4/2 3259/4/2
f 3260/4/2 3261/4/2 3264/4/2
f 3264/4/2 3261/4/2 3265/4/2
f 3262/4/2 3263/4/2 3266/4/2
f 3266/4/2 3263/4/2 3267/4/2
f 3268/4/2 3269/4/2 3270/4/2
f 3268/4/2 3270/4/2 3272/4/2
f 3270/4/2 3271/4/2 3272/4/2
f 3272/4/2 3271/4/2 3273/4/2
f 3268/4/2 3272/4/2 3276/4/2
f 3276/4/2 3272/4/2 3277/4/2
f 3274/4/2 3275/4/2 3278/4/2
f 3278/4/2 3275/4/2 3279/4/2
f 3280/1/2 3281/1/2 3284/1/2
f 3284/1/2 3281/1/2 3285/1/2
f 3282/1/2 3283/1/2 3288/1/2
f 3288/1/2 3283/1/2 3289/1/2
f 3286/4/2 3287/4/2 3291/4/2
f 3291/4/2 3287/4/2 3292/4/2
f 3290/4/2 3291/4/2 3296/4/2
f 3291/4/2 3292/4/2 3296/4/2
f 3292/4/2 3293/4/2 3296/4/2
f 3296/4/2 3293/4/2 3297/4/2
f 3297/4/2 3293/4/2 3298/4/2
f 3298/4/2 3293/4/2 3299/4/2
f 3290/4/2 3296/4/2 3300/4/2
f 3300/4/2 3296/4/2 3301/4/2
f 3299/4/2 3293/4/2 3302/4/2
f 3302/4/2 3293/4/2 3303/4/2
f 3294/4/2 3295/4/2 3304/4/2
f 3304/4/2 3295/4/2 3305/4/2
f 3297/4/2 3298/4/2 3306/4/2
f 3306/4/2 3298/4/2 3307/4/2
f 3308/4/2 3309/4/2 3310/4/2
f 3310/4/2 3309/4/2 3311/4/2
f 3308/4/2 3310/4/2 3312/4/2
f 3312/4/2 3310/4/2 3313/4/2
f 3311/4/2 3309/4/2 3314/4/2
f 3314/4/2 3309/4/2 3315/4/2
f 3316/4/2 3317/4/2 3318/4/2
f 3318/4/2 3317/4/2 3319/4/2
f 3316/4/2 3318/4/2 3320/4/2
f 3316/4/2 3320/4/2 3321/4/2
f 3321/4/2 3320/4/2 3322/4/2
f 3319/4/2 3317/4/2 3323/4/2
f 3323/4/2 3317/4/2 3324/4/2
f 3325/1/2 3326/1/2 3327/1/2
f 3327/1/2 3326/1/2 3328/1/2
f 3329/4/2 3330/4/2 3331/4/2
f 3331/4/2 3330/4/2 3332/4/2
f 3333/4/2 3334/4/2 3335/4/2
f 3335/4/2 3334/4/2 3336/4/2
f 3335/2/2 3336/2/2 3337/2/2
f 3336/4/2 3334/4/2 3338/4/2
f 3337/2/2 3336/2/2 3338/2/2
f 3338/4/2 3334/4/2 3339/4/2
f 3339/4/2 3334/4/2 3340/4/2
f 3340/4/2 3334/4/2 3341/4/2
f 3342/1/2 3343/1/2 3346/1/2
f 3346/1/2 3343/1/2 3347/1/2
f 3344/4/2 3345/4/2 3349/4/2
f 3349/4/2 3345/4/2 3350/4/2
f 3348/4/2 3349/4/2 3352/4/2
f 3350/4/2 3351/4/2 3352/4/2
f 3349/4/2 3350/4/2 3352/4/2
f 3352/4/2 3351/4/2 3353/4/2
f 3353/4/2 3351/4/2 3354/4/2
f 3354/4/2 3351/4/2 3355/4/2
f 3348/4/2 3352/4/2 3356/4/2
f 3356/4/2 3352/4/2 3357/4/2
f 3355/4/2 3351/4/2 3358/4/2
f 3358/4/2 3351/4/2 3359/4/2
f 3353/4/2 3354/4/2 3360/4/2
f 3360/4/2 3354/4/2 3361/4/2
f 3362/4/2 3363/4/2 3364/4/2
f 3364/4/2 3363/4/2 3365/4/2
f 3366/4/2 3367/4/2 3368/4/2
f 3368/4/2 3367/4/2 3369/4/2
f 3370/4/2 3371/4/2 3372/4/2
f 3372/4/2 3371/4/2 3373/4/2
f 3374/4/2 3375/4/2 3376/4/2
f 3376/4/2 3375/4/2 3377/4/2
f 3378/4/2 3379/4/2 3382/4/2
f 3382/4/2 3379/4/2 3383/4/2
f 3380/4/2 3381/4/2 3384/4/2
f 3384/4/2 3381/4/2 3385/4/2
f 3386/4/2 3387/4/2 3388/4/2
f 3388/4/2 3387/4/2 3389/4/2
f 3390/1/2 3391/1/2 3392/1/2
f 3392/1/2 3391/1/2 3393/1/2
f 3394/4/2 3395/4/2 3398/4/2
f 3398/4/2 3395/4/2 3399/4/2
f 3396/4/2 3397/4/2 3401/4/2
f 3399/4/2 3400/4/2 3401/4/2
f 3398/4/2 3399/4/2 3401/4/2
f 3397/4/2 3398/4/2 3401/4/2
f 3401/4/2 3400/4/2 3402/4/2
f 3402/4/2 3400/4/2 3403/4/2
f 3403/4/2 3400/4/2 3404/4/2
f 3396/4/2 3401/4/2 3405/4/2
f 3405/4/2 3401/4/2 3406/4/2
f 3404/4/2 3400/4/2 3407/4/2
f 3407/4/2 3400/4/2 3408/4/2
f 3402/4/2 3403/4/2 3409/4/2
f 3409/4/2 3403/4/2 3410/4/2
f 3411/4/2 3412/4/2 3413/4/2
f 3413/4/2 3412/4/2 3414/4/2
f 3415/4/2 3416/4/2 3419/4/2
f 3419/4/2 3416/4/2 3420/4/2
f 3417/4/2 3418/4/2 3421/4/2
f 3421/4/2 3418/4/2 3422/4/2
f 3423/4/2 3424/4/2 3425/4/2
f 3425/4/2 3424/4/2 3426/4/2
f 3423/4/2 3425/4/2 3427/4/2
f 3423/4/2 3427/4/2 3429/4/2
f 3427/4/2 3428/4/2 3429/4/2
f 3429/4/2 3428/4/2 3430/4/2
f 3431/4/2 3432/4/2 3433/4/2
f 3433/4/2 3432/4/2 3434/4/2
f 3431/4/2 3433/4/2 3435/4/2
f 3434/4/2 3432/4/2 3436/4/2
f 3431/4/2 3435/4/2 3437/4/2
f 3435/4/2 3436/4/2 3437/4/2
f 3436/4/2 3432/4/2 3438/4/2
f 3437/4/2 3436/4/2 3438/4/2
f 3439/1/2 3440/1/2 3443/1/2
f 3443/1/2 3440/1/2 3444/1/2
f 3441/1/2 3442/1/2 3445/1/2
f 3445/1/2 3442/1/2 3446/1/2
f 3447/4/2 3448/4/2 3449/4/2
f 3449/4/2 3448/4/2 3450/4/2
f 3450/4/2 3448/4/2 3451/4/2
f 3447/4/2 3449/4/2 3452/4/2
f 3452/4/2 3449/4/2 3453/4/2
f 3451/4/2 3448/4/2 3454/4/2
f 3454/4/2 3448/4/2 3455/4/2
f 3456/4/2 3457/4/2 3460/4/2
f 3460/4/2 3457/4/2 3461/4/2
f 3458/4/2 3459/4/2 3464/4/2
f 3458/4/2 3464/4/2 3465/4/2
f 3465/4/2 3464/4/2 3466/4/2
f 3466/4/2 3464/4/2 3467/4/2
f 3467/4/2 3464/4/2 3468/4/2
f 3462/4/2 3463/4/2 3469/4/2
f 3469/4/2 3463/4/2 3470/4/2
f 3471/4/2 3472/4/2 3473/4/2
f 3473/4/2 3472/4/2 3474/4/2
f 3474/4/2 3472/4/2 3475/4/2
f 3476/4/2 3477/4/2 3478/4/2
f 3478/4/2 3477/4/2 3479/4/2
f 3480/1/2 3481/1/2 3484/1/2
f 3484/1/2 3481/1/2 3485/1/2
f 3482/1/2 3483/1/2 3486/1/2
f 3486/1/2 3483/1/2 3487/1/2
f 3488/4/2 3489/4/2 3490/4/2
f 3490/4/2 3489/4/2 3491/4/2
f 3492/4/2 3493/4/2 3494/4/2
f 3494/4/2 3493/4/2 3495/4/2
f 3492/4/2 3494/4/2 3496/4/2
f 3496/4/2 3494/4/2 3497/4/2
f 3496/2/2 3497/2/2 3498/2/2
f 3498/2/2 3497/2/2 3499/2/2
f 3495/4/2 3493/4/2 3500/4/2
f 3499/4/2 3500/4/2 3501/4/2
f 3501/4/2 3500/4/2 3502/4/2
f 3500/4/2 3493/4/2 3503/4/2
f 3502/4/2 3500/4/2 3503/4/2
f 3504/1/2 3505/1/2 3508/1/2
f 3508/1/2 3505/1/2 3509/1/2
f 3506/1/2 3507/1/2 3510/1/2
f 3510/1/2 3507/1/2 3511/1/2
f 3512/4/2 3513/4/2 3514/4/2
f 3514/4/2 3513/4/2 3515/4/2
f 3516/4/2 3517/4/2 3520/4/2
f 3520/4/2 3517/4/2 3521/4/2
f 3518/4/2 3519/4/2 3522/4/2
f 3522/4/2 3519/4/2 3523/4/2
f 3524/4/2 3525/4/2 3527/4/2
f 3525/4/2 3526/4/2 3527/4/2
f 3527/4/2 3526/4/2 3528/4/2
f 3529/4/2 3530/4/2 3531/4/2
f 3531/4/2 3530/4/2 3532/4/2
f 3535/1/2 3536/1/2 3540/1/2
f 3533/1/2 3534/1/2 3541/1/2
f 3541/1/2 3534/1/2 3542/1/2
f 3539/1/2 3540/1/2 3543/1/2
f 3540/1/2 3536/1/2 3544/1/2
f 3543/1/2 3540/1/2 3544/1/2
f 3537/1/2 3538/1/2 3545/1/2
f 3545/1/2 3538/1/2 3546/1/2
f 3541/4/2 3542/4/2 3547/4/2
f 3542/4/2 3543/4/2 3547/4/2
f 3547/4/2 3543/4/2 3548/4/2
f 3549/4/2 3550/4/2 3551/4/2
f 3551/4/2 3550/4/2 3552/4/2
f 3552/4/2 3550/4/2 3553/4/2
f 3549/4/2 3551/4/2 3554/4/2
f 3549/4/2 3554/4/2 3556/4/2
f 3554/4/2 3555/4/2 3556/4/2
f 3556/4/2 3555/4/2 3557/4/2
f 3557/4/2 3555/4/2 3558/4/2
f 3553/4/2 3550/4/2 3559/4/2
f 3559/4/2 3550/4/2 3560/4/2
f 3561/4/2 3562/4/2 3563/4/2
f 3563/4/2 3562/4/2 3564/4/2
f 3565/4/2 3566/4/2 3569/4/2
f 3569/4/2 3566/4/2 3570/4/2
f 3567/4/2 3568/4/2 3571/4/2
f 3571/4/2 3568/4/2 3572/4/2
f 3573/4/2 3574/4/2 3575/4/2
f 3575/4/2 3574/4/2 3576/4/2
f 3577/4/2 3578/4/2 3581/4/2
f 3579/1/2 3580/1/2 3582/1/2
f 3577/4/2 3581/4/2 3583/4/2
f 3583/4/2 3581/4/2 3584/4/2
f 3582/1/2 3580/1/2 3585/1/2
f 3585/1/2 3580/1/2 3586/1/2
f 3587/4/2 3588/4/2 3589/4/2
f 3589/4/2 3588/4/2 3590/4/2
f 3587/4/2 3589/4/2 3591/4/2
f 3591/4/2 3589/4/2 3592/4/2
f 3593/4/2 3594/4/2 3595/4/2
f 3595/4/2 3594/4/2 3596/4/2
f 3593/4/2 3595/4/2 3597/4/2
f 3596/4/2 3594/4/2 3598/4/2
f 3593/4/2 3597/4/2 3599/4/2
f 3597/4/2 3598/4/2 3599/4/2
f 3598/4/2 3594/4/2 3600/4/2
f 3599/4/2 3598/4/2 3600/4/2
f 3601/4/2 3602/4/2 3603/4/2
f 3603/4/2 3602/4/2 3604/4/2
f 3605/4/2 3606/4/2 3607/4/2
f 3607/4/2 3606/4/2 3608/4/2
f 3609/4/2 3610/4/2 3611/4/2
f 3611/4/2 3610/4/2 3612/4/2
f 3613/4/2 3614/4/2 3615/4/2
f 3615/4/2 3614/4/2 3616/4/2
f 3617/4/2 3618/4/2 3619/4/2
f 3619/4/2 3618/4/2 3620/4/2
f 3621/4/2 3622/4/2 3623/4/2
f 3623/4/2 3622/4/2 3624/4/2
f 3625/4/2 3626/4/2 3629/4/2
f 3629/4/2 3626/4/2 3630/4/2
f 3627/4/2 3628/4/2 3631/4/2
f 3631/4/2 3628/4/2 3632/4/2
f 3633/4/2 3634/4/2 3635/4/2
f 3635/4/2 3634/4/2 3636/4/2
f 3637/4/2 3638/4/2 3639/4/2
f 3639/4/2 3638/4/2 3640/4/2
f 3637/4/2 3639/4/2 3641/4/2
f 3640/4/2 3638/4/2 3642/4/2
f 3637/4/2 3641/4/2 3643/4/2
f 3641/4/2 3642/4/2 3643/4/2
f 3642/4/2 3638/4/2 3644/4/2
f 3643/4/2 3642/4/2 3644/4/2
f 3645/4/2 3646/4/2 3647/4/2
f 3647/4/2 3646/4/2 3648/4/2
f 3649/3/2 3650/3/2 3651/3/2
f 3651/3/2 3650/3/2 3652/3/2
f 3655/3/3 3654/3/3 3653/3/3
f 3656/3/3 3654/3/3 3655/3/3
f 3657/1/3 3656/1/3 3655/1/3
f 3658/1/3 3656/1/3 3657/1/3
f 3659/3/3 3658/3/3 3657/3/3
f 3660/3/3 3658/3/3 3659/3/3
f 3663/1/3 3662/1/3 3661/1/3
f 3664/1/3 3662/1/3 3663/1/3
f 3667/1/3 3666/1/3 3665/1/3
f 3668/1/3 3666/1/3 3667/1/3
f 3671/1/3 3670/1/3 3669/1/3
f 3672/1/3 3670/1/3 3671/1/3
f 3675/1/3 3674/1/3 3673/1/3
f 3676/1/3 3674/1/3 3675/1/3
f 3679/1/3 3678/1/3 3677/1/3
f 3680/1/3 3678/1/3 3679/1/3
f 3683/1/3 3682/1/3 3681/1/3
f 3684/1/3 3682/1/3 3683/1/3
f 3687/1/3 3686/1/3 3685/1/3
f 3688/1/3 3686/1/3 3687/1/3
f 3692/4/3 3690/4/3 3689/4/3
f 3693/4/3 3690/4/3 3692/4/3
f 3694/4/3 3690/4/3 3693/4/3
f 3695/4/3 3692/4/3 3691/4/3
f 3695/4/3 3693/4/3 3692/4/3
f 3697/4/3 3695/4/3 3691/4/3
f 3697/4/3 3696/4/3 3695/4/3
f 3698/4/3 3696/4/3 3697/4/3
f 3699/4/3 3697/4/3 3691/4/3
f 3700/4/3 3697/4/3 3699/4/3
f 3701/4/3 3697/4/3 3700/4/3
f 3703/4/3 3702/4/3 3701/4/3
f 3703/4/3 3701/4/3 3700/4/3
f 3704/4/3 3702/4/3 3703/4/3
f 3707/1/3 3706/1/3 3705/1/3
f 3708/1/3 3706/1/3 3707/1/3
f 3711/1/3 3710/1/3 3709/1/3
f 3712/1/3 3710/1/3 3711/1/3
f 3715/1/3 3714/1/3 3713/1/3
f 3716/1/3 3714/1/3 3715/1/3
f 3719/1/3 3718/1/3 3717/1/3
f 3720/1/3 3718/1/3 3719/1/3
f 3725/4/3 3722/4/3 3721/4/3
f 3726/4/3 3722/4/3 3725/4/3
f 3727/4/3 3724/4/3 3723/4/3
f 3728/4/3 3724/4/3 3727/4/3
f 3731/1/3 3730/1/3 3729/1/3
f 3732/1/3 3730/1/3 3731/1/3
f 3736/4/3 3734/4/3 3733/4/3
f 3737/4/3 3734/4/3 3736/4/3
f 3738/4/3 3734/4/3 3737/4/3
f 3739/4/3 3736/4/3 3735/4/3
f 3739/4/3 3737/4/3 3736/4/3
f 3745/4/3 3739/4/3 3735/4/3
f 3745/4/3 3740/4/3 3739/4/3
f 3746/4/3 3740/4/3 3745/4/3
f 3747/4/3 3742/4/3 3741/4/3
f 3748/4/3 3742/4/3 3747/4/3
f 3749/4/3 3744/4/3 3743/4/3
f 3750/4/3 3744/4/3 3749/4/3
f 3751/4/3 3745/4/3 3735/4/3
f 3752/4/3 3745/4/3 3751/4/3
f 3753/4/3 3745/4/3 3752/4/3
f 3755/4/3 3754/4/3 3753/4/3
f 3755/4/3 3753/4/3 3752/4/3
f 3756/4/3 3754/4/3 3755/4/3
f 3757/4/3 3747/4/3 3741/4/3
f 3758/4/3 3742/4/3 3748/4/3
f 3759/4/3 3749/4/3 3743/4/3
f 3760/4/3 3744/4/3 3750/4/3
f 3761/4/3 3757/4/3 3741/4/3
f 3761/4/3 3758/4/3 3757/4/3
f 3762/4/3 3742/4/3 3758/4/3
f 3762/4/3 3758/4/3 3761/4/3
f 3763/4/3 3760/4/3 3759/4/3
f 3763/4/3 3759/4/3 3743/4/3
f 3764/4/3 3744/4/3 3760/4/3
f 3764/4/3 3760/4/3 3763/4/3
f 3767/1/3 3766/1/3 3765/1/3
f 3768/1/3 3766/1/3 3767/1/3
f 3771/1/3 3770/1/3 3769/1/3
f 3772/1/3 3770/1/3 3771/1/3
f 3777/4/3 3774/4/3 3773/4/3
f 3778/4/3 3774/4/3 3777/4/3
f 3779/4/3 3776/4/3 3775/4/3
f 3780/4/3 3776/4/3 3779/4/3
f 3789/4/3 3782/4/3 3781/4/3
f 3790/4/3 3782/4/3 3789/4/3
f 3791/4/3 3784/4/3 3783/4/3
f 3792/4/3 3784/4/3 3791/4/3
f 3793/4/3 3786/4/3 3785/4/3
f 3794/4/3 3786/4/3 3793/4/3
f 3795/4/3 3788/4/3 3787/4/3
f 3796/4/3 3788/4/3 3795/4/3
f 3801/4/3 3798/4/3 3797/4/3
f 3802/4/3 3798/4/3 3801/4/3
f 3803/4/3 3800/4/3 3799/4/3
f 3804/4/3 3800/4/3 3803/4/3
f 3808/4/3 3806/4/3 3805/4/3
f 3809/4/3 3806/4/3 3808/4/3
f 3810/4/3 3806/4/3 3809/4/3
f 3811/4/3 3808/4/3 3807/4/3
f 3811/4/3 3809/4/3 3808/4/3
f 3813/4/3 3811/4/3 3807/4/3
f 3813/4/3 3812/4/3 3811/4/3
f 3814/4/3 3812/4/3 3813/4/3
f 3815/4/3 3813/4/3 3807/4/3
f 3816/4/3 3813/4/3 3815/4/3
f 3817/4/3 3813/4/3 3816/4/3
f 3819/4/3 3818/4/3 3817/4/3
f 3819/4/3 3817/4/3 3816/4/3
f 3820/4/3 3818/4/3 3819/4/3
f 3823/1/3 3822/1/3 3821/1/3
f 3824/1/3 3822/1/3 3823/1/3
f 3827/2/3 3826/2/3 3825/2/3
f 3828/2/3 3826/2/3 3827/2/3
f 3831/1/3 3830/1/3 3829/1/3
f 3832/1/3 3830/1/3 3831/1/3
f 3835/1/3 3834/1/3 3833/1/3
f 3836/1/3 3834/1/3 3835/1/3
f 3839/4/3 3838/4/3 3837/4/3
f 3840/4/3 3838/4/3 3839/4/3
f 3843/4/3 3842/4/3 3841/4/3
f 3844/4/3 3842/4/3 3843/4/3
f 3847/1/3 3846/1/3 3845/1/3
f 3848/1/3 3846/1/3 3847/1/3
f 3851/4/3 3850/4/3 3849/4/3
f 3852/4/3 3850/4/3 3851/4/3
f 3855/1/3 3854/1/3 3853/1/3
f 3856/1/3 3854/1/3 3855/1/3
f 3859/4/3 3858/4/3 3857/4/3
f 3860/4/3 3858/4/3 3859/4/3
f 3865/4/3 3859/4/3 3857/4/3
f 3866/4/3 3858/4/3 3860/4/3
f 3867/4/3 3865/4/3 3857/4/3
f 3867/4/3 3866/4/3 3865/4/3
f 3868/4/3 3858/4/3 3866/4/3
f 3868/4/3 3866/4/3 3867/4/3
f 3869/4/3 3864/4/3 3863/4/3
f 3870/4/3 3864/4/3 3869/4/3
f 3871/1/3 3862/1/3 3861/1/3
f 3872/1/3 3862/1/3 3871/1/3
f 3875/1/3 3874/1/3 3873/1/3
f 3876/1/3 3874/1/3 3875/1/3
f 3879/4/3 3878/4/3 3877/4/3
f 3880/4/3 3878/4/3 3879/4/3
f 3885/4/3 3884/4/3 3883/4/3
f 3886/4/3 3884/4/3 3885/4/3
f 3893/1/3 3882/1/3 3881/1/3
f 3894/1/3 3882/1/3 3893/1/3
f 3895/4/3 3892/4/3 3891/4/3
f 3896/4/3 3892/4/3 3895/4/3
f 3897/4/3 3890/4/3 3889/4/3
f 3898/4/3 3890/4/3 3897/4/3
f 3899/4/3 3888/4/3 3887/4/3
f 3900/4/3 3888/4/3 3899/4/3
f 3901/2/3 3898/2/3 3897/2/3
f 3902/2/3 3898/2/3 3901/2/3
f 3905/4/3 3895/4/3 3891/4/3
f 3906/4/3 3892/4/3 3896/4/3
f 3907/4/3 3904/4/3 3903/4/3
f 3908/4/3 3904/4/3 3907/4/3
f 3909/4/3 3905/4/3 3891/4/3
f 3909/4/3 3906/4/3 3905/4/3
f 3910/4/3 3892/4/3 3906/4/3
f 3910/4/3 3906/4/3 3909/4/3
f 3913/1/3 3912/1/3 3911/1/3
f 3914/1/3 3912/1/3 3913/1/3
f 3917/4/3 3916/4/3 3915/4/3
f 3918/4/3 3916/4/3 3917/4/3
f 3923/1/3 3920/1/3 3919/1/3
f 3924/1/3 3920/1/3 3923/1/3
f 3925/4/3 3922/4/3 3921/4/3
f 3926/4/3 3922/4/3 3925/4/3
f 3929/1/3 3928/1/3 3927/1/3
f 3930/1/3 3928/1/3 3929/1/3
f 3933/4/3 3932/4/3 3931/4/3
f 3934/4/3 3932/4/3 3933/4/3
f 3939/4/3 3933/4/3 3931/4/3
f 3940/4/3 3933/4/3 3939/4/3
f 3941/2/3 3938/2/3 3937/2/3
f 3942/2/3 3938/2/3 3941/2/3
f 3943/4/3 3933/4/3 3940/4/3
f 3944/4/3 3933/4/3 3943/4/3
f 3945/4/3 3936/4/3 3935/4/3
f 3946/4/3 3936/4/3 3945/4/3
f 3949/4/3 3948/4/3 3947/4/3
f 3950/4/3 3948/4/3 3949/4/3
f 3953/4/3 3952/4/3 3951/4/3
f 3954/4/3 3952/4/3 3953/4/3
f 3958/4/3 3956/4/3 3955/4/3
f 3959/4/3 3956/4/3 3958/4/3
f 3961/1/3 3958/1/3 3957/1/3
f 3961/1/3 3959/1/3 3958/1/3
f 3962/4/3 3960/4/3 3959/4/3
f 3962/1/3 3959/1/3 3961/1/3
f 3963/4/3 3960/4/3 3962/4/3
f 3964/4/3 3963/4/3 3962/4/3
f 3965/4/3 3964/4/3 3962/4/3
f 3966/4/3 3964/4/3 3965/4/3
f 3968/1/3 3966/1/3 3965/1/3
f 3968/1/3 3967/1/3 3966/1/3
f 3969/1/3 3967/1/3 3968/1/3
f 3972/4/3 3971/4/3 3970/4/3
f 3973/4/3 3971/4/3 3972/4/3
f 3976/4/3 3975/4/3 3974/4/3
f 3977/4/3 3975/4/3 3976/4/3
f 3978/4/3 3972/4/3 3970/4/3
f 3980/4/3 3976/4/3 3974/4/3
f 3981/2/3 3977/2/3 3976/2/3
f 3981/4/3 3976/4/3 3980/4/3
f 3982/2/3 3977/2/3 3981/2/3
f 3983/4/3 3979/4/3 3978/4/3
f 3983/4/3 3978/4/3 3970/4/3
f 3984/4/3 3979/4/3 3983/4/3
f 3987/4/3 3986/4/3 3985/4/3
f 3988/4/3 3986/4/3 3987/4/3
f 3991/1/3 3990/1/3 3989/1/3
f 3992/1/3 3990/1/3 3991/1/3
f 3995/4/3 3994/4/3 3993/4/3
f 3996/4/3 3994/4/3 3995/4/3
f 4001/4/3 3998/4/3 3997/4/3
f 4002/4/3 3998/4/3 4001/4/3
f 4003/4/3 4000/4/3 3999/4/3
f 4004/4/3 4000/4/3 4003/4/3
f 4007/4/3 4006/4/3 4005/4/3
f 4008/4/3 4006/4/3 4007/4/3
f 4011/4/3 4010/4/3 4009/4/3
f 4012/4/3 4010/4/3 4011/4/3
f 4018/4/3 4014/4/3 4013/4/3
f 4019/4/3 4014/4/3 4018/4/3
f 4020/4/3 4014/4/3 4019/4/3
f 4021/4/3 4018/4/3 4017/4/3
f 4021/4/3 4019/4/3 4018/4/3
f 4022/4/3 4019/4/3 4021/4/3
f 4023/4/3 4014/4/3 4020/4/3
f 4024/4/3 4014/4/3 4023/4/3
f 4025/4/3 4016/4/3 4015/4/3
f 4026/4/3 4016/4/3 4025/4/3
f 4027/4/3 4019/4/3 4022/4/3
f 4032/4/3 4029/4/3 4028/4/3
f 4032/4/3 4027/4/3 4022/4/3
f 4032/4/3 4028/4/3 4027/4/3
f 4033/4/3 4029/4/3 4032/4/3
f 4038/4/3 4031/4/3 4030/4/3
f 4039/4/3 4031/4/3 4038/4/3
f 4040/4/3 4035/4/3 4034/4/3
f 4041/4/3 4037/4/3 4036/4/3
f 4042/4/3 4040/4/3 4034/4/3
f 4042/4/3 4041/4/3 4040/4/3
f 4043/4/3 4037/4/3 4041/4/3
f 4043/4/3 4041/4/3 4042/4/3
f 4046/4/3 4045/4/3 4044/4/3
f 4047/4/3 4045/4/3 4046/4/3
f 4050/1/3 4049/1/3 4048/1/3
f 4051/1/3 4049/1/3 4050/1/3
f 4056/4/3 4053/4/3 4052/4/3
f 4057/4/3 4053/4/3 4056/4/3
f 4058/4/3 4055/4/3 4054/4/3
f 4059/4/3 4055/4/3 4058/4/3
f 4066/4/3 4061/4/3 4060/4/3
f 4067/4/3 4061/4/3 4066/4/3
f 4068/1/3 4065/1/3 4064/1/3
f 4069/1/3 4065/1/3 4068/1/3
f 4070/4/3 4061/4/3 4067/4/3
f 4071/4/3 4061/4/3 4070/4/3
f 4072/4/3 4066/4/3 4060/4/3
f 4073/4/3 4066/4/3 4072/4/3
f 4074/4/3 4066/4/3 4073/4/3
f 4075/4/3 4063/4/3 4062/4/3
f 4076/4/3 4063/4/3 4075/4/3
f 4079/4/3 4074/4/3 4073/4/3
f 4080/4/3 4074/4/3 4079/4/3
f 4083/4/3 4082/4/3 4081/4/3
f 4084/4/3 4082/4/3 4083/4/3
f 4086/4/3 4078/4/3 4077/4/3
f 4087/4/3 4078/4/3 4086/4/3
f 4092/4/3 4085/4/3 4084/4/3
f 4093/4/3 4085/4/3 4092/4/3
f 4098/4/3 4089/4/3 4088/4/3
f 4099/4/3 4089/4/3 4098/4/3
f 4100/4/3 4089/4/3 4099/4/3
f 4101/4/3 4097/4/3 4096/4/3
f 4102/4/3 4097/4/3 4101/4/3
f 4103/4/3 4091/4/3 4090/4/3
f 4104/4/3 4091/4/3 4103/4/3
f 4105/4/3 4091/4/3 4104/4/3
f 4106/4/3 4100/4/3 4099/4/3
f 4107/4/3 4100/4/3 4106/4/3
f 4110/4/3 4095/4/3 4094/4/3
f 4111/4/3 4095/4/3 4110/4/3
f 4112/4/3 4106/4/3 4099/4/3
f 4113/4/3 4106/4/3 4112/4/3
f 4115/4/3 4109/4/3 4108/4/3
f 4116/4/3 4109/4/3 4115/4/3
f 4119/4/3 4114/4/3 4113/4/3
f 4120/4/3 4114/4/3 4119/4/3
f 4125/4/3 4118/4/3 4117/4/3
f 4126/4/3 4118/4/3 4125/4/3
f 4132/4/3 4128/4/3 4127/4/3
f 4133/4/3 4128/4/3 4132/4/3
f 4134/4/3 4128/4/3 4133/4/3
f 4138/4/3 4131/4/3 4130/4/3
f 4138/4/3 4130/4/3 4129/4/3
f 4139/4/3 4122/4/3 4121/4/3
f 4140/4/3 4122/4/3 4139/4/3
f 4141/4/3 4124/4/3 4123/4/3
f 4142/4/3 4124/4/3 4141/4/3
f 4145/4/3 4138/4/3 4129/4/3
f 4146/4/3 4138/4/3 4145/4/3
f 4149/4/3 4135/4/3 4134/4/3
f 4149/4/3 4134/4/3 4133/4/3
f 4150/4/3 4135/4/3 4149/4/3
f 4151/4/3 4144/4/3 4143/4/3
f 4152/4/3 4144/4/3 4151/4/3
f 4153/4/3 4137/4/3 4136/4/3
f 4154/4/3 4137/4/3 4153/4/3
f 4159/4/3 4148/4/3 4147/4/3
f 4160/4/3 4148/4/3 4159/4/3
f 4161/1/3 4158/1/3 4157/1/3
f 4162/1/3 4158/1/3 4161/1/3
f 4163/4/3 4156/4/3 4155/4/3
f 4164/4/3 4156/4/3 4163/4/3
f 4171/4/3 4166/4/3 4165/4/3
f 4172/4/3 4166/4/3 4171/4/3
f 4173/4/3 4168/4/3 4167/4/3
f 4174/4/3 4168/4/3 4173/4/3
f 4175/4/3 4170/4/3 4169/4/3
f 4176/4/3 4170/4/3 4175/4/3
f 4180/4/3 4177/4/3 4176/4/3
f 4181/4/3 4177/4/3 4180/4/3
f 4184/4/3 4179/4/3 4178/4/3
f 4185/4/3 4179/4/3 4184/4/3
f 4186/4/3 4179/4/3 4185/4/3
f 4188/1/3 4183/1/3 4182/1/3
f 4189/1/3 4183/1/3 4188/1/3
f 4192/4/3 4187/4/3 4186/4/3
f 4192/4/3 4186/4/3 4185/4/3
f 4193/4/3 4187/4/3 4192/4/3
f 4194/4/3 4191/4/3 4190/4/3
f 4195/4/3 4191/4/3 4194/4/3
f 4198/4/3 4197/4/3 4196/4/3
f 4199/4/3 4197/4/3 4198/4/3
f 4202/4/3 4201/4/3 4200/4/3
f 4203/4/3 4201/4/3 4202/4/3
f 4208/4/3 4207/4/3 4206/4/3
f 4209/4/3 4207/4/3 4208/4/3
f 4210/4/3 4202/4/3 4200/4/3
f 4211/4/3 4201/4/3 4203/4/3
f 4212/4/3 4205/4/3 4204/4/3
f 4213/4/3 4205/4/3 4212/4/3
f 4216/4/3 4207/4/3 4209/4/3
f 4218/4/3 4211/4/3 4210/4/3
f 4218/4/3 4210/4/3 4200/4/3
f 4219/4/3 4201/4/3 4211/4/3
f 4219/4/3 4211/4/3 4218/4/3
f 4221/4/3 4208/4/3 4206/4/3
f 4222/4/3 4217/4/3 4216/4/3
f 4222/4/3 4216/4/3 4209/4/3
f 4223/4/3 4217/4/3 4222/4/3
f 4224/4/3 4217/4/3 4223/4/3
f 4226/4/3 4220/4/3 4219/4/3
f 4227/4/3 4220/4/3 4226/4/3
f 4228/1/3 4215/1/3 4214/1/3
f 4229/1/3 4215/1/3 4228/1/3
f 4230/4/3 4221/4/3 4206/4/3
f 4230/4/3 4222/4/3 4221/4/3
f 4230/4/3 4223/4/3 4222/4/3
f 4231/4/3 4223/4/3 4230/4/3
f 4232/4/3 4225/4/3 4224/4/3
f 4233/4/3 4225/4/3 4232/4/3
f 4242/4/3 4223/4/3 4231/4/3
f 4245/4/3 4235/4/3 4234/4/3
f 4246/4/3 4226/4/3 4219/4/3
f 4247/4/3 4220/4/3 4227/4/3
f 4248/4/3 4239/4/3 4238/4/3
f 4249/4/3 4239/4/3 4248/4/3
f 4250/4/3 4241/4/3 4240/4/3
f 4251/4/3 4241/4/3 4250/4/3
f 4252/4/3 4243/4/3 4242/4/3
f 4252/4/3 4242/4/3 4231/4/3
f 4253/4/3 4243/4/3 4252/4/3
f 4254/4/3 4243/4/3 4253/4/3
f 4255/4/3 4245/4/3 4244/4/3
f 4256/4/3 4235/4/3 4245/4/3
f 4256/4/3 4245/4/3 4255/4/3
f 4257/4/3 4246/4/3 4219/4/3
f 4257/4/3 4247/4/3 4246/4/3
f 4258/4/3 4220/4/3 4247/4/3
f 4258/4/3 4247/4/3 4257/4/3
f 4259/4/3 4254/4/3 4253/4/3
f 4260/4/3 4254/4/3 4259/4/3
f 4261/4/3 4237/4/3 4236/4/3
f 4262/4/3 4237/4/3 4261/4/3
f 4263/4/3 4241/4/3 4251/4/3
f 4267/4/3 4250/4/3 4240/4/3
f 4268/4/3 4263/4/3 4251/4/3
f 4268/4/3 4264/4/3 4263/4/3
f 4269/4/3 4264/4/3 4268/4/3
f 4270/4/3 4264/4/3 4269/4/3
f 4272/4/3 4266/4/3 4265/4/3
f 4273/4/3 4266/4/3 4272/4/3
f 4278/4/3 4267/4/3 4240/4/3
f 4278/4/3 4268/4/3 4267/4/3
f 4278/4/3 4269/4/3 4268/4/3
f 4279/4/3 4269/4/3 4278/4/3
f 4280/4/3 4271/4/3 4270/4/3
f 4281/4/3 4271/4/3 4280/4/3
f 4282/4/3 4275/4/3 4274/4/3
f 4283/4/3 4275/4/3 4282/4/3
f 4284/4/3 4277/4/3 4276/4/3
f 4285/4/3 4277/4/3 4284/4/3
f 4286/4/3 4269/4/3 4279/4/3
f 4288/4/3 4272/4/3 4265/4/3
f 4289/4/3 4272/4/3 4288/4/3
f 4290/4/3 4266/4/3 4273/4/3
f 4293/4/3 4287/4/3 4286/4/3
f 4293/4/3 4286/4/3 4279/4/3
f 4294/4/3 4287/4/3 4293/4/3
f 4295/4/3 4289/4/3 4288/4/3
f 4295/4/3 4290/4/3 4289/4/3
f 4296/4/3 4290/4/3 4295/4/3
f 4297/4/3 4290/4/3 4296/4/3
f 4298/4/3 4266/4/3 4290/4/3
f 4298/4/3 4290/4/3 4297/4/3
f 4299/4/3 4282/4/3 4274/4/3
f 4300/4/3 4275/4/3 4283/4/3
f 4302/4/3 4287/4/3 4294/4/3
f 4303/4/3 4287/4/3 4302/4/3
f 4304/4/3 4287/4/3 4303/4/3
f 4306/4/3 4299/4/3 4274/4/3
f 4306/4/3 4300/4/3 4299/4/3
f 4307/4/3 4275/4/3 4300/4/3
f 4307/4/3 4300/4/3 4306/4/3
f 4308/4/3 4302/4/3 4301/4/3
f 4308/4/3 4303/4/3 4302/4/3
f 4309/4/3 4303/4/3 4308/4/3
f 4311/4/3 4308/4/3 4301/4/3
f 4312/4/3 4308/4/3 4311/4/3
f 4313/2/3 4305/2/3 4304/2/3
f 4314/2/3 4305/2/3 4313/2/3
f 4316/4/3 4292/4/3 4291/4/3
f 4318/2/3 4315/2/3 4314/2/3
f 4319/2/3 4315/2/3 4318/2/3
f 4326/4/3 4317/4/3 4316/4/3
f 4326/4/3 4316/4/3 4291/4/3
f 4327/4/3 4317/4/3 4326/4/3
f 4328/4/3 4317/4/3 4327/4/3
f 4329/4/3 4317/4/3 4328/4/3
f 4330/4/3 4311/4/3 4310/4/3
f 4331/4/3 4311/4/3 4330/4/3
f 4332/2/3 4320/2/3 4319/2/3
f 4334/4/3 4323/4/3 4322/4/3
f 4334/4/3 4322/4/3 4321/4/3
f 4335/4/3 4323/4/3 4334/4/3
f 4336/4/3 4325/4/3 4324/4/3
f 4337/4/3 4325/4/3 4336/4/3
f 4340/2/3 4333/2/3 4332/2/3
f 4340/2/3 4332/2/3 4319/2/3
f 4341/2/3 4333/2/3 4340/2/3
f 4342/2/3 4333/2/3 4341/2/3
f 4343/4/3 4323/4/3 4335/4/3
f 4344/4/3 4336/4/3 4324/4/3
f 4347/4/3 4328/4/3 4327/4/3
f 4348/4/3 4339/4/3 4338/4/3
f 4349/4/3 4346/4/3 4345/4/3
f 4350/4/3 4346/4/3 4349/4/3
f 4351/4/3 4342/4/3 4341/4/3
f 4352/4/3 4343/4/3 4335/4/3
f 4353/4/3 4336/4/3 4344/4/3
f 4354/4/3 4325/4/3 4337/4/3
f 4355/4/3 4347/4/3 4327/4/3
f 4355/4/3 4348/4/3 4347/4/3
f 4356/4/3 4339/4/3 4348/4/3
f 4356/4/3 4348/4/3 4355/4/3
f 4357/4/3 4351/4/3 4341/4/3
f 4357/4/3 4352/4/3 4351/4/3
f 4358/4/3 4343/4/3 4352/4/3
f 4358/4/3 4352/4/3 4357/4/3
f 4359/4/3 4353/4/3 4344/4/3
f 4359/4/3 4354/4/3 4353/4/3
f 4360/4/3 4325/4/3 4354/4/3
f 4360/4/3 4354/4/3 4359/4/3
f 4361/4/3 4349/4/3 4345/4/3
f 4362/4/3 4346/4/3 4350/4/3
f 4363/4/3 4361/4/3 4345/4/3
f 4363/4/3 4362/4/3 4361/4/3
f 4364/4/3 4346/4/3 4362/4/3
f 4364/4/3 4362/4/3 4363/4/3
f 4365/4/3 4357/4/3 4341/4/3
f 4366/4/3 4343/4/3 4358/4/3
f 4371/4/3 4365/4/3 4341/4/3
f 4371/4/3 4366/4/3 4365/4/3
f 4372/4/3 4343/4/3 4366/4/3
f 4372/4/3 4366/4/3 4371/4/3
f 4373/4/3 4368/4/3 4367/4/3
f 4374/4/3 4368/4/3 4373/4/3
f 4375/4/3 4370/4/3 4369/4/3
f 4376/4/3 4370/4/3 4375/4/3
f 4379/4/3 4378/4/3 4377/4/3
f 4380/4/3 4378/4/3 4379/4/3
f 4381/4/3 4373/4/3 4367/4/3
f 4382/4/3 4368/4/3 4374/4/3
f 4383/4/3 4375/4/3 4369/4/3
f 4384/4/3 4370/4/3 4376/4/3
f 4385/4/3 4378/4/3 4380/4/3
f 4387/4/3 4381/4/3 4367/4/3
f 4387/4/3 4382/4/3 4381/4/3
f 4388/4/3 4368/4/3 4382/4/3
f 4388/4/3 4382/4/3 4387/4/3
f 4391/4/3 4384/4/3 4383/4/3
f 4391/4/3 4383/4/3 4369/4/3
f 4392/4/3 4384/4/3 4391/4/3
f 4393/4/3 4370/4/3 4384/4/3
f 4393/4/3 4384/4/3 4392/4/3
f 4395/4/3 4379/4/3 4377/4/3
f 4396/4/3 4386/4/3 4385/4/3
f 4396/4/3 4385/4/3 4380/4/3
f 4397/4/3 4386/4/3 4396/4/3
f 4400/4/3 4390/4/3 4389/4/3
f 4401/4/3 4390/4/3 4400/4/3
f 4402/4/3 4393/4/3 4392/4/3
f 4402/4/3 4394/4/3 4393/4/3
f 4403/4/3 4394/4/3 4402/4/3
f 4404/4/3 4395/4/3 4377/4/3
f 4404/4/3 4396/4/3 4395/4/3
f 4405/4/3 4396/4/3 4404/4/3
f 4406/4/3 4394/4/3 4403/4/3
f 4408/4/3 4396/4/3 4405/4/3
f 4409/4/3 4386/4/3 4397/4/3
f 4410/4/3 4399/4/3 4398/4/3
f 4411/4/3 4399/4/3 4410/4/3
f 4412/4/3 4402/4/3 4392/4/3
f 4414/4/3 4407/4/3 4406/4/3
f 4414/4/3 4406/4/3 4403/4/3
f 4415/4/3 4407/4/3 4414/4/3
f 4416/4/3 4409/4/3 4408/4/3
f 4416/4/3 4408/4/3 4405/4/3
f 4417/4/3 4386/4/3 4409/4/3
f 4417/4/3 4409/4/3 4416/4/3
f 4422/4/3 4413/4/3 4412/4/3
f 4422/4/3 4412/4/3 4392/4/3
f 4423/4/3 4413/4/3 4422/4/3
f 4424/4/3 4419/4/3 4418/4/3
f 4425/4/3 4419/4/3 4424/4/3
f 4426/1/3 4421/1/3 4420/1/3
f 4427/1/3 4421/1/3 4426/1/3
f 4428/4/3 4413/4/3 4423/4/3
f 4429/4/3 4407/4/3 4415/4/3
f 4430/4/3 4428/4/3 4423/4/3
f 4430/4/3 4429/4/3 4428/4/3
f 4431/4/3 4407/4/3 4429/4/3
f 4431/4/3 4429/4/3 4430/4/3
f 4432/4/3 4424/4/3 4418/4/3
f 4433/4/3 4419/4/3 4425/4/3
f 4436/4/3 4432/4/3 4418/4/3
f 4436/4/3 4433/4/3 4432/4/3
f 4437/4/3 4419/4/3 4433/4/3
f 4437/4/3 4433/4/3 4436/4/3
f 4438/4/3 4435/4/3 4434/4/3
f 4439/4/3 4435/4/3 4438/4/3
f 4440/4/3 4438/4/3 4434/4/3
f 4441/4/3 4435/4/3 4439/4/3
f 4442/4/3 4440/4/3 4434/4/3
f 4442/4/3 4441/4/3 4440/4/3
f 4443/4/3 4435/4/3 4441/4/3
f 4443/4/3 4441/4/3 4442/4/3
f 4446/4/3 4445/4/3 4444/4/3
f 4447/4/3 4445/4/3 4446/4/3
f 4456/4/3 4449/4/3 4448/4/3
f 4457/4/3 4449/4/3 4456/4/3
f 4458/4/3 4451/4/3 4450/4/3
f 4459/4/3 4451/4/3 4458/4/3
f 4466/4/3 4463/4/3 4462/4/3
f 4468/4/3 4453/4/3 4452/4/3
f 4469/4/3 4453/4/3 4468/4/3
f 4470/4/3 4455/4/3 4454/4/3
f 4471/4/3 4455/4/3 4470/4/3
f 4473/4/3 4456/4/3 4448/4/3
f 4474/4/3 4449/4/3 4457/4/3
f 4475/1/3 4465/1/3 4464/1/3
f 4476/1/3 4465/1/3 4475/1/3
f 4477/4/3 4467/4/3 4466/4/3
f 4477/4/3 4466/4/3 4462/4/3
f 4478/4/3 4467/4/3 4477/4/3
f 4481/4/3 4472/4/3 4471/4/3
f 4482/4/3 4472/4/3 4481/4/3
f 4483/4/3 4474/4/3 4473/4/3
f 4483/4/3 4473/4/3 4448/4/3
f 4484/4/3 4449/4/3 4474/4/3
f 4484/4/3 4474/4/3 4483/4/3
f 4485/4/3 4461/4/3 4460/4/3
f 4486/4/3 4461/4/3 4485/4/3
f 4487/4/3 4480/4/3 4479/4/3
f 4488/4/3 4480/4/3 4487/4/3
f 4500/4/3 4493/4/3 4492/4/3
f 4501/4/3 4493/4/3 4500/4/3
f 4502/4/3 4497/4/3 4496/4/3
f 4503/4/3 4497/4/3 4502/4/3
f 4504/4/3 4499/4/3 4498/4/3
f 4505/4/3 4499/4/3 4504/4/3
f 4506/4/3 4493/4/3 4501/4/3
f 4507/4/3 4493/4/3 4506/4/3
f 4508/4/3 4495/4/3 4494/4/3
f 4509/4/3 4495/4/3 4508/4/3
f 4510/4/3 4489/4/3 4488/4/3
f 4511/4/3 4489/4/3 4510/4/3
f 4512/4/3 4491/4/3 4490/4/3
f 4513/4/3 4491/4/3 4512/4/3
f 4522/4/3 4517/4/3 4516/4/3
f 4525/4/3 4519/4/3 4518/4/3
f 4526/4/3 4519/4/3 4525/4/3
f 4529/4/3 4521/4/3 4520/4/3
f 4530/4/3 4521/4/3 4529/4/3
f 4531/4/3 4502/4/3 4496/4/3
f 4532/4/3 4497/4/3 4503/4/3
f 4533/4/3 4523/4/3 4522/4/3
f 4533/4/3 4522/4/3 4516/4/3
f 4534/4/3 4523/4/3 4533/4/3
f 4535/4/3 4525/4/3 4524/4/3
f 4536/4/3 4528/4/3 4527/4/3
f 4537/4/3 4528/4/3 4536/4/3
f 4540/4/3 4532/4/3 4531/4/3
f 4540/4/3 4531/4/3 4496/4/3
f 4541/4/3 4497/4/3 4532/4/3
f 4541/4/3 4532/4/3 4540/4/3
f 4542/4/3 4515/4/3 4514/4/3
f 4543/4/3 4515/4/3 4542/4/3
f 4544/4/3 4525/4/3 4535/4/3
f 4545/4/3 4525/4/3 4544/4/3
f 4550/4/3 4539/4/3 4538/4/3
f 4551/4/3 4539/4/3 4550/4/3
f 4562/4/3 4553/4/3 4552/4/3
f 4563/4/3 4553/4/3 4562/4/3
f 4564/4/3 4555/4/3 4554/4/3
f 4565/4/3 4547/4/3 4546/4/3
f 4568/4/3 4561/4/3 4560/4/3
f 4569/4/3 4561/4/3 4568/4/3
f 4570/4/3 4553/4/3 4563/4/3
f 4571/4/3 4553/4/3 4570/4/3
f 4572/4/3 4564/4/3 4554/4/3
f 4573/4/3 4564/4/3 4572/4/3
f 4574/4/3 4547/4/3 4565/4/3
f 4575/4/3 4547/4/3 4574/4/3
f 4576/4/3 4549/4/3 4548/4/3
f 4577/4/3 4549/4/3 4576/4/3
f 4578/4/3 4559/4/3 4558/4/3
f 4579/4/3 4567/4/3 4566/4/3
f 4580/4/3 4567/4/3 4579/4/3
f 4583/4/3 4557/4/3 4556/4/3
f 4584/4/3 4557/4/3 4583/4/3
f 4589/4/3 4582/4/3 4581/4/3
f 4590/4/3 4582/4/3 4589/4/3
f 4591/4/3 4582/4/3 4590/4/3
f 4594/4/3 4578/4/3 4558/4/3
f 4595/4/3 4578/4/3 4594/4/3
f 4597/2/3 4588/2/3 4587/2/3
f 4598/2/3 4590/2/3 4589/2/3
f 4599/2/3 4590/2/3 4598/2/3
f 4600/2/3 4595/2/3 4594/2/3
f 4600/2/3 4593/2/3 4592/2/3
f 4600/2/3 4594/2/3 4593/2/3
f 4601/2/3 4595/2/3 4600/2/3
f 4602/2/3 4586/2/3 4585/2/3
f 4603/2/3 4586/2/3 4602/2/3
f 4604/2/3 4597/2/3 4596/2/3
f 4605/2/3 4588/2/3 4597/2/3
f 4605/2/3 4597/2/3 4604/2/3
f 4608/2/3 4598/2/3 4589/2/3
f 4609/2/3 4598/2/3 4608/2/3
f 4610/2/3 4595/2/3 4601/2/3
f 4611/2/3 4595/2/3 4610/2/3
f 4612/2/3 4606/2/3 4605/2/3
f 4612/2/3 4604/2/3 4603/2/3
f 4612/2/3 4605/2/3 4604/2/3
f 4614/2/3 4608/2/3 4607/2/3
f 4615/2/3 4608/2/3 4614/2/3
f 4616/2/3 4595/2/3 4611/2/3
f 4617/2/3 4595/2/3 4616/2/3
f 4618/2/3 4595/2/3 4617/2/3
f 4622/2/3 4602/2/3 4585/2/3
f 4623/2/3 4602/2/3 4622/2/3
f 4624/2/3 4613/2/3 4612/2/3
f 4624/2/3 4612/2/3 4603/2/3
f 4625/2/3 4613/2/3 4624/2/3
f 4626/2/3 4619/2/3 4618/2/3
f 4626/2/3 4618/2/3 4617/2/3
f 4627/2/3 4619/2/3 4626/2/3
f 4628/2/3 4619/2/3 4627/2/3
f 4629/2/3 4619/2/3 4628/2/3
f 4630/4/3 4624/4/3 4623/4/3
f 4630/4/3 4623/4/3 4622/4/3
f 4631/4/3 4624/4/3 4630/4/3
f 4640/4/3 4633/4/3 4632/4/3
f 4641/4/3 4633/4/3 4640/4/3
f 4642/4/3 4637/4/3 4636/4/3
f 4643/4/3 4639/4/3 4638/4/3
f 4644/4/3 4629/4/3 4628/4/3
f 4645/4/3 4629/4/3 4644/4/3
f 4646/4/3 4621/4/3 4620/4/3
f 4647/4/3 4621/4/3 4646/4/3
f 4652/4/3 4635/4/3 4634/4/3
f 4653/4/3 4635/4/3 4652/4/3
f 4654/4/3 4642/4/3 4636/4/3
f 4655/4/3 4642/4/3 4654/4/3
f 4656/4/3 4639/4/3 4643/4/3
f 4657/4/3 4639/4/3 4656/4/3
f 4658/4/3 4627/4/3 4626/4/3
f 4659/4/3 4627/4/3 4658/4/3
f 4668/4/3 4661/4/3 4660/4/3
f 4669/4/3 4661/4/3 4668/4/3
f 4670/4/3 4667/4/3 4666/4/3
f 4671/4/3 4667/4/3 4670/4/3
f 4672/4/3 4667/4/3 4671/4/3
f 4674/4/3 4649/4/3 4648/4/3
f 4675/4/3 4649/4/3 4674/4/3
f 4676/4/3 4651/4/3 4650/4/3
f 4677/4/3 4651/4/3 4676/4/3
f 4678/4/3 4673/4/3 4672/4/3
f 4678/4/3 4672/4/3 4671/4/3
f 4685/4/3 4663/4/3 4662/4/3
f 4686/4/3 4663/4/3 4685/4/3
f 4687/4/3 4665/4/3 4664/4/3
f 4689/4/3 4679/4/3 4678/4/3
f 4689/4/3 4678/4/3 4671/4/3
f 4690/4/3 4679/4/3 4689/4/3
f 4691/1/3 4681/1/3 4680/1/3
f 4692/1/3 4681/1/3 4691/1/3
f 4693/4/3 4684/4/3 4683/4/3
f 4693/4/3 4683/4/3 4682/4/3
f 4694/4/3 4684/4/3 4693/4/3
f 4695/4/3 4684/4/3 4694/4/3
f 4697/4/3 4688/4/3 4687/4/3
f 4697/4/3 4687/4/3 4664/4/3
f 4698/4/3 4688/4/3 4697/4/3
f 4706/4/3 4698/4/3 4697/4/3
f 4706/4/3 4697/4/3 4696/4/3
f 4706/4/3 4699/4/3 4698/4/3
f 4707/4/3 4699/4/3 4706/4/3
f 4708/4/3 4699/4/3 4707/4/3
f 4713/4/3 4701/4/3 4700/4/3
f 4715/4/3 4712/4/3 4711/4/3
f 4717/4/3 4689/4/3 4671/4/3
f 4718/4/3 4689/4/3 4717/4/3
f 4719/4/3 4703/4/3 4702/4/3
f 4720/4/3 4703/4/3 4719/4/3
f 4721/4/3 4705/4/3 4704/4/3
f 4723/4/3 4716/4/3 4715/4/3
f 4723/4/3 4715/4/3 4711/4/3
f 4724/4/3 4716/4/3 4723/4/3
f 4726/4/3 4714/4/3 4713/4/3
f 4726/4/3 4713/4/3 4700/4/3
f 4727/4/3 4714/4/3 4726/4/3
f 4731/4/3 4722/4/3 4721/4/3
f 4731/4/3 4721/4/3 4704/4/3
f 4732/4/3 4722/4/3 4731/4/3
f 4733/4/3 4710/4/3 4709/4/3
f 4734/4/3 4710/4/3 4733/4/3
f 4737/4/3 4727/4/3 4726/4/3
f 4737/4/3 4728/4/3 4727/4/3
f 4737/4/3 4726/4/3 4725/4/3
f 4738/4/3 4728/4/3 4737/4/3
f 4739/4/3 4728/4/3 4738/4/3
f 4740/4/3 4728/4/3 4739/4/3
f 4745/4/3 4744/4/3 4743/4/3
f 4746/4/3 4744/4/3 4745/4/3
f 4747/4/3 4742/4/3 4741/4/3
f 4748/4/3 4742/4/3 4747/4/3
f 4749/4/3 4744/4/3 4746/4/3
f 4750/4/3 4744/4/3 4749/4/3
f 4751/4/3 4736/4/3 4735/4/3
f 4752/4/3 4736/4/3 4751/4/3
f 4755/4/3 4739/4/3 4738/4/3
f 4756/4/3 4728/4/3 4740/4/3
f 4757/4/3 4730/4/3 4729/4/3
f 4758/4/3 4730/4/3 4757/4/3
f 4763/4/3 4754/4/3 4753/4/3
f 4764/4/3 4754/4/3 4763/4/3
f 4765/4/3 4756/4/3 4755/4/3
f 4765/4/3 4755/4/3 4738/4/3
f 4766/4/3 4728/4/3 4756/4/3
f 4766/4/3 4756/4/3 4765/4/3
f 4769/4/3 4762/4/3 4761/4/3
f 4770/4/3 4762/4/3 4769/4/3
f 4777/4/3 4768/4/3 4767/4/3
f 4778/4/3 4768/4/3 4777/4/3
f 4779/1/3 4776/1/3 4775/1/3
f 4780/1/3 4776/1/3 4779/1/3
f 4781/4/3 4768/4/3 4778/4/3
f 4782/4/3 4768/4/3 4781/4/3
f 4783/4/3 4760/4/3 4759/4/3
f 4784/4/3 4760/4/3 4783/4/3
f 4789/4/3 4772/4/3 4771/4/3
f 4790/4/3 4772/4/3 4789/4/3
f 4791/4/3 4774/4/3 4773/4/3
f 4792/4/3 4774/4/3 4791/4/3
f 4793/4/3 4786/4/3 4785/4/3
f 4794/4/3 4786/4/3 4793/4/3
f 4795/4/3 4788/4/3 4787/4/3
f 4796/4/3 4788/4/3 4795/4/3
f 4803/4/3 4798/4/3 4797/4/3
f 4804/4/3 4798/4/3 4803/4/3
f 4805/4/3 4800/4/3 4799/4/3
f 4806/4/3 4800/4/3 4805/4/3
f 4807/4/3 4802/4/3 4801/4/3
f 4808/4/3 4802/4/3 4807/4/3
f 4811/4/3 4810/4/3 4809/4/3
f 4812/4/3 4810/4/3 4811/4/3
f 4815/4/3 4814/4/3 4813/4/3
f 4816/4/3 4814/4/3 4815/4/3
f 4823/1/3 4822/1/3 4821/1/3
f 4824/1/3 4822/1/3 4823/1/3
f 4825/4/3 4818/4/3 4817/4/3
f 4826/4/3 4818/4/3 4825/4/3
f 4827/4/3 4820/4/3 4819/4/3
f 4828/4/3 4820/4/3 4827/4/3
f 4831/4/3 4830/4/3 4829/4/3
f 4832/4/3 4830/4/3 4831/4/3
f 4835/4/3 4834/4/3 4833/4/3
f 4836/4/3 4834/4/3 4835/4/3
f 4843/4/3 4838/4/3 4837/4/3
f 4844/4/3 4838/4/3 4843/4/3
f 4845/4/3 4840/4/3 4839/4/3
f 4846/4/3 4840/4/3 4845/4/3
f 4847/4/3 4842/4/3 4841/4/3
f 4848/4/3 4842/4/3 4847/4/3
f 4851/4/3 4850/4/3 4849/4/3
f 4852/4/3 4850/4/3 4851/4/3
f 4855/4/3 4854/4/3 4853/4/3
f 4856/4/3 4854/4/3 4855/4/3
f 4863/2/3 4856/2/3 4855/2/3
f 4863/2/3 4857/2/3 4856/2/3
f 4863/2/3 4858/2/3 4857/2/3
f 4864/2/3 4858/2/3 4863/2/3
f 4865/2/3 4862/2/3 4861/2/3
f 4865/2/3 4861/2/3 4860/2/3
f 4865/2/3 4860/2/3 4859/2/3
f 4866/2/3 4862/2/3 4865/2/3
f 4872/2/3 4868/2/3 4867/2/3
f 4873/2/3 4868/2/3 4872/2/3
f 4874/2/3 4868/2/3 4873/2/3
f 4875/2/3 4868/2/3 4874/2/3
f 4876/2/3 4870/2/3 4869/2/3
f 4877/2/3 4870/2/3 4876/2/3
f 4878/4/3 4872/4/3 4871/4/3
f 4879/4/3 4872/4/3 4878/4/3
f 4886/4/3 4881/4/3 4880/4/3
f 4886/4/3 4882/4/3 4881/4/3
f 4889/4/3 4885/4/3 4884/4/3
f 4889/4/3 4884/4/3 4883/4/3
f 4890/4/3 4885/4/3 4889/4/3
f 4893/4/3 4885/4/3 4890/4/3
f 4894/4/3 4885/4/3 4893/4/3
f 4895/4/3 4886/4/3 4880/4/3
f 4896/4/3 4886/4/3 4895/4/3
f 4897/4/3 4892/4/3 4891/4/3
f 4898/4/3 4892/4/3 4897/4/3
f 4899/4/3 4892/4/3 4898/4/3
f 4900/4/3 4892/4/3 4899/4/3
f 4903/4/3 4888/4/3 4887/4/3
f 4904/4/3 4888/4/3 4903/4/3
f 4907/4/3 4902/4/3 4901/4/3
f 4908/4/3 4902/4/3 4907/4/3
f 4909/4/3 4906/4/3 4905/4/3
f 4910/4/3 4906/4/3 4909/4/3
f 4911/4/3 4906/4/3 4910/4/3
f 4913/4/3 4911/4/3 4910/4/3
f 4913/4/3 4912/4/3 4911/4/3
f 4914/4/3 4912/4/3 4913/4/3
f 4919/4/3 4916/4/3 4915/4/3
f 4920/4/3 4916/4/3 4919/4/3
f 4921/4/3 4916/4/3 4920/4/3
f 4922/4/3 4916/4/3 4921/4/3
f 4923/4/3 4918/4/3 4917/4/3
f 4924/4/3 4918/4/3 4923/4/3
f 4929/4/3 4926/4/3 4925/4/3
f 4930/4/3 4926/4/3 4929/4/3
f 4931/4/3 4928/4/3 4927/4/3
f 4932/4/3 4928/4/3 4931/4/3
f 4937/1/3 4934/1/3 4933/1/3
f 4938/1/3 4934/1/3 4937/1/3
f 4940/2/3 4936/2/3 4935/2/3
f 4944/2/3 4940/2/3 4939/2/3
f 4945/2/3 4936/2/3 4940/2/3
f 4945/2/3 4940/2/3 4944/2/3
f 4946/2/3 4936/2/3 4945/2/3
f 4948/2/3 4943/2/3 4942/2/3
f 4948/2/3 4942/2/3 4941/2/3
f 4949/2/3 4943/2/3 4948/2/3
f 4950/2/3 4943/2/3 4949/2/3
f 4952/2/3 4947/2/3 4946/2/3
f 4952/2/3 4946/2/3 4945/2/3
f 4953/2/3 4947/2/3 4952/2/3
f 4954/2/3 4947/2/3 4953/2/3
f 4958/2/3 4951/2/3 4950/2/3
f 4958/2/3 4950/2/3 4949/2/3
f 4959/2/3 4951/2/3 4958/2/3
f 4960/2/3 4951/2/3 4959/2/3
f 4961/2/3 4957/2/3 4956/2/3
f 4961/2/3 4956/2/3 4955/2/3
f 4963/2/3 4961/2/3 4955/2/3
f 4963/2/3 4962/2/3 4961/2/3
f 4964/2/3 4962/2/3 4963/2/3
f 4965/2/3 4962/2/3 4964/2/3
f 4972/2/3 4967/2/3 4966/2/3
f 4973/2/3 4967/2/3 4972/2/3
f 4975/2/3 4969/2/3 4968/2/3
f 4976/2/3 4969/2/3 4975/2/3
f 4979/2/3 4971/2/3 4970/2/3
f 4980/2/3 4971/2/3 4979/2/3
f 4982/2/3 4977/2/3 4976/2/3
f 4982/2/3 4975/2/3 4974/2/3
f 4982/2/3 4976/2/3 4975/2/3
f 4983/2/3 4977/2/3 4982/2/3
f 4984/2/3 4981/2/3 4980/2/3
f 4984/2/3 4980/2/3 4979/2/3
f 4984/2/3 4979/2/3 4978/2/3
f 4985/2/3 4981/2/3 4984/2/3
f 4986/2/3 4981/2/3 4985/2/3
f 4989/2/3 4977/2/3 4983/2/3
f 4990/2/3 4977/2/3 4989/2/3
f 4991/2/3 4977/2/3 4990/2/3
f 4992/2/3 4986/2/3 4985/2/3
f 4993/2/3 4986/2/3 4992/2/3
f 4995/2/3 4988/2/3 4987/2/3
f 4996/2/3 4988/2/3 4995/2/3
f 5001/2/3 4995/2/3 4994/2/3
f 5001/2/3 4996/2/3 4995/2/3
f 5001/2/3 4997/2/3 4996/2/3
f 5002/2/3 4997/2/3 5001/2/3
f 5006/2/3 5001/2/3 5000/2/3
f 5006/2/3 5002/2/3 5001/2/3
f 5007/2/3 5002/2/3 5006/2/3
f 5010/4/3 4999/4/3 4998/4/3
f 5011/4/3 4999/4/3 5010/4/3
f 5014/2/3 5004/2/3 5003/2/3
f 5015/2/3 5009/2/3 5008/2/3
f 5015/2/3 5006/2/3 5005/2/3
f 5015/2/3 5007/2/3 5006/2/3
f 5015/2/3 5008/2/3 5007/2/3
f 5016/2/3 5009/2/3 5015/2/3
f 5017/2/3 5014/2/3 5013/2/3
f 5017/2/3 5013/2/3 5012/2/3
f 5018/2/3 5004/2/3 5014/2/3
f 5018/2/3 5014/2/3 5017/2/3
f 5027/2/3 5020/2/3 5019/2/3
f 5028/2/3 5020/2/3 5027/2/3
f 5029/2/3 5020/2/3 5028/2/3
f 5030/2/3 5022/2/3 5021/2/3
f 5031/2/3 5022/2/3 5030/2/3
f 5032/2/3 5022/2/3 5031/2/3
f 5033/2/3 5024/2/3 5023/2/3
f 5034/2/3 5024/2/3 5033/2/3
f 5035/2/3 5024/2/3 5034/2/3
f 5039/4/3 5036/4/3 5035/4/3
f 5039/4/3 5035/4/3 5034/4/3
f 5040/4/3 5036/4/3 5039/4/3
f 5041/4/3 5038/4/3 5037/4/3
f 5042/4/3 5038/4/3 5041/4/3
f 5043/4/3 5039/4/3 5034/4/3
f 5050/4/3 5047/4/3 5046/4/3
f 5051/4/3 5047/4/3 5050/4/3
f 5052/4/3 5039/4/3 5043/4/3
f 5053/4/3 5039/4/3 5052/4/3
f 5054/4/3 5045/4/3 5044/4/3
f 5055/4/3 5026/4/3 5025/4/3
f 5056/4/3 5026/4/3 5055/4/3
f 5059/4/3 5054/4/3 5053/4/3
f 5060/4/3 5054/4/3 5059/4/3
f 5061/4/3 5045/4/3 5054/4/3
f 5061/4/3 5054/4/3 5060/4/3
f 5066/4/3 5049/4/3 5048/4/3
f 5067/4/3 5049/4/3 5066/4/3
f 5070/1/3 5063/1/3 5062/1/3
f 5071/1/3 5063/1/3 5070/1/3
f 5072/2/3 5065/2/3 5064/2/3
f 5073/2/3 5065/2/3 5072/2/3
f 5076/4/3 5058/4/3 5057/4/3
f 5077/4/3 5058/4/3 5076/4/3
f 5078/4/3 5069/4/3 5068/4/3
f 5079/4/3 5069/4/3 5078/4/3
f 5080/4/3 5075/4/3 5074/4/3
f 5081/4/3 5075/4/3 5080/4/3
f 5084/4/3 5083/4/3 5082/4/3
f 5085/4/3 5083/4/3 5084/4/3
f 5089/4/3 5087/4/3 5086/4/3
f 5090/2/3 5088/2/3 5087/2/3
f 5090/4/3 5087/4/3 5089/4/3
f 5091/2/3 5088/2/3 5090/2/3
f 5096/4/3 5093/4/3 5092/4/3
f 5097/4/3 5093/4/3 5096/4/3
f 5098/4/3 5095/4/3 5094/4/3
f 5099/4/3 5095/4/3 5098/4/3
f 5102/2/3 5099/2/3 5098/2/3
f 5103/2/3 5099/2/3 5102/2/3
f 5104/4/3 5101/4/3 5100/4/3
f 5105/2/3 5102/2/3 5101/2/3
f 5105/4/3 5101/4/3 5104/4/3
f 5106/2/3 5102/2/3 5105/2/3
f 5110/2/3 5108/2/3 5107/2/3
f 5111/2/3 5108/2/3 5110/2/3
f 5112/2/3 5110/2/3 5109/2/3
f 5113/2/3 5110/2/3 5112/2/3
f 5118/4/3 5115/4/3 5114/4/3
f 5119/4/3 5115/4/3 5118/4/3
f 5120/4/3 5117/4/3 5116/4/3
f 5121/4/3 5117/4/3 5120/4/3
f 5124/4/3 5123/4/3 5122/4/3
f 5125/4/3 5123/4/3 5124/4/3
f 5128/4/3 5127/4/3 5126/4/3
f 5129/4/3 5127/4/3 5128/4/3
f 5132/4/3 5131/4/3 5130/4/3
f 5133/4/3 5131/4/3 5132/4/3
f 5138/4/3 5137/4/3 5136/4/3
f 5139/4/3 5137/4/3 5138/4/3
f 5141/4/3 5135/4/3 5134/4/3
f 5142/4/3 5135/4/3 5141/4/3
f 5143/4/3 5141/4/3 5140/4/3
f 5144/4/3 5141/4/3 5143/4/3
f 5145/4/3 5143/4/3 5140/4/3
f 5146/4/3 5143/4/3 5145/4/3
f 5151/4/3 5148/4/3 5147/4/3
f 5152/4/3 5150/4/3 5149/4/3
f 5155/4/3 5151/4/3 5147/4/3
f 5156/4/3 5151/4/3 5155/4/3
f 5157/4/3 5154/4/3 5153/4/3
f 5158/4/3 5154/4/3 5157/4/3
f 5163/4/3 5152/4/3 5149/4/3
f 5164/4/3 5161/4/3 5160/4/3
f 5164/4/3 5160/4/3 5159/4/3
f 5165/4/3 5161/4/3 5164/4/3
f 5166/1/3 5163/1/3 5162/1/3
f 5167/4/3 5152/4/3 5163/4/3
f 5167/1/3 5163/1/3 5166/1/3
f 5168/4/3 5152/4/3 5167/4/3
f 5171/4/3 5170/4/3 5169/4/3
f 5172/4/3 5170/4/3 5171/4/3
f 5175/4/3 5174/4/3 5173/4/3
f 5176/4/3 5174/4/3 5175/4/3
f 5179/4/3 5178/4/3 5177/4/3
f 5180/4/3 5178/4/3 5179/4/3
f 5183/4/3 5182/4/3 5181/4/3
f 5184/4/3 5182/4/3 5183/4/3
f 5187/4/3 5186/4/3 5185/4/3
f 5188/4/3 5186/4/3 5187/4/3
f 5191/4/3 5190/4/3 5189/4/3
f 5192/4/3 5190/4/3 5191/4/3
f 5195/4/3 5194/4/3 5193/4/3
f 5196/4/3 5194/4/3 5195/4/3
f 5199/4/3 5198/4/3 5197/4/3
f 5200/4/3 5198/4/3 5199/4/3
f 5204/4/3 5202/4/3 5201/4/3
f 5205/4/3 5204/4/3 5203/4/3
f 5206/4/3 5204/4/3 5205/4/3
f 5207/4/3 5202/4/3 5204/4/3
f 5207/4/3 5204/4/3 5206/4/3
f 5210/4/3 5209/4/3 5208/4/3
f 5211/4/3 5209/4/3 5210/4/3
f 5214/4/3 5213/4/3 5212/4/3
f 5215/4/3 5213/4/3 5214/4/3
f 5220/4/3 5219/4/3 5218/4/3
f 5221/4/3 5219/4/3 5220/4/3
f 5222/4/3 5217/4/3 5216/4/3
f 5223/4/3 5217/4/3 5222/4/3
f 5226/4/3 5225/4/3 5224/4/3
f 5227/4/3 5225/4/3 5226/4/3
f 5230/4/3 5229/4/3 5228/4/3
f 5231/4/3 5229/4/3 5230/4/3
f 5234/4/3 5233/4/3 5232/4/3
f 5235/4/3 5233/4/3 5234/4/3
f 5242/4/3 5241/4/3 5240/4/3
f 5243/4/3 5241/4/3 5242/4/3
f 5244/4/3 5237/4/3 5236/4/3
f 5245/4/3 5237/4/3 5244/4/3
f 5246/4/3 5239/4/3 5238/4/3
f 5247/4/3 5239/4/3 5246/4/3
f 5250/4/3 5249/4/3 5248/4/3
f 5251/4/3 5249/4/3 5250/4/3
f 5254/1/3 5253/1/3 5252/1/3
f 5255/1/3 5253/1/3 5254/1/3
f 5256/1/3 5253/1/3 5255/1/3
f 5259/4/3 5258/4/3 5257/4/3
f 5260/4/3 5258/4/3 5259/4/3
f 5263/4/3 5262/4/3 5261/4/3
f 5264/4/3 5262/4/3 5263/4/3
f 5268/4/3 5266/4/3 5265/4/3
f 5269/4/3 5266/4/3 5268/4/3
f 5270/4/3 5266/4/3 5269/4/3
f 5271/2/3 5268/2/3 5267/2/3
f 5271/2/3 5269/2/3 5268/2/3
f 5272/2/3 5269/2/3 5271/2/3
f 5273/2/3 5269/2/3 5272/2/3
f 5274/4/3 5273/4/3 5272/4/3
f 5275/4/3 5266/4/3 5270/4/3
f 5276/4/3 5274/4/3 5272/4/3
f 5276/4/3 5275/4/3 5274/4/3
f 5277/4/3 5266/4/3 5275/4/3
f 5277/4/3 5275/4/3 5276/4/3
f 5280/4/3 5279/4/3 5278/4/3
f 5281/4/3 5279/4/3 5280/4/3
f 5284/4/3 5283/4/3 5282/4/3
f 5285/4/3 5283/4/3 5284/4/3
f 5288/4/3 5287/4/3 5286/4/3
f 5289/4/3 5287/4/3 5288/4/3
f 5294/4/3 5291/4/3 5290/4/3
f 5297/4/3 5291/4/3 5294/4/3
f 5298/4/3 5291/4/3 5297/4/3
f 5299/4/3 5296/4/3 5295/4/3
f 5300/4/3 5296/4/3 5299/4/3
f 5301/4/3 5293/4/3 5292/4/3
f 5302/4/3 5293/4/3 5301/4/3
f 5305/4/3 5304/4/3 5303/4/3
f 5306/4/3 5304/4/3 5305/4/3
f 5309/4/3 5308/4/3 5307/4/3
f 5310/4/3 5308/4/3 5309/4/3
f 5313/4/3 5312/4/3 5311/4/3
f 5314/4/3 5312/4/3 5313/4/3
f 5317/4/3 5316/4/3 5315/4/3
f 5318/4/3 5316/4/3 5317/4/3
f 5321/4/3 5320/4/3 5319/4/3
f 5322/4/3 5320/4/3 5321/4/3
f 5325/4/3 5320/4/3 5322/4/3
f 5326/4/3 5320/4/3 5325/4/3
f 5327/4/3 5320/4/3 5326/4/3
f 5329/4/3 5324/4/3 5323/4/3
f 5330/4/3 5324/4/3 5329/4/3
f 5331/4/3 5328/4/3 5327/4/3
f 5331/4/3 5327/4/3 5326/4/3
f 5332/4/3 5328/4/3 5331/4/3
f 5333/4/3 5324/4/3 5330/4/3
f 5334/4/3 5324/4/3 5333/4/3
f 5336/4/3 5328/4/3 5332/4/3
f 5337/4/3 5329/4/3 5323/4/3
f 5338/4/3 5329/4/3 5337/4/3
f 5339/4/3 5336/4/3 5335/4/3
f 5340/4/3 5328/4/3 5336/4/3
f 5340/4/3 5336/4/3 5339/4/3
f 5343/4/3 5342/4/3 5341/4/3
f 5344/4/3 5342/4/3 5343/4/3
f 5347/4/3 5346/4/3 5345/4/3
f 5348/4/3 5346/4/3 5347/4/3
f 5351/4/3 5350/4/3 5349/4/3
f 5352/4/3 5350/4/3 5351/4/3
f 5355/4/3 5354/4/3 5353/4/3
f 5356/4/3 5354/4/3 5355/4/3
f 5359/4/3 5355/4/3 5353/4/3
f 5360/4/3 5355/4/3 5359/4/3
f 5361/4/3 5358/4/3 5357/4/3
f 5362/4/3 5358/4/3 5361/4/3
f 5363/4/3 5354/4/3 5356/4/3
f 5364/4/3 5354/4/3 5363/4/3
f 5371/4/3 5366/4/3 5365/4/3
f 5372/4/3 5366/4/3 5371/4/3
f 5373/4/3 5368/4/3 5367/4/3
f 5374/4/3 5368/4/3 5373/4/3
f 5375/4/3 5370/4/3 5369/4/3
f 5376/4/3 5370/4/3 5375/4/3
f 5381/4/3 5378/4/3 5377/4/3
f 5382/4/3 5378/4/3 5381/4/3
f 5383/4/3 5380/4/3 5379/4/3
f 5384/4/3 5380/4/3 5383/4/3
f 5387/4/3 5386/4/3 5385/4/3
f 5388/4/3 5386/4/3 5387/4/3
f 5391/4/3 5390/4/3 5389/4/3
f 5392/4/3 5390/4/3 5391/4/3
f 5395/4/3 5394/4/3 5393/4/3
f 5396/4/3 5394/4/3 5395/4/3
f 5401/4/3 5398/4/3 5397/4/3
f 5402/4/3 5398/4/3 5401/4/3
f 5403/4/3 5400/4/3 5399/4/3
f 5404/4/3 5400/4/3 5403/4/3
f 5407/2/3 5406/2/3 5405/2/3
f 5408/2/3 5406/2/3 5407/2/3
f 5411/4/3 5410/4/3 5409/4/3
f 5412/4/3 5410/4/3 5411/4/3
f 5416/4/3 5414/4/3 5413/4/3
f 5417/4/3 5414/4/3 5416/4/3
f 5418/4/3 5414/4/3 5417/4/3
f 5419/4/3 5416/4/3 5415/4/3
f 5419/4/3 5417/4/3 5416/4/3
f 5421/4/3 5419/4/3 5415/4/3
f 5421/4/3 5420/4/3 5419/4/3
f 5422/4/3 5420/4/3 5421/4/3
f 5423/4/3 5421/4/3 5415/4/3
f 5424/4/3 5421/4/3 5423/4/3
f 5425/4/3 5421/4/3 5424/4/3
f 5427/4/3 5426/4/3 5425/4/3
f 5427/4/3 5425/4/3 5424/4/3
f 5428/4/3 5426/4/3 5427/4/3
f 5431/4/3 5430/4/3 5429/4/3
f 5432/4/3 5430/4/3 5431/4/3
f 5435/4/3 5434/4/3 5433/4/3
f 5436/4/3 5434/4/3 5435/4/3
f 5440/4/3 5438/4/3 5437/4/3
f 5441/4/3 5438/4/3 5440/4/3
f 5442/4/3 5438/4/3 5441/4/3
f 5443/4/3 5440/4/3 5439/4/3
f 5443/4/3 5441/4/3 5440/4/3
f 5445/4/3 5443/4/3 5439/4/3
f 5445/4/3 5444/4/3 5443/4/3
f 5446/4/3 5444/4/3 5445/4/3
f 5447/4/3 5445/4/3 5439/4/3
f 5448/4/3 5445/4/3 5447/4/3
f 5449/4/3 5445/4/3 5448/4/3
f 5451/4/3 5450/4/3 5449/4/3
f 5451/4/3 5449/4/3 5448/4/3
f 5452/4/3 5450/4/3 5451/4/3
f 5456/4/3 5454/4/3 5453/4/3
f 5457/4/3 5454/4/3 5456/4/3
f 5458/4/3 5454/4/3 5457/4/3
f 5459/4/3 5456/4/3 5455/4/3
f 5459/4/3 5457/4/3 5456/4/3
f 5461/4/3 5459/4/3 5455/4/3
f 5461/4/3 5460/4/3 5459/4/3
f 5462/4/3 5460/4/3 5461/4/3
f 5463/4/3 5461/4/3 5455/4/3
f 5464/4/3 5461/4/3 5463/4/3
f 5465/4/3 5461/4/3 5464/4/3
f 5467/4/3 5466/4/3 5465/4/3
f 5467/4/3 5465/4/3 5464/4/3
f 5468/4/3 5466/4/3 5467/4/3
f 5472/4/3 5470/4/3 5469/4/3
f 5473/4/3 5470/4/3 5472/4/3
f 5474/4/3 5470/4/3 5473/4/3
f 5475/4/3 5472/4/3 5471/4/3
f 5475/4/3 5473/4/3 5472/4/3
f 5477/4/3 5475/4/3 5471/4/3
f 5477/4/3 5476/4/3 5475/4/3
f 5478/4/3 5476/4/3 5477/4/3
f 5479/4/3 5477/4/3 5471/4/3
f 5480/4/3 5477/4/3 5479/4/3
f 5481/4/3 5477/4/3 5480/4/3
f 5483/4/3 5482/4/3 5481/4/3
f 5483/4/3 5481/4/3 5480/4/3
f 5484/4/3 5482/4/3 5483/4/3
f 5485/4/4 5486/4/4 5488/4/4
f 5488/4/4 5486/4/4 5489/4/4
f 5489/4/4 5486/4/4 5490/4/4
f 5487/4/4 5488/4/4 5491/4/4
f 5488/4/4 5489/4/4 5491/4/4
f 5487/4/4 5491/4/4 5493/4/4
f 5491/4/4 5492/4/4 5493/4/4
f 5493/4/4 5492/4/4 5494/4/4
f 5487/4/4 5493/4/4 5495/4/4
f 5495/4/4 5493/4/4 5496/4/4
f 5496/4/4 5493/4/4 5497/4/4
f 5497/4/4 5498/4/4 5499/4/4
f 5496/4/4 5497/4/4 5499/4/4
f 5499/4/4 5498/4/4 5500/4/4
f 5501/4/4 5502/4/4 5504/4/4
f 5504/4/4 5502/4/4 5505/4/4
f 5505/4/4 5502/4/4 5506/4/4
f 5503/4/4 5504/4/4 5507/4/4
f 5504/4/4 5505/4/4 5507/4/4
f 5503/4/4 5507/4/4 5509/4/4
f 5507/4/4 5508/4/4 5509/4/4
f 5509/4/4 5508/4/4 5510/4/4
f 5503/4/4 5509/4/4 5511/4/4
f 5511/4/4 5509/4/4 5512/4/4
f 5512/4/4 5509/4/4 5513/4/4
f 5513/4/4 5514/4/4 5515/4/4
f 5512/4/4 5513/4/4 5515/4/4
f 5515/4/4 5514/4/4 5516/4/4
f 5517/4/4 5518/4/4 5520/4/4
f 5520/4/4 5518/4/4 5521/4/4
f 5521/4/4 5518/4/4 5522/4/4
f 5519/4/4 5520/4/4 5523/4/4
f 5520/4/4 5521/4/4 5523/4/4
f 5519/4/4 5523/4/4 5525/4/4
f 5523/4/4 5524/4/4 5525/4/4
f 5525/4/4 5524/4/4 5526/4/4
f 5519/4/4 5525/4/4 5527/4/4
f 5527/4/4 5525/4/4 5528/4/4
f 5528/4/4 5525/4/4 5529/4/4
f 5529/4/4 5530/4/4 5531/4/4
f 5528/4/4 5529/4/4 5531/4/4
f 5531/4/4 5530/4/4 5532/4/4
f 5533/4/4 5534/4/4 5537/4/4
f 5537/4/4 5534/4/4 5538/4/4
f 5535/4/4 5536/4/4 5539/4/4
f 5539/4/4 5536/4/4 5540/4/4
f 5541/4/4 5542/4/4 5549/4/4
f 5549/4/4 5542/4/4 5550/4/4
f 5543/4/4 5544/4/4 5551/4/4
f 5551/4/4 5544/4/4 5552/4/4
f 5545/4/4 5546/4/4 5553/4/4
f 5553/4/4 5546/4/4 5554/4/4
f 5551/2/4 5552/2/4 5557/2/4
f 5552/2/4 5553/2/4 5557/2/4
f 5553/2/4 5554/2/4 5557/2/4
f 5557/2/4 5554/2/4 5558/2/4
f 5558/2/4 5554/2/4 5559/2/4
f 5559/2/4 5554/2/4 5560/2/4
f 5555/4/4 5556/4/4 5561/4/4
f 5561/4/4 5556/4/4 5562/4/4
f 5557/4/4 5558/4/4 5563/4/4
f 5563/4/4 5558/4/4 5564/4/4
f 5559/4/4 5560/4/4 5565/4/4
f 5565/4/4 5560/4/4 5566/4/4
f 5547/4/4 5548/4/4 5567/4/4
f 5567/4/4 5548/4/4 5568/4/4
f 5569/4/4 5570/4/4 5573/4/4
f 5573/4/4 5570/4/4 5574/4/4
f 5571/4/4 5572/4/4 5575/4/4
f 5575/4/4 5572/4/4 5576/4/4
f 5577/4/4 5578/4/4 5581/4/4
f 5581/4/4 5578/4/4 5582/4/4
f 5579/4/4 5580/4/4 5583/4/4
f 5583/4/4 5580/4/4 5584/4/4
f 5577/4/4 5581/4/4 5585/4/4
f 5585/4/4 5581/4/4 5586/4/4
f 5582/4/4 5578/4/4 5587/4/4
f 5587/4/4 5578/4/4 5588/4/4
f 5587/2/4 5588/2/4 5591/2/4
f 5591/2/4 5588/2/4 5592/2/4
f 5589/4/4 5590/4/4 5593/4/4
f 5591/4/4 5592/4/4 5594/4/4
f 5579/4/4 5583/4/4 5595/4/4
f 5584/4/4 5580/4/4 5596/4/4
f 5593/4/4 5594/4/4 5597/4/4
f 5589/4/4 5593/4/4 5597/4/4
f 5594/4/4 5592/4/4 5598/4/4
f 5597/4/4 5594/4/4 5598/4/4
f 5595/4/4 5596/4/4 5599/4/4
f 5579/4/4 5595/4/4 5599/4/4
f 5596/4/4 5580/4/4 5600/4/4
f 5599/4/4 5596/4/4 5600/4/4
f 5601/4/4 5602/4/4 5603/4/4
f 5603/4/4 5602/4/4 5604/4/4
f 5605/4/4 5606/4/4 5609/4/4
f 5609/4/4 5606/4/4 5610/4/4
f 5609/2/4 5610/2/4 5611/2/4
f 5610/4/4 5606/4/4 5612/4/4
f 5611/2/4 5610/2/4 5612/2/4
f 5611/4/4 5612/4/4 5613/4/4
f 5612/4/4 5606/4/4 5614/4/4
f 5613/4/4 5612/4/4 5614/4/4
f 5607/4/4 5608/4/4 5615/4/4
f 5615/4/4 5608/4/4 5616/4/4
f 5617/4/4 5618/4/4 5619/4/4
f 5619/4/4 5618/4/4 5620/4/4
f 5621/2/4 5622/2/4 5623/2/4
f 5623/2/4 5622/2/4 5624/2/4
f 5625/4/4 5626/4/4 5627/4/4
f 5627/4/4 5626/4/4 5628/4/4
f 5629/4/4 5630/4/4 5631/4/4
f 5631/4/4 5630/4/4 5632/4/4
f 5633/2/4 5634/2/4 5635/2/4
f 5635/2/4 5634/2/4 5636/2/4
f 5637/4/4 5638/4/4 5639/4/4
f 5639/4/4 5638/4/4 5640/4/4
f 5641/4/4 5642/4/4 5643/4/4
f 5643/4/4 5642/4/4 5644/4/4
f 5644/4/4 5645/4/4 5646/4/4
f 5646/4/4 5645/4/4 5647/4/4
f 5648/4/4 5649/4/4 5650/4/4
f 5650/4/4 5649/4/4 5651/4/4
f 5652/4/4 5653/4/4 5654/4/4
f 5654/4/4 5653/4/4 5655/4/4
f 5656/4/4 5657/4/4 5660/4/4
f 5660/4/4 5657/4/4 5661/4/4
f 5660/2/4 5661/2/4 5662/2/4
f 5662/2/4 5661/2/4 5663/2/4
f 5658/4/4 5659/4/4 5664/4/4
f 5664/4/4 5659/4/4 5665/4/4
f 5666/4/4 5667/4/4 5668/4/4
f 5668/4/4 5667/4/4 5669/4/4
f 5670/4/4 5671/4/4 5672/4/4
f 5672/4/4 5671/4/4 5673/4/4
f 5674/4/4 5675/4/4 5679/4/4
f 5675/4/4 5676/4/4 5679/4/4
f 5679/4/4 5676/4/4 5680/4/4
f 5677/4/4 5678/4/4 5681/4/4
f 5681/4/4 5678/4/4 5682/4/4
f 5674/4/4 5679/4/4 5685/4/4
f 5685/4/4 5679/4/4 5686/4/4
f 5680/4/4 5676/4/4 5687/4/4
f 5687/4/4 5676/4/4 5688/4/4
f 5683/4/4 5684/4/4 5689/4/4
f 5689/4/4 5684/4/4 5690/4/4
f 5691/4/4 5692/4/4 5693/4/4
f 5693/4/4 5692/4/4 5694/4/4
f 5695/4/4 5696/4/4 5697/4/4
f 5697/4/4 5696/4/4 5698/4/4
f 5699/4/4 5700/4/4 5701/4/4
f 5701/4/4 5700/4/4 5702/4/4
f 5703/4/4 5704/4/4 5705/4/4
f 5705/4/4 5704/4/4 5706/4/4
f 5706/4/4 5707/4/4 5708/4/4
f 5708/4/4 5707/4/4 5709/4/4
f 5710/4/4 5711/4/4 5715/4/4
f 5711/4/4 5712/4/4 5715/4/4
f 5715/4/4 5712/4/4 5716/4/4
f 5713/4/4 5714/4/4 5717/4/4
f 5717/4/4 5714/4/4 5718/4/4
f 5718/4/4 5714/4/4 5720/4/4
f 5719/4/4 5720/4/4 5721/4/4
f 5720/4/4 5714/4/4 5722/4/4
f 5721/4/4 5720/4/4 5722/4/4
f 5723/4/4 5724/4/4 5725/4/4
f 5725/4/4 5724/4/4 5726/4/4
f 5727/4/4 5728/4/4 5729/4/4
f 5729/4/4 5728/4/4 5730/4/4
f 5731/4/4 5732/4/4 5733/4/4
f 5733/4/4 5732/4/4 5734/4/4
f 5735/4/4 5736/4/4 5737/4/4
f 5737/4/4 5736/4/4 5738/4/4
f 5739/4/4 5740/4/4 5741/4/4
f 5739/4/4 5741/4/4 5744/4/4
f 5741/4/4 5742/4/4 5744/4/4
f 5743/4/4 5744/4/4 5745/4/4
f 5744/4/4 5742/4/4 5746/4/4
f 5745/4/4 5744/4/4 5746/4/4
f 5746/4/4 5742/4/4 5747/4/4
f 5748/4/4 5749/4/4 5750/4/4
f 5750/4/4 5749/4/4 5751/4/4
f 5752/4/4 5753/4/4 5754/4/4
f 5754/4/4 5753/4/4 5755/4/4
f 5756/4/4 5757/4/4 5760/4/4
f 5760/4/4 5757/4/4 5761/4/4
f 5758/4/4 5759/4/4 5762/4/4
f 5762/4/4 5759/4/4 5763/4/4
f 5763/4/4 5759/4/4 5764/4/4
f 5764/4/4 5759/4/4 5765/4/4
f 5766/4/4 5767/4/4 5768/4/4
f 5768/4/4 5767/4/4 5769/4/4
f 5770/4/4 5771/4/4 5772/4/4
f 5772/4/4 5771/4/4 5773/4/4
f 5774/4/4 5775/4/4 5776/4/4
f 5776/4/4 5775/4/4 5777/4/4
f 5778/4/4 5779/4/4 5780/4/4
f 5780/4/4 5779/4/4 5781/4/4
f 5782/4/4 5783/4/4 5788/4/4
f 5788/4/4 5783/4/4 5789/4/4
f 5784/4/4 5785/4/4 5796/4/4
f 5796/4/4 5785/4/4 5797/4/4
f 5790/2/4 5791/2/4 5799/2/4
f 5794/4/4 5795/4/4 5800/4/4
f 5796/2/4 5797/2/4 5802/2/4
f 5786/4/4 5787/4/4 5803/4/4
f 5803/4/4 5787/4/4 5804/4/4
f 5798/2/4 5799/2/4 5805/2/4
f 5799/2/4 5791/2/4 5806/2/4
f 5805/2/4 5799/2/4 5806/2/4
f 5792/4/4 5793/4/4 5808/4/4
f 5808/4/4 5793/4/4 5809/4/4
f 5800/4/4 5801/4/4 5810/4/4
f 5794/4/4 5800/4/4 5810/4/4
f 5801/2/4 5802/2/4 5811/2/4
f 5810/4/4 5801/4/4 5811/4/4
f 5802/2/4 5797/2/4 5812/2/4
f 5811/2/4 5802/2/4 5812/2/4
f 5812/2/4 5797/2/4 5813/2/4
f 5806/2/4 5807/2/4 5816/2/4
f 5805/2/4 5806/2/4 5816/2/4
f 5804/2/4 5805/2/4 5816/2/4
f 5816/2/4 5807/2/4 5817/2/4
f 5817/2/4 5807/2/4 5818/2/4
f 5808/2/4 5809/2/4 5820/2/4
f 5813/2/4 5814/2/4 5821/2/4
f 5812/2/4 5813/2/4 5821/2/4
f 5814/4/4 5815/4/4 5822/4/4
f 5821/2/4 5814/2/4 5822/2/4
f 5822/4/4 5815/4/4 5823/4/4
f 5819/2/4 5820/2/4 5825/2/4
f 5820/2/4 5809/2/4 5825/2/4
f 5812/2/4 5821/2/4 5828/2/4
f 5828/2/4 5821/2/4 5829/2/4
f 5819/2/4 5825/2/4 5833/2/4
f 5825/2/4 5826/2/4 5833/2/4
f 5833/2/4 5826/2/4 5834/2/4
f 5826/4/4 5827/4/4 5835/4/4
f 5834/2/4 5826/2/4 5835/2/4
f 5835/4/4 5827/4/4 5836/4/4
f 5833/2/4 5834/2/4 5837/2/4
f 5832/2/4 5833/2/4 5837/2/4
f 5837/2/4 5834/2/4 5838/2/4
f 5836/4/4 5827/4/4 5839/4/4
f 5839/4/4 5827/4/4 5840/4/4
f 5828/4/4 5829/4/4 5841/4/4
f 5841/4/4 5829/4/4 5842/4/4
f 5823/4/4 5824/4/4 5843/4/4
f 5843/4/4 5824/4/4 5844/4/4
f 5830/4/4 5831/4/4 5845/4/4
f 5845/4/4 5831/4/4 5846/4/4
f 5849/4/4 5850/4/4 5859/4/4
f 5851/2/4 5852/2/4 5861/2/4
f 5852/4/4 5853/4/4 5862/4/4
f 5861/2/4 5852/2/4 5862/2/4
f 5862/4/4 5853/4/4 5863/4/4
f 5854/2/4 5855/2/4 5867/2/4
f 5855/4/4 5856/4/4 5868/4/4
f 5867/2/4 5855/2/4 5868/2/4
f 5868/4/4 5856/4/4 5869/4/4
f 5857/2/4 5858/2/4 5871/2/4
f 5871/2/4 5858/2/4 5872/2/4
f 5859/4/4 5860/4/4 5874/4/4
f 5849/4/4 5859/4/4 5874/4/4
f 5860/2/4 5861/2/4 5875/2/4
f 5874/4/4 5860/4/4 5875/4/4
f 5861/2/4 5862/2/4 5875/2/4
f 5875/2/4 5862/2/4 5876/2/4
f 5864/4/4 5865/4/4 5877/4/4
f 5865/2/4 5866/2/4 5878/2/4
f 5877/4/4 5865/4/4 5878/4/4
f 5878/2/4 5866/2/4 5879/2/4
f 5854/2/4 5867/2/4 5881/2/4
f 5872/2/4 5873/2/4 5883/2/4
f 5871/2/4 5872/2/4 5883/2/4
f 5870/2/4 5871/2/4 5883/2/4
f 5883/2/4 5873/2/4 5884/2/4
f 5847/4/4 5848/4/4 5885/4/4
f 5885/4/4 5848/4/4 5886/4/4
f 5876/2/4 5862/2/4 5887/2/4
f 5887/2/4 5862/2/4 5888/2/4
f 5880/2/4 5881/2/4 5889/2/4
f 5881/2/4 5867/2/4 5890/2/4
f 5889/2/4 5881/2/4 5890/2/4
f 5890/2/4 5867/2/4 5891/2/4
f 5882/4/4 5883/4/4 5892/4/4
f 5883/2/4 5884/2/4 5893/2/4
f 5892/4/4 5883/4/4 5893/4/4
f 5893/2/4 5884/2/4 5894/2/4
f 5885/2/4 5886/2/4 5896/2/4
f 5896/2/4 5886/2/4 5897/2/4
f 5895/2/4 5896/2/4 5905/2/4
f 5896/2/4 5897/2/4 5905/2/4
f 5897/2/4 5898/2/4 5905/2/4
f 5905/2/4 5898/2/4 5906/2/4
f 5898/4/4 5899/4/4 5907/4/4
f 5906/2/4 5898/2/4 5907/2/4
f 5907/4/4 5899/4/4 5908/4/4
f 5900/2/4 5901/2/4 5910/2/4
f 5902/4/4 5903/4/4 5911/4/4
f 5911/4/4 5903/4/4 5912/4/4
f 5905/2/4 5906/2/4 5915/2/4
f 5904/2/4 5905/2/4 5915/2/4
f 5915/2/4 5906/2/4 5916/2/4
f 5908/4/4 5899/4/4 5917/4/4
f 5917/4/4 5899/4/4 5918/4/4
f 5887/4/4 5888/4/4 5919/4/4
f 5919/4/4 5888/4/4 5920/4/4
f 5889/4/4 5890/4/4 5921/4/4
f 5921/4/4 5890/4/4 5922/4/4
f 5909/2/4 5910/2/4 5923/2/4
f 5910/2/4 5901/2/4 5924/2/4
f 5923/2/4 5910/2/4 5924/2/4
f 5913/4/4 5914/4/4 5925/4/4
f 5925/4/4 5914/4/4 5926/4/4
f 5927/4/4 5928/4/4 5937/4/4
f 5937/4/4 5928/4/4 5938/4/4
f 5929/4/4 5930/4/4 5945/4/4
f 5945/4/4 5930/4/4 5946/4/4
f 5931/4/4 5932/4/4 5947/4/4
f 5947/4/4 5932/4/4 5948/4/4
f 5933/4/4 5934/4/4 5949/4/4
f 5949/4/4 5934/4/4 5950/4/4
f 5935/4/4 5936/4/4 5951/4/4
f 5951/4/4 5936/4/4 5952/4/4
f 5953/4/4 5954/4/4 5961/4/4
f 5961/4/4 5954/4/4 5962/4/4
f 5957/4/4 5958/4/4 5963/4/4
f 5963/4/4 5958/4/4 5964/4/4
f 5959/4/4 5960/4/4 5965/4/4
f 5965/4/4 5960/4/4 5966/4/4
f 5939/4/4 5940/4/4 5967/4/4
f 5967/4/4 5940/4/4 5968/4/4
f 5941/4/4 5942/4/4 5969/4/4
f 5969/4/4 5942/4/4 5970/4/4
f 5943/4/4 5944/4/4 5971/4/4
f 5971/4/4 5944/4/4 5972/4/4
f 5955/4/4 5956/4/4 5977/4/4
f 5977/4/4 5956/4/4 5978/4/4
f 5973/4/4 5974/4/4 5979/4/4
f 5974/2/4 5975/2/4 5980/2/4
f 5979/4/4 5974/4/4 5980/4/4
f 5980/2/4 5975/2/4 5981/2/4
f 5975/4/4 5976/4/4 5982/4/4
f 5981/2/4 5975/2/4 5982/2/4
f 5982/4/4 5976/4/4 5983/4/4
f 5980/2/4 5981/2/4 5986/2/4
f 5986/2/4 5981/2/4 5987/2/4
f 5984/4/4 5985/4/4 5990/4/4
f 5990/4/4 5985/4/4 5991/4/4
f 5992/4/4 5993/4/4 5998/4/4
f 5994/4/4 5995/4/4 6000/4/4
f 6000/4/4 5995/4/4 6001/4/4
f 5986/4/4 5987/4/4 6002/4/4
f 6002/4/4 5987/4/4 6003/4/4
f 5988/4/4 5989/4/4 6004/4/4
f 6004/4/4 5989/4/4 6005/4/4
f 5998/4/4 5999/4/4 6007/4/4
f 5992/4/4 5998/4/4 6007/4/4
f 6007/4/4 5999/4/4 6008/4/4
f 6004/2/4 6005/2/4 6013/2/4
f 6005/4/4 6006/4/4 6014/4/4
f 6013/2/4 6005/2/4 6014/2/4
f 6014/4/4 6006/4/4 6015/4/4
f 5996/4/4 5997/4/4 6016/4/4
f 6016/4/4 5997/4/4 6017/4/4
f 6009/4/4 6010/4/4 6020/4/4
f 6020/4/4 6010/4/4 6021/4/4
f 6018/4/4 6019/4/4 6026/4/4
f 6026/4/4 6019/4/4 6027/4/4
f 6024/4/4 6025/4/4 6028/4/4
f 6028/4/4 6025/4/4 6029/4/4
f 6022/4/4 6023/4/4 6032/4/4
f 6032/4/4 6023/4/4 6033/4/4
f 6029/4/4 6025/4/4 6034/4/4
f 6034/4/4 6025/4/4 6035/4/4
f 6030/4/4 6031/4/4 6038/4/4
f 6038/4/4 6031/4/4 6039/4/4
f 6011/4/4 6012/4/4 6040/4/4
f 6040/4/4 6012/4/4 6041/4/4
f 6036/4/4 6037/4/4 6044/4/4
f 6044/4/4 6037/4/4 6045/4/4
f 6046/4/4 6047/4/4 6051/4/4
f 6047/2/4 6048/2/4 6052/2/4
f 6051/4/4 6047/4/4 6052/4/4
f 6052/2/4 6048/2/4 6053/2/4
f 6052/4/4 6053/4/4 6056/4/4
f 6056/4/4 6053/4/4 6057/4/4
f 6042/4/4 6043/4/4 6058/4/4
f 6058/4/4 6043/4/4 6059/4/4
f 6054/2/4 6055/2/4 6060/2/4
f 6060/2/4 6055/2/4 6061/2/4
f 6060/4/4 6061/4/4 6066/4/4
f 6066/4/4 6061/4/4 6067/4/4
f 6049/4/4 6050/4/4 6068/4/4
f 6068/4/4 6050/4/4 6069/4/4
f 6062/4/4 6063/4/4 6070/4/4
f 6063/2/4 6064/2/4 6071/2/4
f 6070/4/4 6063/4/4 6071/4/4
f 6071/2/4 6064/2/4 6072/2/4
f 6064/4/4 6065/4/4 6073/4/4
f 6072/2/4 6064/2/4 6073/2/4
f 6073/4/4 6065/4/4 6074/4/4
f 6075/4/4 6076/4/4 6079/4/4
f 6079/4/4 6076/4/4 6080/4/4
f 6071/2/4 6072/2/4 6081/2/4
f 6081/2/4 6072/2/4 6082/2/4
f 6081/4/4 6082/4/4 6083/4/4
f 6083/4/4 6082/4/4 6084/4/4
f 6077/4/4 6078/4/4 6085/4/4
f 6085/4/4 6078/4/4 6086/4/4
f 6087/4/4 6088/4/4 6089/4/4
f 6089/4/4 6088/4/4 6090/4/4
f 6091/4/4 6092/4/4 6095/4/4
f 6095/4/4 6092/4/4 6096/4/4
f 6093/4/4 6094/4/4 6097/4/4
f 6097/4/4 6094/4/4 6098/4/4
f 6103/4/4 6104/4/4 6105/4/4
f 6105/4/4 6104/4/4 6106/4/4
f 6093/4/4 6097/4/4 6107/4/4
f 6098/4/4 6094/4/4 6108/4/4
f 6099/4/4 6100/4/4 6109/4/4
f 6109/4/4 6100/4/4 6110/4/4
f 6101/4/4 6102/4/4 6111/4/4
f 6111/4/4 6102/4/4 6112/4/4
f 6106/4/4 6104/4/4 6113/4/4
f 6107/4/4 6108/4/4 6115/4/4
f 6093/4/4 6107/4/4 6115/4/4
f 6108/4/4 6094/4/4 6116/4/4
f 6115/4/4 6108/4/4 6116/4/4
f 6103/4/4 6105/4/4 6120/4/4
f 6113/4/4 6114/4/4 6121/4/4
f 6106/4/4 6113/4/4 6121/4/4
f 6121/4/4 6114/4/4 6122/4/4
f 6122/4/4 6114/4/4 6123/4/4
f 6116/4/4 6117/4/4 6124/4/4
f 6124/4/4 6117/4/4 6125/4/4
f 6118/4/4 6119/4/4 6127/4/4
f 6127/4/4 6119/4/4 6128/4/4
f 6103/4/4 6120/4/4 6131/4/4
f 6120/4/4 6121/4/4 6131/4/4
f 6121/4/4 6122/4/4 6131/4/4
f 6131/4/4 6122/4/4 6132/4/4
f 6125/4/4 6126/4/4 6133/4/4
f 6133/4/4 6126/4/4 6134/4/4
f 6129/4/4 6130/4/4 6135/4/4
f 6135/4/4 6130/4/4 6136/4/4
f 6132/4/4 6122/4/4 6145/4/4
f 6123/4/4 6114/4/4 6146/4/4
f 6116/4/4 6124/4/4 6147/4/4
f 6147/4/4 6124/4/4 6148/4/4
f 6137/4/4 6138/4/4 6150/4/4
f 6143/4/4 6144/4/4 6151/4/4
f 6151/4/4 6144/4/4 6152/4/4
f 6132/4/4 6145/4/4 6153/4/4
f 6145/4/4 6146/4/4 6153/4/4
f 6146/4/4 6114/4/4 6154/4/4
f 6153/4/4 6146/4/4 6154/4/4
f 6149/4/4 6150/4/4 6157/4/4
f 6150/4/4 6138/4/4 6158/4/4
f 6157/4/4 6150/4/4 6158/4/4
f 6155/4/4 6156/4/4 6160/4/4
f 6139/4/4 6140/4/4 6161/4/4
f 6161/4/4 6140/4/4 6162/4/4
f 6141/4/4 6142/4/4 6163/4/4
f 6163/4/4 6142/4/4 6164/4/4
f 6152/4/4 6144/4/4 6165/4/4
f 6159/4/4 6160/4/4 6169/4/4
f 6160/4/4 6156/4/4 6170/4/4
f 6169/4/4 6160/4/4 6170/4/4
f 6170/4/4 6156/4/4 6171/4/4
f 6143/4/4 6151/4/4 6174/4/4
f 6152/4/4 6165/4/4 6175/4/4
f 6165/4/4 6166/4/4 6175/4/4
f 6175/4/4 6166/4/4 6176/4/4
f 6176/4/4 6166/4/4 6177/4/4
f 6167/4/4 6168/4/4 6178/4/4
f 6178/4/4 6168/4/4 6179/4/4
f 6172/4/4 6173/4/4 6184/4/4
f 6184/4/4 6173/4/4 6185/4/4
f 6143/4/4 6174/4/4 6186/4/4
f 6174/4/4 6175/4/4 6186/4/4
f 6175/4/4 6176/4/4 6186/4/4
f 6186/4/4 6176/4/4 6187/4/4
f 6182/4/4 6183/4/4 6188/4/4
f 6188/4/4 6183/4/4 6189/4/4
f 6187/4/4 6176/4/4 6191/4/4
f 6191/4/4 6176/4/4 6192/4/4
f 6177/4/4 6166/4/4 6194/4/4
f 6194/4/4 6166/4/4 6195/4/4
f 6180/4/4 6181/4/4 6196/4/4
f 6196/4/4 6181/4/4 6197/4/4
f 6182/4/4 6188/4/4 6198/4/4
f 6198/4/4 6188/4/4 6199/4/4
f 6192/2/4 6193/2/4 6200/2/4
f 6190/2/4 6191/2/4 6200/2/4
f 6191/2/4 6192/2/4 6200/2/4
f 6200/2/4 6193/2/4 6201/2/4
f 6196/2/4 6197/2/4 6202/2/4
f 6198/2/4 6199/2/4 6202/2/4
f 6197/2/4 6198/2/4 6202/2/4
f 6202/2/4 6199/2/4 6203/2/4
f 6206/2/4 6207/2/4 6212/2/4
f 6212/2/4 6207/2/4 6213/2/4
f 6213/2/4 6207/2/4 6214/2/4
f 6214/2/4 6207/2/4 6215/2/4
f 6215/2/4 6207/2/4 6216/2/4
f 6208/2/4 6209/2/4 6217/2/4
f 6217/2/4 6209/2/4 6218/2/4
f 6218/2/4 6209/2/4 6219/2/4
f 6219/2/4 6209/2/4 6220/2/4
f 6210/2/4 6211/2/4 6221/2/4
f 6221/2/4 6211/2/4 6222/2/4
f 6222/2/4 6211/2/4 6223/2/4
f 6204/4/4 6205/4/4 6225/4/4
f 6213/4/4 6214/4/4 6226/4/4
f 6226/4/4 6214/4/4 6227/4/4
f 6215/4/4 6216/4/4 6228/4/4
f 6217/4/4 6218/4/4 6229/4/4
f 6219/4/4 6220/4/4 6230/4/4
f 6221/4/4 6222/4/4 6232/4/4
f 6232/4/4 6222/4/4 6233/4/4
f 6224/4/4 6225/4/4 6234/4/4
f 6234/4/4 6225/4/4 6235/4/4
f 6225/4/4 6205/4/4 6236/4/4
f 6235/4/4 6225/4/4 6236/4/4
f 6228/4/4 6229/4/4 6237/4/4
f 6215/4/4 6228/4/4 6237/4/4
f 6229/4/4 6218/4/4 6238/4/4
f 6237/4/4 6229/4/4 6238/4/4
f 6230/4/4 6231/4/4 6239/4/4
f 6219/4/4 6230/4/4 6239/4/4
f 6239/4/4 6231/4/4 6240/4/4
f 6240/4/4 6231/4/4 6241/4/4
f 6238/4/4 6218/4/4 6242/4/4
f 6242/4/4 6218/4/4 6243/4/4
f 6213/4/4 6226/4/4 6246/4/4
f 6227/4/4 6214/4/4 6247/4/4
f 6213/4/4 6246/4/4 6248/4/4
f 6246/4/4 6247/4/4 6248/4/4
f 6247/4/4 6214/4/4 6249/4/4
f 6248/4/4 6247/4/4 6249/4/4
f 6215/4/4 6237/4/4 6250/4/4
f 6250/4/4 6251/4/4 6254/4/4
f 6215/4/4 6250/4/4 6254/4/4
f 6254/4/4 6251/4/4 6255/4/4
f 6244/4/4 6245/4/4 6257/4/4
f 6257/4/4 6245/4/4 6258/4/4
f 6252/4/4 6253/4/4 6259/4/4
f 6259/4/4 6253/4/4 6260/4/4
f 6256/4/4 6257/4/4 6261/4/4
f 6261/4/4 6257/4/4 6262/4/4
f 6256/4/4 6261/4/4 6267/4/4
f 6267/4/4 6261/4/4 6268/4/4
f 6265/4/4 6266/4/4 6269/4/4
f 6252/4/4 6259/4/4 6273/4/4
f 6260/4/4 6253/4/4 6274/4/4
f 6263/4/4 6264/4/4 6277/4/4
f 6269/4/4 6270/4/4 6279/4/4
f 6265/4/4 6269/4/4 6279/4/4
f 6279/4/4 6270/4/4 6280/4/4
f 6271/4/4 6272/4/4 6281/4/4
f 6281/4/4 6272/4/4 6282/4/4
f 6252/4/4 6273/4/4 6283/4/4
f 6273/4/4 6274/4/4 6283/4/4
f 6283/4/4 6274/4/4 6284/4/4
f 6274/4/4 6253/4/4 6285/4/4
f 6284/4/4 6274/4/4 6285/4/4
f 6275/4/4 6276/4/4 6287/4/4
f 6277/4/4 6278/4/4 6288/4/4
f 6263/4/4 6277/4/4 6288/4/4
f 6288/4/4 6278/4/4 6289/4/4
f 6285/4/4 6286/4/4 6292/4/4
f 6284/4/4 6285/4/4 6292/4/4
f 6292/4/4 6286/4/4 6293/4/4
f 6287/4/4 6288/4/4 6294/4/4
f 6275/4/4 6287/4/4 6294/4/4
f 6294/4/4 6288/4/4 6295/4/4
f 6295/4/4 6288/4/4 6296/4/4
f 6296/4/4 6288/4/4 6297/4/4
f 6293/4/4 6286/4/4 6300/4/4
f 6298/4/4 6299/4/4 6302/4/4
f 6302/4/4 6299/4/4 6303/4/4
f 6290/4/4 6291/4/4 6304/4/4
f 6304/4/4 6291/4/4 6305/4/4
f 6284/4/4 6292/4/4 6308/4/4
f 6300/4/4 6301/4/4 6310/4/4
f 6293/4/4 6300/4/4 6310/4/4
f 6310/4/4 6301/4/4 6311/4/4
f 6308/4/4 6309/4/4 6316/4/4
f 6284/4/4 6308/4/4 6316/4/4
f 6316/4/4 6309/4/4 6317/4/4
f 6312/4/4 6313/4/4 6319/4/4
f 6319/4/4 6313/4/4 6320/4/4
f 6314/4/4 6315/4/4 6321/4/4
f 6321/4/4 6315/4/4 6322/4/4
f 6318/4/4 6319/4/4 6323/4/4
f 6306/4/4 6307/4/4 6324/4/4
f 6324/4/4 6307/4/4 6325/4/4
f 6317/4/4 6309/4/4 6326/4/4
f 6311/4/4 6301/4/4 6327/4/4
f 6326/4/4 6327/4/4 6328/4/4
f 6317/4/4 6326/4/4 6328/4/4
f 6327/4/4 6301/4/4 6329/4/4
f 6328/4/4 6327/4/4 6329/4/4
f 6323/4/4 6319/4/4 6330/4/4
f 6320/4/4 6313/4/4 6331/4/4
f 6323/4/4 6330/4/4 6334/4/4
f 6330/4/4 6331/4/4 6334/4/4
f 6331/4/4 6313/4/4 6335/4/4
f 6334/4/4 6331/4/4 6335/4/4
f 6332/4/4 6333/4/4 6336/4/4
f 6336/4/4 6333/4/4 6337/4/4
f 6332/4/4 6336/4/4 6338/4/4
f 6337/4/4 6333/4/4 6339/4/4
f 6332/4/4 6338/4/4 6340/4/4
f 6338/4/4 6339/4/4 6340/4/4
f 6339/4/4 6333/4/4 6341/4/4
f 6340/4/4 6339/4/4 6341/4/4
f 6342/4/4 6343/4/4 6346/4/4
f 6346/4/4 6343/4/4 6347/4/4
f 6344/4/4 6345/4/4 6352/4/4
f 6352/4/4 6345/4/4 6353/4/4
f 6342/4/4 6346/4/4 6354/4/4
f 6354/4/4 6346/4/4 6355/4/4
f 6348/4/4 6349/4/4 6356/4/4
f 6355/4/4 6356/4/4 6359/4/4
f 6356/4/4 6349/4/4 6360/4/4
f 6359/4/4 6356/4/4 6360/4/4
f 6357/4/4 6358/4/4 6361/4/4
f 6361/4/4 6358/4/4 6362/4/4
f 6350/4/4 6351/4/4 6363/4/4
f 6363/4/4 6351/4/4 6364/4/4
f 6367/4/4 6368/4/4 6369/4/4
f 6369/4/4 6368/4/4 6370/4/4
f 6367/4/4 6369/4/4 6373/4/4
f 6373/4/4 6369/4/4 6374/4/4
f 6370/4/4 6368/4/4 6375/4/4
f 6375/4/4 6368/4/4 6376/4/4
f 6371/4/4 6372/4/4 6377/4/4
f 6377/4/4 6372/4/4 6378/4/4
f 6365/4/4 6366/4/4 6379/4/4
f 6379/4/4 6366/4/4 6380/4/4
f 6382/4/4 6383/4/4 6386/4/4
f 6381/4/4 6382/4/4 6386/4/4
f 6386/4/4 6383/4/4 6387/4/4
f 6371/4/4 6377/4/4 6388/4/4
f 6378/4/4 6372/4/4 6389/4/4
f 6371/4/4 6388/4/4 6394/4/4
f 6388/4/4 6389/4/4 6394/4/4
f 6389/4/4 6372/4/4 6395/4/4
f 6394/4/4 6389/4/4 6395/4/4
f 6390/1/4 6391/1/4 6396/1/4
f 6396/1/4 6391/1/4 6397/1/4
f 6384/4/4 6385/4/4 6398/4/4
f 6398/4/4 6385/4/4 6399/4/4
f 6392/4/4 6393/4/4 6402/4/4
f 6402/4/4 6393/4/4 6403/4/4
f 6403/4/4 6393/4/4 6404/4/4
f 6405/4/4 6406/4/4 6409/4/4
f 6409/4/4 6406/4/4 6410/4/4
f 6407/4/4 6408/4/4 6411/4/4
f 6411/4/4 6408/4/4 6412/4/4
f 6400/4/4 6401/4/4 6413/4/4
f 6413/4/4 6401/4/4 6414/4/4
f 6414/4/4 6401/4/4 6415/4/4
f 6407/4/4 6411/4/4 6417/4/4
f 6417/4/4 6411/4/4 6418/4/4
f 6415/4/4 6416/4/4 6421/4/4
f 6414/4/4 6415/4/4 6421/4/4
f 6421/4/4 6416/4/4 6422/4/4
f 6422/4/4 6416/4/4 6423/4/4
f 6407/4/4 6417/4/4 6425/4/4
f 6425/4/4 6417/4/4 6426/4/4
f 6419/2/4 6420/2/4 6427/2/4
f 6427/2/4 6420/2/4 6428/2/4
f 6422/2/4 6423/2/4 6429/2/4
f 6429/2/4 6423/2/4 6430/2/4
f 6425/2/4 6426/2/4 6431/2/4
f 6424/2/4 6425/2/4 6431/2/4
f 6431/2/4 6426/2/4 6432/2/4
f 6433/2/4 6434/2/4 6441/2/4
f 6441/2/4 6434/2/4 6442/2/4
f 6435/2/4 6436/2/4 6443/2/4
f 6443/2/4 6436/2/4 6444/2/4
f 6437/2/4 6438/2/4 6446/2/4
f 6446/2/4 6438/2/4 6447/2/4
f 6447/2/4 6438/2/4 6448/2/4
f 6439/2/4 6440/2/4 6449/2/4
f 6449/2/4 6440/2/4 6450/2/4
f 6450/2/4 6440/2/4 6451/2/4
f 6451/2/4 6440/2/4 6452/2/4
f 6441/4/4 6442/4/4 6453/4/4
f 6453/4/4 6442/4/4 6454/4/4
f 6445/4/4 6446/4/4 6457/4/4
f 6446/4/4 6447/4/4 6457/4/4
f 6457/4/4 6447/4/4 6458/4/4
f 6450/4/4 6451/4/4 6459/4/4
f 6459/4/4 6451/4/4 6460/4/4
f 6460/4/4 6451/4/4 6461/4/4
f 6461/4/4 6462/4/4 6465/4/4
f 6460/4/4 6461/4/4 6465/4/4
f 6465/4/4 6462/4/4 6466/4/4
f 6463/4/4 6464/4/4 6467/4/4
f 6455/4/4 6456/4/4 6471/4/4
f 6471/4/4 6456/4/4 6472/4/4
f 6463/4/4 6467/4/4 6473/4/4
f 6467/4/4 6468/4/4 6473/4/4
f 6473/4/4 6468/4/4 6474/4/4
f 6463/4/4 6473/4/4 6475/4/4
f 6475/4/4 6473/4/4 6476/4/4
f 6469/4/4 6470/4/4 6481/4/4
f 6481/4/4 6470/4/4 6482/4/4
f 6479/4/4 6480/4/4 6483/4/4
f 6483/4/4 6484/4/4 6488/4/4
f 6479/4/4 6483/4/4 6488/4/4
f 6488/4/4 6484/4/4 6489/4/4
f 6476/4/4 6473/4/4 6490/4/4
f 6490/4/4 6473/4/4 6491/4/4
f 6477/4/4 6478/4/4 6492/4/4
f 6492/4/4 6478/4/4 6493/4/4
f 6487/4/4 6488/4/4 6494/4/4
f 6494/4/4 6488/4/4 6495/4/4
f 6495/4/4 6488/4/4 6502/4/4
f 6502/4/4 6488/4/4 6503/4/4
f 6485/4/4 6486/4/4 6504/4/4
f 6504/4/4 6486/4/4 6505/4/4
f 6500/4/4 6501/4/4 6506/4/4
f 6506/4/4 6501/4/4 6507/4/4
f 6496/4/4 6497/4/4 6508/4/4
f 6507/4/4 6501/4/4 6510/4/4
f 6510/4/4 6501/4/4 6511/4/4
f 6503/4/4 6488/4/4 6513/4/4
f 6513/4/4 6488/4/4 6514/4/4
f 6508/4/4 6509/4/4 6515/4/4
f 6496/4/4 6508/4/4 6515/4/4
f 6515/4/4 6509/4/4 6516/4/4
f 6511/4/4 6512/4/4 6519/4/4
f 6519/4/4 6512/4/4 6520/4/4
f 6521/4/4 6522/4/4 6523/4/4
f 6523/4/4 6522/4/4 6524/4/4
f 6498/4/4 6499/4/4 6525/4/4
f 6525/4/4 6499/4/4 6526/4/4
f 6524/4/4 6522/4/4 6529/4/4
f 6516/4/4 6509/4/4 6530/4/4
f 6527/4/4 6528/4/4 6531/4/4
f 6531/4/4 6528/4/4 6532/4/4
f 6517/4/4 6518/4/4 6533/4/4
f 6533/4/4 6518/4/4 6534/4/4
f 6534/4/4 6518/4/4 6535/4/4
f 6524/4/4 6529/4/4 6537/4/4
f 6529/4/4 6530/4/4 6537/4/4
f 6530/4/4 6509/4/4 6538/4/4
f 6537/4/4 6530/4/4 6538/4/4
f 6535/4/4 6536/4/4 6543/4/4
f 6534/4/4 6535/4/4 6543/4/4
f 6543/4/4 6536/4/4 6544/4/4
f 6541/4/4 6542/4/4 6546/4/4
f 6546/4/4 6542/4/4 6547/4/4
f 6539/4/4 6540/4/4 6548/4/4
f 6548/4/4 6540/4/4 6549/4/4
f 6545/4/4 6546/4/4 6550/4/4
f 6550/4/4 6546/4/4 6551/4/4
f 6552/4/4 6553/4/4 6554/4/4
f 6554/4/4 6553/4/4 6555/4/4
f 6556/4/4 6557/4/4 6560/4/4
f 6558/4/4 6559/4/4 6561/4/4
f 6561/4/4 6559/4/4 6562/4/4
f 6560/4/4 6557/4/4 6563/4/4
f 6563/4/4 6557/4/4 6564/4/4
f 6558/4/4 6561/4/4 6565/4/4
f 6565/4/4 6561/4/4 6566/4/4
f 6566/4/4 6567/4/4 6570/4/4
f 6570/4/4 6567/4/4 6571/4/4
f 6568/4/4 6569/4/4 6572/4/4
f 6572/4/4 6569/4/4 6573/4/4
f 6574/4/4 6575/4/4 6577/4/4
f 6576/4/4 6577/4/4 6580/4/4
f 6577/4/4 6575/4/4 6581/4/4
f 6580/4/4 6577/4/4 6581/4/4
f 6578/4/4 6579/4/4 6582/4/4
f 6582/4/4 6579/4/4 6583/4/4
f 6584/1/4 6585/1/4 6590/1/4
f 6590/1/4 6585/1/4 6591/1/4
f 6586/4/4 6587/4/4 6592/4/4
f 6592/4/4 6587/4/4 6593/4/4
f 6588/4/4 6589/4/4 6594/4/4
f 6594/4/4 6589/4/4 6595/4/4
f 6595/4/4 6589/4/4 6596/4/4
f 6597/4/4 6598/4/4 6601/4/4
f 6601/4/4 6598/4/4 6602/4/4
f 6603/4/4 6604/4/4 6609/4/4
f 6609/4/4 6604/4/4 6610/4/4
f 6605/4/4 6606/4/4 6611/4/4
f 6611/4/4 6606/4/4 6612/4/4
f 6599/4/4 6600/4/4 6613/4/4
f 6613/4/4 6600/4/4 6614/4/4
f 6607/2/4 6608/2/4 6616/2/4
f 6616/2/4 6608/2/4 6617/2/4
f 6611/2/4 6612/2/4 6619/2/4
f 6610/2/4 6611/2/4 6619/2/4
f 6609/2/4 6610/2/4 6619/2/4
f 6619/2/4 6612/2/4 6620/2/4
f 6620/2/4 6612/2/4 6621/2/4
f 6614/2/4 6615/2/4 6622/2/4
f 6607/2/4 6616/2/4 6624/2/4
f 6624/2/4 6616/2/4 6625/2/4
f 6619/2/4 6620/2/4 6627/2/4
f 6618/2/4 6619/2/4 6627/2/4
f 6627/2/4 6620/2/4 6628/2/4
f 6622/2/4 6623/2/4 6630/2/4
f 6607/2/4 6624/2/4 6632/2/4
f 6632/2/4 6624/2/4 6633/2/4
f 6628/2/4 6629/2/4 6635/2/4
f 6626/2/4 6627/2/4 6635/2/4
f 6627/2/4 6628/2/4 6635/2/4
f 6630/2/4 6631/2/4 6636/2/4
f 6622/2/4 6630/2/4 6636/2/4
f 6636/2/4 6631/2/4 6637/2/4
f 6607/2/4 6632/2/4 6638/2/4
f 6638/2/4 6632/2/4 6639/2/4
f 6639/2/4 6632/2/4 6640/2/4
f 6634/2/4 6635/2/4 6642/2/4
f 6635/2/4 6629/2/4 6643/2/4
f 6642/2/4 6635/2/4 6643/2/4
f 6643/2/4 6629/2/4 6644/2/4
f 6644/2/4 6629/2/4 6645/2/4
f 6614/2/4 6622/2/4 6646/2/4
f 6622/2/4 6636/2/4 6646/2/4
f 6646/2/4 6636/2/4 6647/2/4
f 6640/4/4 6641/4/4 6648/4/4
f 6639/4/4 6640/4/4 6648/4/4
f 6648/4/4 6641/4/4 6649/4/4
f 6643/2/4 6644/2/4 6650/2/4
f 6650/2/4 6644/2/4 6651/2/4
f 6652/4/4 6653/4/4 6655/4/4
f 6654/4/4 6655/4/4 6658/4/4
f 6655/4/4 6653/4/4 6659/4/4
f 6658/4/4 6655/4/4 6659/4/4
f 6656/4/4 6657/4/4 6662/4/4
f 6662/4/4 6657/4/4 6663/4/4
f 6660/4/4 6661/4/4 6664/4/4
f 6664/4/4 6661/4/4 6665/4/4
f 6659/4/4 6653/4/4 6666/4/4
f 6654/4/4 6658/4/4 6671/4/4
f 6659/4/4 6666/4/4 6672/4/4
f 6667/4/4 6668/4/4 6673/4/4
f 6673/4/4 6668/4/4 6674/4/4
f 6669/1/4 6670/1/4 6675/1/4
f 6675/1/4 6670/1/4 6676/1/4
f 6671/4/4 6672/4/4 6677/4/4
f 6654/4/4 6671/4/4 6677/4/4
f 6672/4/4 6666/4/4 6678/4/4
f 6677/4/4 6672/4/4 6678/4/4
f 6660/4/4 6664/4/4 6680/4/4
f 6665/4/4 6661/4/4 6681/4/4
f 6678/4/4 6679/4/4 6682/4/4
f 6682/4/4 6679/4/4 6683/4/4
f 6680/4/4 6681/4/4 6684/4/4
f 6660/4/4 6680/4/4 6684/4/4
f 6681/4/4 6661/4/4 6685/4/4
f 6684/4/4 6681/4/4 6685/4/4
f 6678/4/4 6682/4/4 6688/4/4
f 6683/4/4 6679/4/4 6689/4/4
f 6689/4/4 6679/4/4 6690/4/4
f 6686/4/4 6687/4/4 6692/4/4
f 6692/4/4 6687/4/4 6693/4/4
f 6678/4/4 6688/4/4 6694/4/4
f 6689/4/4 6690/4/4 6694/4/4
f 6690/4/4 6691/4/4 6694/4/4
f 6688/4/4 6689/4/4 6694/4/4
f 6694/4/4 6691/4/4 6695/4/4
f 6695/4/4 6691/4/4 6702/4/4
f 6702/4/4 6691/4/4 6703/4/4
f 6700/4/4 6701/4/4 6704/4/4
f 6704/4/4 6701/4/4 6705/4/4
f 6696/4/4 6697/4/4 6706/4/4
f 6706/4/4 6697/4/4 6707/4/4
f 6698/4/4 6699/4/4 6708/4/4
f 6708/4/4 6699/4/4 6709/4/4
f 6710/4/4 6711/4/4 6712/4/4
f 6712/4/4 6711/4/4 6713/4/4
f 6714/4/4 6715/4/4 6716/4/4
f 6716/4/4 6715/4/4 6717/4/4
f 6718/4/4 6719/4/4 6721/4/4
f 6720/4/4 6721/4/4 6723/4/4
f 6721/4/4 6719/4/4 6724/4/4
f 6723/4/4 6721/4/4 6724/4/4
f 6722/4/4 6723/4/4 6725/4/4
f 6725/4/4 6723/4/4 6726/4/4
f 6727/4/4 6728/4/4 6729/4/4
f 6729/4/4 6728/4/4 6730/4/4
f 6731/4/4 6732/4/4 6737/4/4
f 6737/4/4 6732/4/4 6738/4/4
f 6733/1/4 6734/1/4 6742/1/4
f 6742/1/4 6734/1/4 6743/1/4
f 6735/4/4 6736/4/4 6744/4/4
f 6744/4/4 6736/4/4 6745/4/4
f 6740/4/4 6741/4/4 6746/4/4
f 6746/4/4 6741/4/4 6747/4/4
f 6748/4/4 6749/4/4 6755/4/4
f 6755/4/4 6749/4/4 6756/4/4
f 6750/4/4 6751/4/4 6757/4/4
f 6751/4/4 6752/4/4 6757/4/4
f 6757/4/4 6752/4/4 6758/4/4
f 6738/4/4 6739/4/4 6759/4/4
f 6759/4/4 6739/4/4 6760/4/4
f 6763/4/4 6764/4/4 6766/4/4
f 6766/4/4 6764/4/4 6767/4/4
f 6767/4/4 6764/4/4 6768/4/4
f 6758/4/4 6752/4/4 6770/4/4
f 6770/4/4 6752/4/4 6771/4/4
f 6753/4/4 6754/4/4 6772/4/4
f 6772/4/4 6754/4/4 6773/4/4
f 6765/4/4 6766/4/4 6775/4/4
f 6766/4/4 6767/4/4 6775/4/4
f 6775/4/4 6767/4/4 6776/4/4
f 6776/4/4 6767/4/4 6777/4/4
f 6769/2/4 6770/2/4 6778/2/4
f 6778/2/4 6770/2/4 6779/2/4
f 6761/4/4 6762/4/4 6780/4/4
f 6780/4/4 6762/4/4 6781/4/4
f 6774/4/4 6775/4/4 6783/4/4
f 6775/4/4 6776/4/4 6783/4/4
f 6783/4/4 6776/4/4 6784/4/4
f 6784/4/4 6776/4/4 6785/4/4
f 6782/4/4 6783/4/4 6788/4/4
f 6783/4/4 6784/4/4 6788/4/4
f 6788/4/4 6784/4/4 6789/4/4
f 6786/4/4 6787/4/4 6790/4/4
f 6790/4/4 6787/4/4 6791/4/4
f 6792/4/4 6793/4/4 6798/4/4
f 6794/4/4 6795/4/4 6799/4/4
f 6792/4/4 6798/4/4 6804/4/4
f 6798/4/4 6799/4/4 6804/4/4
f 6799/4/4 6795/4/4 6805/4/4
f 6804/4/4 6799/4/4 6805/4/4
f 6800/1/4 6801/1/4 6806/1/4
f 6806/1/4 6801/1/4 6807/1/4
f 6796/4/4 6797/4/4 6808/4/4
f 6808/4/4 6797/4/4 6809/4/4
f 6802/4/4 6803/4/4 6810/4/4
f 6810/4/4 6803/4/4 6811/4/4
f 6812/4/4 6813/4/4 6814/4/4
f 6814/4/4 6813/4/4 6815/4/4
f 6816/4/4 6817/4/4 6818/4/4
f 6818/4/4 6817/4/4 6819/4/4
f 6820/4/4 6821/4/4 6822/4/4
f 6822/4/4 6821/4/4 6823/4/4
f 6816/4/4 6818/4/4 6824/4/4
f 6819/4/4 6817/4/4 6825/4/4
f 6816/4/4 6824/4/4 6826/4/4
f 6824/4/4 6825/4/4 6826/4/4
f 6825/4/4 6817/4/4 6827/4/4
f 6826/4/4 6825/4/4 6827/4/4
f 6828/4/4 6829/4/4 6830/4/4
f 6830/4/4 6829/4/4 6831/4/4
f 6832/4/4 6833/4/4 6834/4/4
f 6834/4/4 6833/4/4 6835/4/4
f 6836/4/4 6837/4/4 6841/4/4
f 6841/4/4 6837/4/4 6842/4/4
f 6840/4/4 6841/4/4 6845/4/4
f 6845/4/4 6841/4/4 6846/4/4
f 6842/4/4 6837/4/4 6847/4/4
f 6843/4/4 6844/4/4 6848/4/4
f 6848/4/4 6844/4/4 6849/4/4
f 6849/4/4 6844/4/4 6850/4/4
f 6838/1/4 6839/1/4 6852/1/4
f 6852/1/4 6839/1/4 6853/1/4
f 6846/4/4 6847/4/4 6854/4/4
f 6847/4/4 6837/4/4 6854/4/4
f 6854/4/4 6837/4/4 6855/4/4
f 6850/4/4 6851/4/4 6856/4/4
f 6849/4/4 6850/4/4 6856/4/4
f 6856/4/4 6851/4/4 6857/4/4
f 6846/4/4 6854/4/4 6858/4/4
f 6858/4/4 6854/4/4 6859/4/4
f 6843/4/4 6848/4/4 6860/4/4
f 6849/4/4 6856/4/4 6861/4/4
f 6843/4/4 6860/4/4 6862/4/4
f 6860/4/4 6861/4/4 6862/4/4
f 6862/4/4 6861/4/4 6863/4/4
f 6861/4/4 6856/4/4 6864/4/4
f 6863/4/4 6861/4/4 6864/4/4
f 6864/4/4 6856/4/4 6865/4/4
f 6857/4/4 6851/4/4 6866/4/4
f 6866/4/4 6851/4/4 6867/4/4
f 6863/4/4 6864/4/4 6868/4/4
f 6868/4/4 6864/4/4 6869/4/4
f 6863/4/4 6868/4/4 6870/4/4
f 6863/4/4 6870/4/4 6872/4/4
f 6870/4/4 6871/4/4 6872/4/4
f 6872/4/4 6871/4/4 6873/4/4
f 6873/4/4 6871/4/4 6874/4/4
f 6873/4/4 6874/4/4 6876/4/4
f 6874/4/4 6875/4/4 6876/4/4
f 6873/4/4 6876/4/4 6879/4/4
f 6879/4/4 6876/4/4 6880/4/4
f 6877/1/4 6878/1/4 6881/1/4
f 6881/1/4 6878/1/4 6882/1/4
f 6883/4/4 6884/4/4 6885/4/4
f 6885/4/4 6884/4/4 6886/4/4
f 6887/4/4 6888/4/4 6889/4/4
f 6889/4/4 6888/4/4 6890/4/4
f 6891/4/4 6892/4/4 6893/4/4
f 6893/4/4 6892/4/4 6894/4/4
f 6895/4/4 6896/4/4 6897/4/4
f 6897/4/4 6896/4/4 6898/4/4
f 6899/4/4 6900/4/4 6905/4/4
f 6903/4/4 6904/4/4 6906/4/4
f 6906/4/4 6904/4/4 6907/4/4
f 6901/1/4 6902/1/4 6908/1/4
f 6908/1/4 6902/1/4 6909/1/4
f 6899/4/4 6905/4/4 6910/4/4
f 6910/4/4 6905/4/4 6911/4/4
f 6907/4/4 6904/4/4 6912/4/4
f 6912/4/4 6904/4/4 6913/4/4
f 6914/4/4 6915/4/4 6918/4/4
f 6918/4/4 6915/4/4 6919/4/4
f 6916/4/4 6917/4/4 6920/4/4
f 6920/4/4 6917/4/4 6921/4/4
f 6922/4/4 6923/4/4 6926/4/4
f 6926/4/4 6923/4/4 6927/4/4
f 6924/1/4 6925/1/4 6928/1/4
f 6928/1/4 6925/1/4 6929/1/4
f 6930/4/4 6931/4/4 6932/4/4
f 6932/4/4 6931/4/4 6933/4/4
f 6934/1/4 6935/1/4 6936/1/4
f 6936/1/4 6935/1/4 6937/1/4
f 6938/4/4 6939/4/4 6940/4/4
f 6940/4/4 6939/4/4 6941/4/4
f 6942/4/4 6943/4/4 6944/4/4
f 6944/4/4 6943/4/4 6945/4/4
f 6950/2/4 6951/2/4 6952/2/4
f 6952/2/4 6951/2/4 6953/2/4
f 6948/4/4 6949/4/4 6956/4/4
f 6956/4/4 6949/4/4 6957/4/4
f 6952/4/4 6953/4/4 6958/4/4
f 6958/4/4 6953/4/4 6959/4/4
f 6962/4/4 6963/4/4 6964/4/4
f 6964/4/4 6963/4/4 6965/4/4
f 6960/4/4 6961/4/4 6966/4/4
f 6954/4/4 6955/4/4 6967/4/4
f 6960/4/4 6966/4/4 6968/4/4
f 6966/4/4 6967/4/4 6968/4/4
f 6967/4/4 6955/4/4 6969/4/4
f 6968/4/4 6967/4/4 6969/4/4
f 6946/1/4 6947/1/4 6970/1/4
f 6970/1/4 6947/1/4 6971/1/4
f 6972/4/4 6973/4/4 6974/4/4
f 6974/4/4 6973/4/4 6975/4/4
f 6976/4/4 6977/4/4 6978/4/4
f 6978/4/4 6977/4/4 6979/4/4
f 6980/4/4 6981/4/4 6982/4/4
f 6982/4/4 6981/4/4 6983/4/4
f 6980/4/4 6982/4/4 6984/4/4
f 6983/4/4 6981/4/4 6985/4/4
f 6980/4/4 6984/4/4 6988/4/4
f 6984/4/4 6985/4/4 6988/4/4
f 6985/4/4 6981/4/4 6989/4/4
f 6988/4/4 6985/4/4 6989/4/4
f 6986/4/4 6987/4/4 6991/4/4
f 6990/4/4 6991/4/4 6992/4/4
f 6991/4/4 6987/4/4 6993/4/4
f 6992/4/4 6991/4/4 6993/4/4
f 6994/4/4 6995/4/4 6996/4/4
f 6996/4/4 6995/4/4 6997/4/4
f 6998/1/4 6999/1/4 7000/1/4
f 7000/1/4 6999/1/4 7001/1/4
f 7002/4/4 7003/4/4 7006/4/4
f 7006/4/4 7003/4/4 7007/4/4
f 7004/4/4 7005/4/4 7008/4/4
f 7008/4/4 7005/4/4 7009/4/4
f 7010/4/4 7011/4/4 7012/4/4
f 7012/4/4 7011/4/4 7013/4/4
f 7014/4/4 7015/4/4 7016/4/4
f 7016/4/4 7015/4/4 7017/4/4
f 7018/1/4 7019/1/4 7020/1/4
f 7020/1/4 7019/1/4 7021/1/4
f 7022/4/4 7023/4/4 7024/4/4
f 7024/4/4 7023/4/4 7025/4/4
f 7026/4/4 7027/4/4 7028/4/4
f 7028/4/4 7027/4/4 7029/4/4
f 7030/4/4 7031/4/4 7033/4/4
f 7031/4/4 7032/4/4 7033/4/4
f 7033/4/4 7032/4/4 7034/4/4
f 7030/4/4 7033/4/4 7035/4/4
f 7030/4/4 7035/4/4 7037/4/4
f 7035/4/4 7036/4/4 7037/4/4
f 7037/4/4 7036/4/4 7038/4/4
f 7039/4/4 7040/4/4 7041/4/4
f 7041/4/4 7040/4/4 7042/4/4
f 7043/1/4 7044/1/4 7045/1/4
f 7045/1/4 7044/1/4 7046/1/4
f 7047/4/4 7048/4/4 7049/4/4
f 7049/4/4 7048/4/4 7050/4/4
f 7051/4/4 7052/4/4 7053/4/4
f 7053/4/4 7052/4/4 7054/4/4
f 7055/4/4 7056/4/4 7057/4/4
f 7057/4/4 7056/4/4 7058/4/4
f 7059/4/4 7060/4/4 7067/4/4
f 7067/4/4 7060/4/4 7068/4/4
f 7066/2/4 7067/2/4 7069/2/4
f 7067/2/4 7068/2/4 7069/2/4
f 7069/2/4 7068/2/4 7070/2/4
f 7070/2/4 7068/2/4 7071/2/4
f 7071/2/4 7068/2/4 7072/2/4
f 7071/4/4 7072/4/4 7073/4/4
f 7073/4/4 7072/4/4 7074/4/4
f 7061/4/4 7062/4/4 7075/4/4
f 7075/4/4 7062/4/4 7076/4/4
f 7064/4/4 7065/4/4 7077/4/4
f 7063/4/4 7064/4/4 7077/4/4
f 7077/4/4 7065/4/4 7078/4/4
f 7069/4/4 7070/4/4 7079/4/4
f 7079/4/4 7070/4/4 7080/4/4
f 7081/4/4 7082/4/4 7085/4/4
f 7085/4/4 7082/4/4 7086/4/4
f 7083/4/4 7084/4/4 7087/4/4
f 7087/4/4 7084/4/4 7088/4/4
f 7089/4/4 7090/4/4 7092/4/4
f 7092/4/4 7090/4/4 7093/4/4
f 7093/4/4 7090/4/4 7094/4/4
f 7091/4/4 7092/4/4 7095/4/4
f 7092/4/4 7093/4/4 7095/4/4
f 7091/4/4 7095/4/4 7097/4/4
f 7095/4/4 7096/4/4 7097/4/4
f 7097/4/4 7096/4/4 7098/4/4
f 7091/4/4 7097/4/4 7099/4/4
f 7099/4/4 7097/4/4 7100/4/4
f 7100/4/4 7097/4/4 7101/4/4
f 7101/4/4 7102/4/4 7103/4/4
f 7100/4/4 7101/4/4 7103/4/4
f 7103/4/4 7102/4/4 7104/4/4
f 7105/1/4 7106/1/4 7107/1/4
f 7107/1/4 7106/1/4 7108/1/4
f 7109/1/4 7110/1/4 7113/1/4
f 7113/1/4 7110/1/4 7114/1/4
f 7111/4/4 7112/4/4 7115/4/4
f 7115/4/4 7112/4/4 7116/4/4
f 7117/4/4 7118/4/4 7119/4/4
f 7119/4/4 7118/4/4 7120/4/4
f 7121/4/4 7122/4/4 7123/4/4
f 7123/4/4 7122/4/4 7124/4/4
f 7125/4/4 7126/4/4 7131/4/4
f 7131/4/4 7126/4/4 7132/4/4
f 7129/4/4 7130/4/4 7133/4/4
f 7133/4/4 7130/4/4 7134/4/4
f 7129/4/4 7133/4/4 7137/4/4
f 7134/4/4 7130/4/4 7138/4/4
f 7135/4/4 7136/4/4 7139/4/4
f 7127/4/4 7128/4/4 7140/4/4
f 7129/4/4 7137/4/4 7141/4/4
f 7137/4/4 7138/4/4 7141/4/4
f 7138/4/4 7130/4/4 7142/4/4
f 7141/4/4 7138/4/4 7142/4/4
f 7139/4/4 7140/4/4 7143/4/4
f 7135/4/4 7139/4/4 7143/4/4
f 7140/4/4 7128/4/4 7144/4/4
f 7143/4/4 7140/4/4 7144/4/4
f 7145/1/4 7146/1/4 7147/1/4
f 7147/1/4 7146/1/4 7148/1/4
f 7149/1/4 7150/1/4 7151/1/4
f 7151/1/4 7150/1/4 7152/1/4
f 7153/4/4 7154/4/4 7155/4/4
f 7155/4/4 7154/4/4 7156/4/4
f 7157/4/4 7158/4/4 7160/4/4
f 7160/4/4 7158/4/4 7161/4/4
f 7161/4/4 7158/4/4 7162/4/4
f 7153/4/4 7155/4/4 7163/4/4
f 7156/4/4 7154/4/4 7164/4/4
f 7159/4/4 7160/4/4 7167/4/4
f 7160/4/4 7161/4/4 7167/4/4
f 7153/4/4 7163/4/4 7169/4/4
f 7163/4/4 7164/4/4 7169/4/4
f 7169/4/4 7164/4/4 7170/4/4
f 7167/4/4 7168/4/4 7171/4/4
f 7159/4/4 7167/4/4 7171/4/4
f 7171/4/4 7168/4/4 7172/4/4
f 7159/4/4 7171/4/4 7173/4/4
f 7173/4/4 7171/4/4 7174/4/4
f 7174/4/4 7171/4/4 7175/4/4
f 7165/4/4 7166/4/4 7177/4/4
f 7177/4/4 7166/4/4 7178/4/4
f 7175/4/4 7176/4/4 7179/4/4
f 7174/4/4 7175/4/4 7179/4/4
f 7179/4/4 7176/4/4 7180/4/4
f 7170/4/4 7164/4/4 7181/4/4
f 7164/4/4 7154/4/4 7182/4/4
f 7181/4/4 7164/4/4 7182/4/4
f 7183/4/4 7184/4/4 7186/4/4
f 7186/4/4 7184/4/4 7187/4/4
f 7187/4/4 7184/4/4 7188/4/4
f 7185/4/4 7186/4/4 7189/4/4
f 7186/4/4 7187/4/4 7189/4/4
f 7185/4/4 7189/4/4 7191/4/4
f 7189/4/4 7190/4/4 7191/4/4
f 7191/4/4 7190/4/4 7192/4/4
f 7185/4/4 7191/4/4 7193/4/4
f 7193/4/4 7191/4/4 7194/4/4
f 7194/4/4 7191/4/4 7195/4/4
f 7195/4/4 7196/4/4 7197/4/4
f 7194/4/4 7195/4/4 7197/4/4
f 7197/4/4 7196/4/4 7198/4/4
f 7199/1/4 7200/1/4 7201/1/4
f 7201/1/4 7200/1/4 7202/1/4
f 7203/1/4 7204/1/4 7205/1/4
f 7205/1/4 7204/1/4 7206/1/4
f 7207/4/4 7208/4/4 7209/4/4
f 7209/4/4 7208/4/4 7210/4/4
f 7211/1/4 7212/1/4 7213/1/4
f 7213/1/4 7212/1/4 7214/1/4
f 7215/1/4 7216/1/4 7217/1/4
f 7217/1/4 7216/1/4 7218/1/4
f 7219/4/4 7220/4/4 7222/4/4
f 7222/4/4 7220/4/4 7223/4/4
f 7223/4/4 7220/4/4 7224/4/4
f 7221/4/4 7222/4/4 7225/4/4
f 7222/4/4 7223/4/4 7225/4/4
f 7221/4/4 7225/4/4 7227/4/4
f 7225/4/4 7226/4/4 7227/4/4
f 7227/4/4 7226/4/4 7228/4/4
f 7221/4/4 7227/4/4 7229/4/4
f 7229/4/4 7227/4/4 7230/4/4
f 7230/4/4 7227/4/4 7231/4/4
f 7231/4/4 7232/4/4 7233/4/4
f 7230/4/4 7231/4/4 7233/4/4
f 7233/4/4 7232/4/4 7234/4/4
f 7235/1/4 7236/1/4 7237/1/4
f 7237/1/4 7236/1/4 7238/1/4
f 7239/1/4 7240/1/4 7241/1/4
f 7241/1/4 7240/1/4 7242/1/4
f 7243/1/4 7244/1/4 7245/1/4
f 7245/1/4 7244/1/4 7246/1/4
f 7247/1/4 7248/1/4 7249/1/4
f 7249/1/4 7248/1/4 7250/1/4
f 7251/1/4 7252/1/4 7253/1/4
f 7253/1/4 7252/1/4 7254/1/4
f 7255/1/4 7256/1/4 7257/1/4
f 7257/1/4 7256/1/4 7258/1/4
f 7259/3/4 7260/3/4 7261/3/4
f 7261/3/4 7260/3/4 7262/3/4
f 7267/3/5 7264/3/5 7263/3/5
f 7268/1/5 7265/1/5 7264/1/5
f 7268/3/5 7264/3/5 7267/3/5
f 7269/3/5 7266/3/5 7265/3/5
f 7269/1/5 7265/1/5 7268/1/5
f 7270/3/5 7266/3/5 7269/3/5
f 7271/3/5 7267/3/5 7263/3/5
f 7272/1/5 7268/1/5 7267/1/5
f 7272/3/5 7267/3/5 7271/3/5
f 7272/1/5 7269/1/5 7268/1/5
f 7272/1/5 7270/1/5 7269/1/5
f 7273/3/5 7266/3/5 7270/3/5
f 7273/1/5 7270/1/5 7272/1/5
f 7274/3/5 7266/3/5 7273/3/5
f 7275/3/5 7271/3/5 7263/3/5
f 7276/1/5 7272/1/5 7271/1/5
f 7276/3/5 7271/3/5 7275/3/5
f 7276/1/5 7273/1/5 7272/1/5
f 7276/1/5 7274/1/5 7273/1/5
f 7277/3/5 7266/3/5 7274/3/5
f 7277/1/5 7274/1/5 7276/1/5
f 7278/3/5 7266/3/5 7277/3/5
f 7279/3/5 7275/3/5 7263/3/5
f 7280/1/5 7276/1/5 7275/1/5
f 7280/3/5 7275/3/5 7279/3/5
f 7280/1/5 7277/1/5 7276/1/5
f 7280/1/5 7278/1/5 7277/1/5
f 7281/3/5 7279/3/5 7263/3/5
f 7282/1/5 7280/1/5 7279/1/5
f 7282/3/5 7279/3/5 7281/3/5
f 7283/1/5 7278/1/5 7280/1/5
f 7283/1/5 7280/1/5 7282/1/5
f 7283/3/5 7266/3/5 7278/3/5
f 7284/3/5 7266/3/5 7283/3/5
f 7285/3/5 7281/3/5 7263/3/5
f 7286/1/5 7282/1/5 7281/1/5
f 7286/3/5 7281/3/5 7285/3/5
f 7286/1/5 7283/1/5 7282/1/5
f 7286/1/5 7284/1/5 7283/1/5
f 7287/3/5 7285/3/5 7263/3/5
f 7288/1/5 7286/1/5 7285/1/5
f 7288/3/5 7285/3/5 7287/3/5
f 7289/3/5 7287/3/5 7263/3/5
f 7290/1/5 7288/1/5 7287/1/5
f 7290/3/5 7287/3/5 7289/3/5
f 7291/1/5 7284/1/5 7286/1/5
f 7291/1/5 7288/1/5 7290/1/5
f 7291/3/5 7266/3/5 7284/3/5
f 7291/1/5 7286/1/5 7288/1/5
f 7292/3/5 7266/3/5 7291/3/5
f 7293/3/5 7289/3/5 7263/3/5
f 7294/1/5 7290/1/5 7289/1/5
f 7294/3/5 7289/3/5 7293/3/5
f 7294/1/5 7291/1/5 7290/1/5
f 7294/1/5 7292/1/5 7291/1/5
f 7295/3/5 7266/3/5 7292/3/5
f 7295/1/5 7292/1/5 7294/1/5
f 7296/3/5 7266/3/5 7295/3/5
f 7297/3/5 7293/3/5 7263/3/5
f 7298/1/5 7294/1/5 7293/1/5
f 7298/3/5 7293/3/5 7297/3/5
f 7298/1/5 7295/1/5 7294/1/5
f 7298/1/5 7296/1/5 7295/1/5
f 7299/3/5 7297/3/5 7263/3/5
f 7300/1/5 7298/1/5 7297/1/5
f 7300/3/5 7297/3/5 7299/3/5
f 7301/3/5 7266/3/5 7296/3/5
f 7301/1/5 7298/1/5 7300/1/5
f 7301/1/5 7296/1/5 7298/1/5
f 7302/3/5 7266/3/5 7301/3/5
f 7303/3/5 7299/3/5 7263/3/5
f 7304/1/5 7300/1/5 7299/1/5
f 7304/3/5 7299/3/5 7303/3/5
f 7304/1/5 7301/1/5 7300/1/5
f 7304/1/5 7302/1/5 7301/1/5
f 7305/3/5 7303/3/5 7263/3/5
f 7305/1/5 7304/1/5 7303/1/5
f 7306/1/5 7304/1/5 7305/1/5
f 7307/1/5 7302/1/5 7304/1/5
f 7307/1/5 7304/1/5 7306/1/5
f 7307/3/5 7266/3/5 7302/3/5
f 7308/3/5 7266/3/5 7307/3/5
f 7309/1/5 7307/1/5 7306/1/5
f 7309/3/5 7266/3/5 7308/3/5
f 7309/1/5 7308/1/5 7307/1/5
f 7310/3/5 7266/3/5 7309/3/5
f 7311/1/5 7310/1/5 7309/1/5
f 7311/3/5 7266/3/5 7310/3/5
f 7312/3/5 7266/3/5 7311/3/5
f 7313/3/5 7306/3/5 7305/3/5
f 7313/3/5 7305/3/5 7263/3/5
f 7314/1/5 7312/1/5 7311/1/5
f 7314/3/5 7306/3/5 7313/3/5
f 7314/1/5 7309/1/5 7306/1/5
f 7314/1/5 7311/1/5 7309/1/5
f 7315/3/5 7266/3/5 7312/3/5
f 7315/1/5 7312/1/5 7314/1/5
f 7316/3/5 7266/3/5 7315/3/5
f 7317/3/5 7313/3/5 7263/3/5
f 7318/1/5 7314/1/5 7313/1/5
f 7318/3/5 7313/3/5 7317/3/5
f 7318/1/5 7315/1/5 7314/1/5
f 7318/1/5 7316/1/5 7315/1/5
f 7319/3/5 7317/3/5 7263/3/5
f 7320/1/5 7318/1/5 7317/1/5
f 7320/3/5 7317/3/5 7319/3/5
f 7321/3/5 7319/3/5 7263/3/5
f 7322/1/5 7320/1/5 7319/1/5
f 7322/3/5 7319/3/5 7321/3/5
f 7323/3/5 7321/3/5 7263/3/5
f 7324/1/5 7322/1/5 7321/1/5
f 7324/3/5 7321/3/5 7323/3/5
f 7325/1/5 7316/1/5 7318/1/5
f 7325/1/5 7322/1/5 7324/1/5
f 7325/1/5 7318/1/5 7320/1/5
f 7325/1/5 7320/1/5 7322/1/5
f 7326/3/5 7266/3/5 7316/3/5
f 7326/1/5 7316/1/5 7325/1/5
f 7327/1/5 7324/1/5 7323/1/5
f 7327/1/5 7325/1/5 7324/1/5
f 7328/3/5 7326/3/5 7325/3/5
f 7328/1/5 7325/1/5 7327/1/5
f 7329/1/5 7327/1/5 7323/1/5
f 7330/1/5 7327/1/5 7329/1/5
f 7331/3/5 7328/3/5 7327/3/5
f 7331/1/5 7327/1/5 7330/1/5
f 7332/3/5 7326/3/5 7328/3/5
f 7332/3/5 7328/3/5 7331/3/5
f 7333/1/5 7332/1/5 7331/1/5
f 7333/3/5 7326/3/5 7332/3/5
f 7334/3/5 7326/3/5 7333/3/5
f 7335/1/5 7331/1/5 7330/1/5
f 7335/3/5 7330/3/5 7329/3/5
f 7335/1/5 7334/1/5 7333/1/5
f 7335/1/5 7333/1/5 7331/1/5
f 7336/1/5 7334/1/5 7335/1/5
f 7337/3/5 7326/3/5 7334/3/5
f 7337/1/5 7334/1/5 7336/1/5
f 7338/3/5 7266/3/5 7326/3/5
f 7338/3/5 7326/3/5 7337/3/5
f 7339/1/5 7337/1/5 7336/1/5
f 7339/3/5 7336/3/5 7335/3/5
f 7339/1/5 7338/1/5 7337/1/5
f 7340/1/5 7338/1/5 7339/1/5
f 7341/1/5 7338/1/5 7340/1/5
f 7342/3/5 7266/3/5 7338/3/5
f 7342/1/5 7338/1/5 7341/1/5
f 7343/1/5 7341/1/5 7340/1/5
f 7343/3/5 7340/3/5 7339/3/5
f 7344/1/5 7341/1/5 7343/1/5
f 7345/1/5 7341/1/5 7344/1/5
f 7346/3/5 7342/3/5 7341/3/5
f 7346/1/5 7341/1/5 7345/1/5
f 7347/1/5 7345/1/5 7344/1/5
f 7347/3/5 7344/3/5 7343/3/5
f 7348/1/5 7345/1/5 7347/1/5
f 7349/1/5 7345/1/5 7348/1/5
f 7350/3/5 7346/3/5 7345/3/5
f 7350/1/5 7345/1/5 7349/1/5
f 7351/1/5 7349/1/5 7348/1/5
f 7351/3/5 7348/3/5 7347/3/5
f 7352/1/5 7349/1/5 7351/1/5
f 7353/1/5 7349/1/5 7352/1/5
f 7354/3/5 7350/3/5 7349/3/5
f 7354/1/5 7349/1/5 7353/1/5
f 7355/1/5 7353/1/5 7352/1/5
f 7355/3/5 7352/3/5 7351/3/5
f 7356/1/5 7353/1/5 7355/1/5
f 7357/3/5 7356/3/5 7355/3/5
f 7357/1/5 7353/1/5 7356/1/5
f 7358/1/5 7353/1/5 7357/1/5
f 7359/1/5 7353/1/5 7358/1/5
f 7360/3/5 7354/3/5 7353/3/5
f 7360/1/5 7353/1/5 7359/1/5
f 7361/1/5 7359/1/5 7358/1/5
f 7361/3/5 7358/3/5 7357/3/5
f 7362/1/5 7359/1/5 7361/1/5
f 7363/1/5 7359/1/5 7362/1/5
f 7364/3/5 7360/3/5 7359/3/5
f 7364/1/5 7359/1/5 7363/1/5
f 7365/1/5 7363/1/5 7362/1/5
f 7365/3/5 7362/3/5 7361/3/5
f 7366/1/5 7363/1/5 7365/1/5
f 7367/1/5 7363/1/5 7366/1/5
f 7368/3/5 7364/3/5 7363/3/5
f 7368/1/5 7363/1/5 7367/1/5
f 7369/1/5 7367/1/5 7366/1/5
f 7369/3/5 7366/3/5 7365/3/5
f 7370/1/5 7367/1/5 7369/1/5
f 7371/1/5 7367/1/5 7370/1/5
f 7372/3/5 7368/3/5 7367/3/5
f 7372/1/5 7367/1/5 7371/1/5
f 7373/1/5 7371/1/5 7370/1/5
f 7373/3/5 7370/3/5 7369/3/5
f 7374/1/5 7371/1/5 7373/1/5
f 7375/1/5 7371/1/5 7374/1/5
f 7376/3/5 7372/3/5 7371/3/5
f 7376/1/5 7371/1/5 7375/1/5
f 7377/1/5 7375/1/5 7374/1/5
f 7377/3/5 7374/3/5 7373/3/5
f 7378/1/5 7375/1/5 7377/1/5
f 7379/1/5 7375/1/5 7378/1/5
f 7380/3/5 7376/3/5 7375/3/5
f 7380/1/5 7375/1/5 7379/1/5
f 7381/1/5 7379/1/5 7378/1/5
f 7381/3/5 7378/3/5 7377/3/5
f 7382/3/5 7380/3/5 7379/3/5
f 7382/1/5 7379/1/5 7381/1/5
f 7383/3/5 7335/3/5 7329/3/5
f 7383/3/5 7339/3/5 7335/3/5
f 7383/3/5 7382/3/5 7381/3/5
f 7383/3/5 7381/3/5 7377/3/5
f 7383/3/5 7377/3/5 7373/3/5
f 7383/3/5 7343/3/5 7339/3/5
f 7383/3/5 7373/3/5 7369/3/5
f 7383/3/5 7347/3/5 7343/3/5
f 7383/3/5 7369/3/5 7365/3/5
f 7383/3/5 7351/3/5 7347/3/5
f 7383/3/5 7365/3/5 7361/3/5
f 7383/3/5 7355/3/5 7351/3/5
f 7383/3/5 7361/3/5 7357/3/5
f 7383/3/5 7357/3/5 7355/3/5
f 7384/3/5 7266/3/5 7342/3/5
f 7384/3/5 7382/3/5 7383/3/5
f 7384/3/5 7380/3/5 7382/3/5
f 7384/3/5 7360/3/5 7364/3/5
f 7384/3/5 7354/3/5 7360/3/5
f 7384/3/5 7364/3/5 7368/3/5
f 7384/3/5 7350/3/5 7354/3/5
f 7384/3/5 7368/3/5 7372/3/5
f 7384/3/5 7346/3/5 7350/3/5
f 7384/3/5 7372/3/5 7376/3/5
f 7384/3/5 7342/3/5 7346/3/5
f 7384/3/5 7376/3/5 7380/3/5
f 7389/4/5 7386/4/5 7385/4/5
f 7390/4/5 7386/4/5 7389/4/5
f 7391/4/5 7388/4/5 7387/4/5
f 7392/4/5 7388/4/5 7391/4/5
f 7397/4/5 7394/4/5 7393/4/5
f 7398/4/5 7394/4/5 7397/4/5
f 7399/4/5 7396/4/5 7395/4/5
f 7400/4/5 7396/4/5 7399/4/5
f 7405/4/5 7402/4/5 7401/4/5
f 7406/4/5 7402/4/5 7405/4/5
f 7407/4/5 7404/4/5 7403/4/5
f 7408/4/5 7404/4/5 7407/4/5
f 7413/4/5 7410/4/5 7409/4/5
f 7414/4/5 7410/4/5 7413/4/5
f 7415/4/5 7412/4/5 7411/4/5
f 7416/4/5 7412/4/5 7415/4/5
f 7421/4/5 7418/4/5 7417/4/5
f 7422/4/5 7418/4/5 7421/4/5
f 7423/4/5 7420/4/5 7419/4/5
f 7424/4/5 7420/4/5 7423/4/5
f 7427/4/5 7426/4/5 7425/4/5
f 7428/4/5 7426/4/5 7427/4/5
f 7431/4/5 7430/4/5 7429/4/5
f 7432/4/5 7430/4/5 7431/4/5
f 7435/4/5 7434/4/5 7433/4/5
f 7436/4/5 7434/4/5 7435/4/5
f 7441/4/5 7438/4/5 7437/4/5
f 7442/4/5 7438/4/5 7441/4/5
f 7443/4/5 7440/4/5 7439/4/5
f 7444/4/5 7440/4/5 7443/4/5
f 7449/4/5 7446/4/5 7445/4/5
f 7450/4/5 7446/4/5 7449/4/5
f 7451/4/5 7448/4/5 7447/4/5
f 7452/4/5 7448/4/5 7451/4/5
f 7459/4/5 7454/4/5 7453/4/5
f 7460/4/5 7454/4/5 7459/4/5
f 7465/4/5 7456/4/5 7455/4/5
f 7466/4/5 7456/4/5 7465/4/5
f 7467/4/5 7458/4/5 7457/4/5
f 7468/4/5 7458/4/5 7467/4/5
f 7469/4/5 7462/4/5 7461/4/5
f 7470/4/5 7462/4/5 7469/4/5
f 7471/4/5 7464/4/5 7463/4/5
f 7472/4/5 7464/4/5 7471/4/5
f 7481/4/5 7474/4/5 7473/4/5
f 7482/4/5 7474/4/5 7481/4/5
f 7483/4/5 7476/4/5 7475/4/5
f 7484/4/5 7476/4/5 7483/4/5
f 7485/4/5 7478/4/5 7477/4/5
f 7486/4/5 7478/4/5 7485/4/5
f 7487/4/5 7480/4/5 7479/4/5
f 7488/4/5 7480/4/5 7487/4/5
f 7493/4/5 7490/4/5 7489/4/5
f 7494/4/5 7490/4/5 7493/4/5
f 7495/4/5 7492/4/5 7491/4/5
f 7496/4/5 7492/4/5 7495/4/5
f 7499/4/5 7498/4/5 7497/4/5
f 7500/4/5 7498/4/5 7499/4/5
f 7503/4/5 7502/4/5 7501/4/5
f 7504/4/5 7502/4/5 7503/4/5
f 7507/4/5 7506/4/5 7505/4/5
f 7508/4/5 7506/4/5 7507/4/5
f 7511/4/5 7510/4/5 7509/4/5
f 7512/4/5 7510/4/5 7511/4/5
f 7515/2/5 7514/2/5 7513/2/5
f 7516/2/5 7514/2/5 7515/2/5
f 7519/4/5 7518/4/5 7517/4/5
f 7520/4/5 7518/4/5 7519/4/5
f 7523/2/5 7522/2/5 7521/2/5
f 7524/2/5 7522/2/5 7523/2/5
f 7527/4/5 7526/4/5 7525/4/5
f 7529/4/5 7527/4/5 7525/4/5
f 7530/2/5 7528/2/5 7527/2/5
f 7530/4/5 7527/4/5 7529/4/5
f 7531/2/5 7528/2/5 7530/2/5
f 7534/4/5 7533/4/5 7532/4/5
f 7535/4/5 7533/4/5 7534/4/5
f 7538/4/5 7533/4/5 7535/4/5
f 7539/4/5 7533/4/5 7538/4/5
f 7540/4/5 7534/4/5 7532/4/5
f 7543/4/5 7537/4/5 7536/4/5
f 7544/4/5 7537/4/5 7543/4/5
f 7545/4/5 7542/4/5 7541/4/5
f 7545/4/5 7541/4/5 7540/4/5
f 7545/4/5 7540/4/5 7532/4/5
f 7546/4/5 7542/4/5 7545/4/5
f 7549/4/5 7548/4/5 7547/4/5
f 7550/4/5 7548/4/5 7549/4/5
f 7553/4/5 7552/4/5 7551/4/5
f 7554/4/5 7552/4/5 7553/4/5
f 7561/4/5 7556/4/5 7555/4/5
f 7562/4/5 7556/4/5 7561/4/5
f 7563/4/5 7558/4/5 7557/4/5
f 7564/4/5 7558/4/5 7563/4/5
f 7565/4/5 7560/4/5 7559/4/5
f 7566/4/5 7560/4/5 7565/4/5
f 7567/4/5 7561/4/5 7555/4/5
f 7568/2/5 7564/2/5 7563/2/5
f 7569/2/5 7564/2/5 7568/2/5
f 7570/4/5 7561/4/5 7567/4/5
f 7571/4/5 7556/4/5 7562/4/5
f 7574/4/5 7571/4/5 7570/4/5
f 7574/4/5 7570/4/5 7567/4/5
f 7575/4/5 7556/4/5 7571/4/5
f 7575/4/5 7571/4/5 7574/4/5
f 7576/4/5 7573/4/5 7572/4/5
f 7577/4/5 7573/4/5 7576/4/5
f 7580/4/5 7579/4/5 7578/4/5
f 7581/4/5 7579/4/5 7580/4/5
f 7586/4/5 7583/4/5 7582/4/5
f 7589/4/5 7583/4/5 7586/4/5
f 7590/4/5 7583/4/5 7589/4/5
f 7591/2/5 7588/2/5 7587/2/5
f 7592/2/5 7588/2/5 7591/2/5
f 7593/4/5 7585/4/5 7584/4/5
f 7594/4/5 7585/4/5 7593/4/5
f 7597/4/5 7596/4/5 7595/4/5
f 7598/4/5 7596/4/5 7597/4/5
f 7601/4/5 7600/4/5 7599/4/5
f 7602/4/5 7600/4/5 7601/4/5
f 7607/4/5 7604/4/5 7603/4/5
f 7608/4/5 7604/4/5 7607/4/5
f 7610/4/5 7606/4/5 7605/4/5
f 7611/4/5 7607/4/5 7603/4/5
f 7612/2/5 7608/2/5 7607/2/5
f 7612/4/5 7607/4/5 7611/4/5
f 7613/2/5 7608/2/5 7612/2/5
f 7614/2/5 7610/2/5 7609/2/5
f 7615/4/5 7606/4/5 7610/4/5
f 7615/2/5 7610/2/5 7614/2/5
f 7616/4/5 7606/4/5 7615/4/5
f 7621/4/5 7618/4/5 7617/4/5
f 7622/4/5 7618/4/5 7621/4/5
f 7625/4/5 7620/4/5 7619/4/5
f 7626/4/5 7620/4/5 7625/4/5
f 7627/4/5 7620/4/5 7626/4/5
f 7628/4/5 7618/4/5 7622/4/5
f 7629/4/5 7618/4/5 7628/4/5
f 7630/4/5 7624/4/5 7623/4/5
f 7631/4/5 7626/4/5 7625/4/5
f 7632/4/5 7626/4/5 7631/4/5
f 7633/4/5 7621/4/5 7617/4/5
f 7636/4/5 7630/4/5 7623/4/5
f 7637/4/5 7630/4/5 7636/4/5
f 7640/4/5 7620/4/5 7627/4/5
f 7641/4/5 7635/4/5 7634/4/5
f 7641/4/5 7633/4/5 7617/4/5
f 7641/4/5 7634/4/5 7633/4/5
f 7642/4/5 7635/4/5 7641/4/5
f 7643/4/5 7639/4/5 7638/4/5
f 7643/4/5 7640/4/5 7639/4/5
f 7644/4/5 7620/4/5 7640/4/5
f 7644/4/5 7640/4/5 7643/4/5
f 7647/4/5 7646/4/5 7645/4/5
f 7648/4/5 7646/4/5 7647/4/5
f 7653/4/5 7650/4/5 7649/4/5
f 7654/4/5 7650/4/5 7653/4/5
f 7657/4/5 7652/4/5 7651/4/5
f 7658/4/5 7652/4/5 7657/4/5
f 7663/4/5 7656/4/5 7655/4/5
f 7664/4/5 7656/4/5 7663/4/5
f 7667/4/5 7656/4/5 7664/4/5
f 7668/4/5 7662/4/5 7661/4/5
f 7669/4/5 7662/4/5 7668/4/5
f 7670/4/5 7667/4/5 7664/4/5
f 7671/4/5 7667/4/5 7670/4/5
f 7672/4/5 7660/4/5 7659/4/5
f 7673/4/5 7660/4/5 7672/4/5
f 7676/4/5 7666/4/5 7665/4/5
f 7677/4/5 7666/4/5 7676/4/5
f 7680/4/5 7675/4/5 7674/4/5
f 7681/4/5 7675/4/5 7680/4/5
f 7684/4/5 7679/4/5 7678/4/5
f 7685/4/5 7679/4/5 7684/4/5
f 7686/4/5 7683/4/5 7682/4/5
f 7687/4/5 7683/4/5 7686/4/5
f 7690/4/5 7689/4/5 7688/4/5
f 7691/4/5 7689/4/5 7690/4/5
f 7696/4/5 7693/4/5 7692/4/5
f 7697/4/5 7695/4/5 7694/4/5
f 7698/4/5 7695/4/5 7697/4/5
f 7699/4/5 7696/4/5 7692/4/5
f 7700/4/5 7696/4/5 7699/4/5
f 7702/4/5 7695/4/5 7698/4/5
f 7705/4/5 7702/4/5 7701/4/5
f 7706/4/5 7695/4/5 7702/4/5
f 7706/4/5 7702/4/5 7705/4/5
f 7707/4/5 7704/4/5 7703/4/5
f 7708/4/5 7704/4/5 7707/4/5
f 7711/4/5 7710/4/5 7709/4/5
f 7712/4/5 7710/4/5 7711/4/5
f 7715/4/5 7714/4/5 7713/4/5
f 7716/4/5 7714/4/5 7715/4/5
f 7719/4/5 7718/4/5 7717/4/5
f 7720/4/5 7718/4/5 7719/4/5
f 7725/4/5 7722/4/5 7721/4/5
f 7726/4/5 7722/4/5 7725/4/5
f 7727/4/5 7724/4/5 7723/4/5
f 7728/4/5 7724/4/5 7727/4/5
f 7731/4/5 7730/4/5 7729/4/5
f 7732/4/5 7730/4/5 7731/4/5
f 7736/2/5 7733/2/5 7732/2/5
f 7737/2/5 7733/2/5 7736/2/5
f 7740/4/5 7735/4/5 7734/4/5
f 7741/4/5 7735/4/5 7740/4/5
f 7742/4/5 7739/4/5 7738/4/5
f 7743/4/5 7739/4/5 7742/4/5
f 7746/4/5 7745/4/5 7744/4/5
f 7747/4/5 7745/4/5 7746/4/5
f 7751/4/5 7748/4/5 7747/4/5
f 7752/4/5 7748/4/5 7751/4/5
f 7756/4/5 7750/4/5 7749/4/5
f 7757/4/5 7750/4/5 7756/4/5
f 7758/2/5 7753/2/5 7752/2/5
f 7759/2/5 7753/2/5 7758/2/5
f 7760/4/5 7755/4/5 7754/4/5
f 7761/4/5 7755/4/5 7760/4/5
f 7762/4/5 7750/4/5 7757/4/5
f 7763/4/5 7750/4/5 7762/4/5
f 7766/2/5 7763/2/5 7762/2/5
f 7766/2/5 7764/2/5 7763/2/5
f 7767/2/5 7764/2/5 7766/2/5
f 7768/2/5 7764/2/5 7767/2/5
f 7771/4/5 7755/4/5 7761/4/5
f 7772/4/5 7766/4/5 7765/4/5
f 7772/4/5 7767/4/5 7766/4/5
f 7773/4/5 7767/4/5 7772/4/5
f 7774/4/5 7770/4/5 7769/4/5
f 7774/4/5 7771/4/5 7770/4/5
f 7775/4/5 7755/4/5 7771/4/5
f 7775/4/5 7771/4/5 7774/4/5
f 7782/4/5 7777/4/5 7776/4/5
f 7783/4/5 7777/4/5 7782/4/5
f 7784/4/5 7779/4/5 7778/4/5
f 7785/4/5 7779/4/5 7784/4/5
f 7788/4/5 7781/4/5 7780/4/5
f 7789/4/5 7781/4/5 7788/4/5
f 7792/4/5 7779/4/5 7785/4/5
f 7793/4/5 7779/4/5 7792/4/5
f 7795/4/5 7787/4/5 7786/4/5
f 7796/4/5 7787/4/5 7795/4/5
f 7797/4/5 7791/4/5 7790/4/5
f 7799/2/5 7794/2/5 7793/2/5
f 7800/2/5 7794/2/5 7799/2/5
f 7801/2/5 7794/2/5 7800/2/5
f 7807/4/5 7798/4/5 7797/4/5
f 7807/4/5 7797/4/5 7790/4/5
f 7808/4/5 7798/4/5 7807/4/5
f 7809/2/5 7801/2/5 7800/2/5
f 7810/4/5 7802/4/5 7801/4/5
f 7810/2/5 7801/2/5 7809/2/5
f 7811/4/5 7807/4/5 7790/4/5
f 7812/4/5 7807/4/5 7811/4/5
f 7813/4/5 7802/4/5 7810/4/5
f 7814/4/5 7802/4/5 7813/4/5
f 7815/4/5 7802/4/5 7814/4/5
f 7816/4/5 7802/4/5 7815/4/5
f 7817/4/5 7804/4/5 7803/4/5
f 7818/4/5 7804/4/5 7817/4/5
f 7819/4/5 7806/4/5 7805/4/5
f 7820/4/5 7806/4/5 7819/4/5
f 7825/4/5 7822/4/5 7821/4/5
f 7826/4/5 7822/4/5 7825/4/5
f 7827/4/5 7824/4/5 7823/4/5
f 7828/4/5 7824/4/5 7827/4/5
f 7831/4/5 7830/4/5 7829/4/5
f 7832/4/5 7830/4/5 7831/4/5
f 7839/4/5 7834/4/5 7833/4/5
f 7840/4/5 7834/4/5 7839/4/5
f 7841/4/5 7838/4/5 7837/4/5
f 7842/4/5 7838/4/5 7841/4/5
f 7845/4/5 7836/4/5 7835/4/5
f 7846/4/5 7836/4/5 7845/4/5
f 7847/4/5 7844/4/5 7843/4/5
f 7848/4/5 7844/4/5 7847/4/5
f 7849/4/5 7844/4/5 7848/4/5
f 7850/4/5 7844/4/5 7849/4/5
f 7851/4/5 7849/4/5 7848/4/5
f 7852/4/5 7849/4/5 7851/4/5
f 7854/2/5 7852/2/5 7851/2/5
f 7855/2/5 7852/2/5 7854/2/5
f 7856/4/5 7844/4/5 7850/4/5
f 7857/4/5 7855/4/5 7854/4/5
f 7857/4/5 7856/4/5 7855/4/5
f 7857/4/5 7854/4/5 7853/4/5
f 7858/4/5 7844/4/5 7856/4/5
f 7858/4/5 7856/4/5 7857/4/5
f 7861/2/5 7860/2/5 7859/2/5
f 7862/2/5 7860/2/5 7861/2/5
f 7865/4/5 7864/4/5 7863/4/5
f 7866/4/5 7864/4/5 7865/4/5
f 7871/4/5 7868/4/5 7867/4/5
f 7872/4/5 7868/4/5 7871/4/5
f 7873/4/5 7868/4/5 7872/4/5
f 7874/4/5 7870/4/5 7869/4/5
f 7875/4/5 7870/4/5 7874/4/5
f 7881/4/5 7879/4/5 7878/4/5
f 7882/4/5 7879/4/5 7881/4/5
f 7885/4/5 7877/4/5 7876/4/5
f 7886/4/5 7877/4/5 7885/4/5
f 7887/2/5 7881/2/5 7880/2/5
f 7887/2/5 7882/2/5 7881/2/5
f 7888/4/5 7879/4/5 7882/4/5
f 7888/2/5 7882/2/5 7887/2/5
f 7889/4/5 7879/4/5 7888/4/5
f 7890/4/5 7884/4/5 7883/4/5
f 7896/4/5 7890/4/5 7883/4/5
f 7899/4/5 7892/4/5 7891/4/5
f 7899/4/5 7893/4/5 7892/4/5
f 7900/4/5 7893/4/5 7899/4/5
f 7901/4/5 7895/4/5 7894/4/5
f 7902/4/5 7895/4/5 7901/4/5
f 7903/4/5 7898/4/5 7897/4/5
f 7903/4/5 7897/4/5 7896/4/5
f 7903/4/5 7896/4/5 7883/4/5
f 7904/4/5 7898/4/5 7903/4/5
f 7905/4/5 7898/4/5 7904/4/5
f 7906/4/5 7898/4/5 7905/4/5
f 7909/4/5 7905/4/5 7904/4/5
f 7910/4/5 7905/4/5 7909/4/5
f 7911/2/5 7908/2/5 7907/2/5
f 7912/2/5 7908/2/5 7911/2/5
f 7915/4/5 7914/4/5 7913/4/5
f 7916/4/5 7914/4/5 7915/4/5
f 7917/4/5 7914/4/5 7916/4/5
f 7922/4/5 7916/4/5 7915/4/5
f 7923/4/5 7916/4/5 7922/4/5
f 7924/4/5 7919/4/5 7918/4/5
f 7925/4/5 7919/4/5 7924/4/5
f 7927/4/5 7921/4/5 7920/4/5
f 7930/4/5 7914/4/5 7917/4/5
f 7932/4/5 7927/4/5 7926/4/5
f 7933/4/5 7930/4/5 7929/4/5
f 7933/4/5 7929/4/5 7928/4/5
f 7934/4/5 7914/4/5 7930/4/5
f 7934/4/5 7930/4/5 7933/4/5
f 7935/4/5 7932/4/5 7931/4/5
f 7936/4/5 7927/4/5 7932/4/5
f 7936/4/5 7932/4/5 7935/4/5
f 7936/4/5 7921/4/5 7927/4/5
f 7937/4/5 7924/4/5 7918/4/5
f 7942/4/5 7937/4/5 7918/4/5
f 7942/4/5 7938/4/5 7937/4/5
f 7943/4/5 7938/4/5 7942/4/5
f 7944/4/5 7938/4/5 7943/4/5
f 7945/4/5 7941/4/5 7940/4/5
f 7945/4/5 7940/4/5 7939/4/5
f 7946/4/5 7941/4/5 7945/4/5
f 7949/4/5 7944/4/5 7943/4/5
f 7950/4/5 7944/4/5 7949/4/5
f 7951/2/5 7947/2/5 7946/2/5
f 7952/4/5 7948/4/5 7947/4/5
f 7952/2/5 7947/2/5 7951/2/5
f 7953/4/5 7952/4/5 7951/4/5
f 7954/4/5 7948/4/5 7952/4/5
f 7954/4/5 7952/4/5 7953/4/5
f 7957/2/5 7956/2/5 7955/2/5
f 7958/2/5 7956/2/5 7957/2/5
f 7961/4/5 7960/4/5 7959/4/5
f 7962/4/5 7960/4/5 7961/4/5
f 7973/4/5 7966/4/5 7965/4/5
f 7976/4/5 7968/4/5 7967/4/5
f 7977/4/5 7964/4/5 7963/4/5
f 7978/4/5 7964/4/5 7977/4/5
f 7979/4/5 7974/4/5 7973/4/5
f 7979/4/5 7973/4/5 7965/4/5
f 7980/4/5 7974/4/5 7979/4/5
f 7981/4/5 7976/4/5 7975/4/5
f 7982/4/5 7968/4/5 7976/4/5
f 7982/4/5 7976/4/5 7981/4/5
f 7983/4/5 7970/4/5 7969/4/5
f 7984/4/5 7970/4/5 7983/4/5
f 7985/4/5 7977/4/5 7963/4/5
f 7986/2/5 7978/2/5 7977/2/5
f 7986/4/5 7977/4/5 7985/4/5
f 7987/2/5 7978/2/5 7986/2/5
f 7988/4/5 7968/4/5 7982/4/5
f 7989/4/5 7968/4/5 7988/4/5
f 7990/4/5 7972/4/5 7971/4/5
f 7991/4/5 7972/4/5 7990/4/5
f 7995/4/5 7988/4/5 7982/4/5
f 7996/4/5 7993/4/5 7992/4/5
f 7997/4/5 7993/4/5 7996/4/5
f 7998/4/5 7979/4/5 7965/4/5
f 7999/4/5 7979/4/5 7998/4/5
f 8003/4/5 7995/4/5 7994/4/5
f 8004/4/5 7988/4/5 7995/4/5
f 8004/4/5 7995/4/5 8003/4/5
f 8009/4/5 8002/4/5 8001/4/5
f 8009/4/5 8001/4/5 8000/4/5
f 8010/4/5 8002/4/5 8009/4/5
f 8011/4/5 8006/4/5 8005/4/5
f 8012/4/5 8006/4/5 8011/4/5
f 8013/4/5 8008/4/5 8007/4/5
f 8014/4/5 8008/4/5 8013/4/5
f 8015/4/5 8008/4/5 8014/4/5
f 8016/4/5 8013/4/5 8012/4/5
f 8017/4/5 8013/4/5 8016/4/5
f 8018/4/5 8015/4/5 8014/4/5
f 8019/4/5 8002/4/5 8010/4/5
f 8020/4/5 8018/4/5 8014/4/5
f 8020/4/5 8019/4/5 8018/4/5
f 8021/4/5 8002/4/5 8019/4/5
f 8021/4/5 8019/4/5 8020/4/5
f 8028/4/5 8023/4/5 8022/4/5
f 8029/4/5 8023/4/5 8028/4/5
f 8030/4/5 8025/4/5 8024/4/5
f 8031/4/5 8025/4/5 8030/4/5
f 8032/4/5 8027/4/5 8026/4/5
f 8033/4/5 8027/4/5 8032/4/5
f 8034/4/5 8027/4/5 8033/4/5
f 8035/4/5 8033/4/5 8032/4/5
f 8036/4/5 8033/4/5 8035/4/5
f 8037/4/5 8023/4/5 8029/4/5
f 8038/4/5 8023/4/5 8037/4/5
f 8039/4/5 8028/4/5 8022/4/5
f 8043/4/5 8027/4/5 8034/4/5
f 8044/4/5 8039/4/5 8022/4/5
f 8044/4/5 8041/4/5 8040/4/5
f 8044/4/5 8040/4/5 8039/4/5
f 8045/4/5 8041/4/5 8044/4/5
f 8046/4/5 8030/4/5 8024/4/5
f 8047/4/5 8030/4/5 8046/4/5
f 8048/4/5 8043/4/5 8042/4/5
f 8049/4/5 8027/4/5 8043/4/5
f 8049/4/5 8043/4/5 8048/4/5
f 8050/4/5 8048/4/5 8042/4/5
f 8051/4/5 8048/4/5 8050/4/5
f 8056/4/5 8053/4/5 8052/4/5
f 8057/4/5 8053/4/5 8056/4/5
f 8060/4/5 8059/4/5 8058/4/5
f 8061/4/5 8059/4/5 8060/4/5
f 8062/4/5 8055/4/5 8054/4/5
f 8063/4/5 8055/4/5 8062/4/5
f 8066/4/5 8065/4/5 8064/4/5
f 8067/4/5 8065/4/5 8066/4/5
f 8070/4/5 8069/4/5 8068/4/5
f 8071/4/5 8069/4/5 8070/4/5
f 8072/4/5 8070/4/5 8068/4/5
f 8073/4/5 8070/4/5 8072/4/5
f 8082/4/5 8075/4/5 8074/4/5
f 8083/4/5 8075/4/5 8082/4/5
f 8084/4/5 8077/4/5 8076/4/5
f 8085/4/5 8077/4/5 8084/4/5
f 8086/4/5 8079/4/5 8078/4/5
f 8087/4/5 8079/4/5 8086/4/5
f 8088/4/5 8081/4/5 8080/4/5
f 8089/4/5 8081/4/5 8088/4/5
f 8096/4/5 8086/4/5 8078/4/5
f 8097/4/5 8086/4/5 8096/4/5
f 8100/4/5 8093/4/5 8092/4/5
f 8101/4/5 8093/4/5 8100/4/5
f 8102/4/5 8091/4/5 8090/4/5
f 8103/4/5 8091/4/5 8102/4/5
f 8104/4/5 8095/4/5 8094/4/5
f 8105/4/5 8095/4/5 8104/4/5
f 8106/4/5 8099/4/5 8098/4/5
f 8107/4/5 8099/4/5 8106/4/5
f 8112/4/5 8109/4/5 8108/4/5
f 8113/4/5 8109/4/5 8112/4/5
f 8114/4/5 8111/4/5 8110/4/5
f 8115/4/5 8111/4/5 8114/4/5
f 8118/4/5 8117/4/5 8116/4/5
f 8119/4/5 8117/4/5 8118/4/5
f 8122/4/5 8121/4/5 8120/4/5
f 8123/4/5 8121/4/5 8122/4/5
f 8124/4/5 8121/4/5 8123/4/5
f 8125/4/5 8122/4/5 8120/4/5
f 8127/4/5 8121/4/5 8124/4/5
f 8128/4/5 8121/4/5 8127/4/5
f 8130/4/5 8126/4/5 8125/4/5
f 8130/4/5 8129/4/5 8128/4/5
f 8130/4/5 8128/4/5 8127/4/5
f 8130/4/5 8127/4/5 8126/4/5
f 8130/4/5 8125/4/5 8120/4/5
f 8131/4/5 8129/4/5 8130/4/5
f 8132/4/5 8129/4/5 8131/4/5
f 8133/4/5 8129/4/5 8132/4/5
f 8134/4/5 8132/4/5 8131/4/5
f 8135/4/5 8132/4/5 8134/4/5
f 8136/4/5 8129/4/5 8133/4/5
f 8137/4/5 8129/4/5 8136/4/5
f 8140/4/5 8139/4/5 8138/4/5
f 8141/4/5 8139/4/5 8140/4/5
f 8144/2/5 8143/2/5 8142/2/5
f 8145/2/5 8143/2/5 8144/2/5
f 8148/4/5 8147/4/5 8146/4/5
f 8149/4/5 8147/4/5 8148/4/5
f 8154/4/5 8153/4/5 8152/4/5
f 8156/4/5 8151/4/5 8150/4/5
f 8157/4/5 8151/4/5 8156/4/5
f 8158/4/5 8155/4/5 8154/4/5
f 8158/4/5 8154/4/5 8152/4/5
f 8159/4/5 8155/4/5 8158/4/5
f 8164/4/5 8161/4/5 8160/4/5
f 8165/4/5 8161/4/5 8164/4/5
f 8168/4/5 8161/4/5 8165/4/5
f 8169/4/5 8161/4/5 8168/4/5
f 8170/4/5 8167/4/5 8166/4/5
f 8171/4/5 8167/4/5 8170/4/5
f 8172/4/5 8163/4/5 8162/4/5
f 8173/4/5 8163/4/5 8172/4/5
f 8175/4/5 8167/4/5 8171/4/5
f 8176/4/5 8167/4/5 8175/4/5
f 8180/4/5 8175/4/5 8174/4/5
f 8180/4/5 8176/4/5 8175/4/5
f 8180/4/5 8177/4/5 8176/4/5
f 8181/4/5 8177/4/5 8180/4/5
f 8182/4/5 8179/4/5 8178/4/5
f 8183/4/5 8179/4/5 8182/4/5
f 8184/4/5 8177/4/5 8181/4/5
f 8185/4/5 8177/4/5 8184/4/5
f 8188/4/5 8187/4/5 8186/4/5
f 8189/4/5 8187/4/5 8188/4/5
f 8194/4/5 8193/4/5 8192/4/5
f 8196/4/5 8191/4/5 8190/4/5
f 8197/4/5 8191/4/5 8196/4/5
f 8200/4/5 8195/4/5 8194/4/5
f 8200/4/5 8194/4/5 8192/4/5
f 8201/4/5 8195/4/5 8200/4/5
f 8202/4/5 8199/4/5 8198/4/5
f 8203/4/5 8199/4/5 8202/4/5
f 8206/4/5 8205/4/5 8204/4/5
f 8207/4/5 8205/4/5 8206/4/5
f 8208/4/5 8205/4/5 8207/4/5
f 8209/4/5 8195/4/5 8201/4/5
f 8210/4/5 8208/4/5 8207/4/5
f 8210/4/5 8209/4/5 8208/4/5
f 8211/4/5 8195/4/5 8209/4/5
f 8211/4/5 8209/4/5 8210/4/5
f 8214/4/5 8213/4/5 8212/4/5
f 8215/4/5 8213/4/5 8214/4/5
f 8216/4/5 8213/4/5 8215/4/5
f 8217/4/5 8213/4/5 8216/4/5
f 8219/4/5 8214/4/5 8212/4/5
f 8220/2/5 8218/2/5 8217/2/5
f 8220/2/5 8217/2/5 8216/2/5
f 8221/2/5 8218/2/5 8220/2/5
f 8224/4/5 8219/4/5 8212/4/5
f 8224/4/5 8220/4/5 8219/4/5
f 8224/4/5 8221/4/5 8220/4/5
f 8225/4/5 8221/4/5 8224/4/5
f 8226/4/5 8221/4/5 8225/4/5
f 8227/4/5 8221/4/5 8226/4/5
f 8228/4/5 8226/4/5 8225/4/5
f 8229/4/5 8226/4/5 8228/4/5
f 8232/4/5 8231/4/5 8230/4/5
f 8233/4/5 8231/4/5 8232/4/5
f 8234/4/5 8223/4/5 8222/4/5
f 8235/4/5 8223/4/5 8234/4/5
f 8238/4/5 8237/4/5 8236/4/5
f 8239/4/5 8237/4/5 8238/4/5
f 8243/4/5 8241/4/5 8240/4/5
f 8243/4/5 8242/4/5 8241/4/5
f 8244/4/5 8242/4/5 8243/4/5
f 8247/4/5 8246/4/5 8245/4/5
f 8248/4/5 8246/4/5 8247/4/5
f 8253/4/5 8250/4/5 8249/4/5
f 8254/4/5 8250/4/5 8253/4/5
f 8255/4/5 8252/4/5 8251/4/5
f 8256/4/5 8252/4/5 8255/4/5
f 8257/2/5 8254/2/5 8253/2/5
f 8258/2/5 8254/2/5 8257/2/5
f 8261/4/5 8260/4/5 8259/4/5
f 8262/4/5 8260/4/5 8261/4/5
f 8263/4/5 8260/4/5 8262/4/5
f 8264/4/5 8263/4/5 8262/4/5
f 8265/4/5 8263/4/5 8264/4/5
f 8270/4/5 8269/4/5 8268/4/5
f 8271/4/5 8269/4/5 8270/4/5
f 8272/4/5 8267/4/5 8266/4/5
f 8273/4/5 8272/4/5 8266/4/5
f 8274/4/5 8269/4/5 8271/4/5
f 8275/4/5 8273/4/5 8266/4/5
f 8275/4/5 8274/4/5 8273/4/5
f 8276/4/5 8269/4/5 8274/4/5
f 8276/4/5 8274/4/5 8275/4/5
f 8281/4/5 8278/4/5 8277/4/5
f 8282/2/5 8280/2/5 8279/2/5
f 8283/2/5 8280/2/5 8282/2/5
f 8284/4/5 8278/4/5 8281/4/5
f 8285/4/5 8278/4/5 8284/4/5
f 8288/4/5 8287/4/5 8286/4/5
f 8289/4/5 8287/4/5 8288/4/5
f 8290/4/5 8287/4/5 8289/4/5
f 8296/4/5 8292/4/5 8291/4/5
f 8297/4/5 8294/4/5 8293/4/5
f 8298/4/5 8294/4/5 8297/4/5
f 8299/4/5 8296/4/5 8295/4/5
f 8299/4/5 8292/4/5 8296/4/5
f 8302/4/5 8301/4/5 8300/4/5
f 8303/4/5 8301/4/5 8302/4/5
f 8304/4/5 8299/4/5 8295/4/5
f 8305/4/5 8299/4/5 8304/4/5
f 8308/4/5 8307/4/5 8306/4/5
f 8309/4/5 8307/4/5 8308/4/5
f 8310/4/5 8307/4/5 8309/4/5
f 8311/4/5 8307/4/5 8310/4/5
f 8312/2/5 8310/2/5 8309/2/5
f 8313/2/5 8310/2/5 8312/2/5
f 8316/4/5 8315/4/5 8314/4/5
f 8317/4/5 8315/4/5 8316/4/5
f 8320/4/5 8319/4/5 8318/4/5
f 8321/4/5 8319/4/5 8320/4/5
f 8322/4/5 8319/4/5 8321/4/5
f 8323/4/5 8319/4/5 8322/4/5
f 8325/4/5 8315/4/5 8317/4/5
f 8326/2/5 8323/2/5 8322/2/5
f 8327/4/5 8319/4/5 8323/4/5
f 8327/2/5 8323/2/5 8326/2/5
f 8328/4/5 8319/4/5 8327/4/5
f 8329/4/5 8325/4/5 8324/4/5
f 8330/4/5 8315/4/5 8325/4/5
f 8330/4/5 8325/4/5 8329/4/5
f 8333/4/5 8332/4/5 8331/4/5
f 8334/4/5 8332/4/5 8333/4/5
f 8337/4/5 8336/4/5 8335/4/5
f 8338/4/5 8336/4/5 8337/4/5
f 8341/4/5 8340/4/5 8339/4/5
f 8342/4/5 8337/4/5 8335/4/5
f 8343/4/5 8341/4/5 8339/4/5
f 8344/4/5 8342/4/5 8335/4/5
f 8344/4/5 8343/4/5 8342/4/5
f 8345/4/5 8341/4/5 8343/4/5
f 8345/4/5 8343/4/5 8344/4/5
f 8348/4/5 8347/4/5 8346/4/5
f 8349/4/5 8347/4/5 8348/4/5
f 8350/4/5 8348/4/5 8346/4/5
f 8353/4/5 8347/4/5 8349/4/5
f 8354/4/5 8351/4/5 8350/4/5
f 8354/4/5 8350/4/5 8346/4/5
f 8355/4/5 8351/4/5 8354/4/5
f 8356/4/5 8353/4/5 8352/4/5
f 8357/4/5 8347/4/5 8353/4/5
f 8357/4/5 8353/4/5 8356/4/5
f 8360/4/5 8359/4/5 8358/4/5
f 8361/4/5 8359/4/5 8360/4/5
f 8366/4/5 8363/4/5 8362/4/5
f 8367/4/5 8363/4/5 8366/4/5
f 8372/4/5 8365/4/5 8364/4/5
f 8374/4/5 8366/4/5 8362/4/5
f 8375/4/5 8366/4/5 8374/4/5
f 8376/2/5 8369/2/5 8368/2/5
f 8377/2/5 8369/2/5 8376/2/5
f 8378/2/5 8371/2/5 8370/2/5
f 8379/2/5 8371/2/5 8378/2/5
f 8380/4/5 8373/4/5 8372/4/5
f 8380/4/5 8372/4/5 8364/4/5
f 8381/4/5 8373/4/5 8380/4/5
f 8384/4/5 8363/4/5 8367/4/5
f 8388/4/5 8384/4/5 8383/4/5
f 8388/4/5 8383/4/5 8382/4/5
f 8389/4/5 8363/4/5 8384/4/5
f 8389/4/5 8384/4/5 8388/4/5
f 8390/4/5 8387/4/5 8386/4/5
f 8390/4/5 8386/4/5 8385/4/5
f 8391/4/5 8387/4/5 8390/4/5
f 8392/4/5 8373/4/5 8381/4/5
f 8393/4/5 8373/4/5 8392/4/5
f 8396/4/5 8395/4/5 8394/4/5
f 8397/4/5 8395/4/5 8396/4/5
f 8403/4/5 8401/4/5 8400/4/5
f 8404/4/5 8399/4/5 8398/4/5
f 8405/4/5 8399/4/5 8404/4/5
f 8406/4/5 8403/4/5 8402/4/5
f 8407/4/5 8401/4/5 8403/4/5
f 8407/4/5 8403/4/5 8406/4/5
f 8410/4/5 8409/4/5 8408/4/5
f 8411/4/5 8409/4/5 8410/4/5
f 8414/4/5 8413/4/5 8412/4/5
f 8415/4/5 8413/4/5 8414/4/5
f 8420/4/5 8417/4/5 8416/4/5
f 8421/4/5 8417/4/5 8420/4/5
f 8422/4/5 8419/4/5 8418/4/5
f 8423/4/5 8419/4/5 8422/4/5
f 8428/4/5 8425/4/5 8424/4/5
f 8429/4/5 8425/4/5 8428/4/5
f 8430/4/5 8427/4/5 8426/4/5
f 8431/4/5 8427/4/5 8430/4/5
f 8434/4/5 8433/4/5 8432/4/5
f 8435/4/5 8433/4/5 8434/4/5
f 8444/4/5 8437/4/5 8436/4/5
f 8447/4/5 8443/4/5 8442/4/5
f 8448/4/5 8443/4/5 8447/4/5
f 8449/4/5 8444/4/5 8436/4/5
f 8450/4/5 8444/4/5 8449/4/5
f 8451/4/5 8444/4/5 8450/4/5
f 8452/4/5 8446/4/5 8445/4/5
f 8453/4/5 8446/4/5 8452/4/5
f 8454/4/5 8439/4/5 8438/4/5
f 8455/4/5 8447/4/5 8442/4/5
f 8457/2/5 8450/2/5 8449/2/5
f 8458/2/5 8450/2/5 8457/2/5
f 8461/4/5 8454/4/5 8438/4/5
f 8462/4/5 8454/4/5 8461/4/5
f 8463/4/5 8441/4/5 8440/4/5
f 8464/4/5 8441/4/5 8463/4/5
f 8465/4/5 8456/4/5 8455/4/5
f 8465/4/5 8455/4/5 8442/4/5
f 8466/4/5 8456/4/5 8465/4/5
f 8467/4/5 8460/4/5 8459/4/5
f 8470/4/5 8460/4/5 8467/4/5
f 8471/4/5 8446/4/5 8453/4/5
f 8472/4/5 8469/4/5 8468/4/5
f 8473/4/5 8469/4/5 8472/4/5
f 8474/4/5 8470/4/5 8467/4/5
f 8474/4/5 8471/4/5 8470/4/5
f 8475/4/5 8446/4/5 8471/4/5
f 8475/4/5 8471/4/5 8474/4/5
f 8478/4/5 8477/4/5 8476/4/5
f 8479/4/5 8477/4/5 8478/4/5
f 8482/4/5 8481/4/5 8480/4/5
f 8483/4/5 8481/4/5 8482/4/5
f 8488/4/5 8485/4/5 8484/4/5
f 8489/4/5 8485/4/5 8488/4/5
f 8490/4/5 8485/4/5 8489/4/5
f 8493/4/5 8487/4/5 8486/4/5
f 8494/4/5 8487/4/5 8493/4/5
f 8495/4/5 8490/4/5 8489/4/5
f 8496/4/5 8490/4/5 8495/4/5
f 8497/4/5 8492/4/5 8491/4/5
f 8498/4/5 8492/4/5 8497/4/5
f 8499/4/5 8487/4/5 8494/4/5
f 8500/4/5 8487/4/5 8499/4/5
f 8501/4/5 8488/4/5 8484/4/5
f 8504/4/5 8501/4/5 8484/4/5
f 8506/4/5 8492/4/5 8498/4/5
f 8507/4/5 8492/4/5 8506/4/5
f 8508/4/5 8493/4/5 8486/4/5
f 8509/4/5 8503/4/5 8502/4/5
f 8510/4/5 8505/4/5 8504/4/5
f 8510/4/5 8504/4/5 8484/4/5
f 8511/4/5 8505/4/5 8510/4/5
f 8514/4/5 8509/4/5 8508/4/5
f 8514/4/5 8508/4/5 8486/4/5
f 8515/4/5 8503/4/5 8509/4/5
f 8515/4/5 8509/4/5 8514/4/5
f 8516/4/5 8513/4/5 8512/4/5
f 8517/4/5 8513/4/5 8516/4/5
f 8518/4/5 8506/4/5 8498/4/5
f 8519/4/5 8506/4/5 8518/4/5
f 8520/4/5 8503/4/5 8515/4/5
f 8521/4/5 8503/4/5 8520/4/5
f 8524/4/5 8523/4/5 8522/4/5
f 8525/4/5 8523/4/5 8524/4/5
f 8530/4/5 8527/4/5 8526/4/5
f 8531/4/5 8527/4/5 8530/4/5
f 8534/4/5 8529/4/5 8528/4/5
f 8535/4/5 8529/4/5 8534/4/5
f 8538/4/5 8533/4/5 8532/4/5
f 8539/4/5 8533/4/5 8538/4/5
f 8544/4/5 8543/4/5 8542/4/5
f 8545/4/5 8543/4/5 8544/4/5
f 8546/4/5 8537/4/5 8536/4/5
f 8547/4/5 8537/4/5 8546/4/5
f 8549/4/5 8533/4/5 8539/4/5
f 8550/4/5 8541/4/5 8540/4/5
f 8551/4/5 8541/4/5 8550/4/5
f 8552/4/5 8543/4/5 8545/4/5
f 8553/4/5 8543/4/5 8552/4/5
f 8557/4/5 8549/4/5 8548/4/5
f 8558/4/5 8533/4/5 8549/4/5
f 8558/4/5 8549/4/5 8557/4/5
f 8561/4/5 8556/4/5 8555/4/5
f 8561/4/5 8555/4/5 8554/4/5
f 8562/4/5 8556/4/5 8561/4/5
f 8563/4/5 8560/4/5 8559/4/5
f 8564/4/5 8560/4/5 8563/4/5
f 8565/4/5 8560/4/5 8564/4/5
f 8566/4/5 8565/4/5 8564/4/5
f 8567/4/5 8565/4/5 8566/4/5
f 8570/4/5 8569/4/5 8568/4/5
f 8571/4/5 8569/4/5 8570/4/5
f 8576/2/5 8575/2/5 8574/2/5
f 8577/2/5 8575/2/5 8576/2/5
f 8578/4/5 8573/4/5 8572/4/5
f 8579/4/5 8573/4/5 8578/4/5
f 8585/4/5 8581/4/5 8580/4/5
f 8586/4/5 8581/4/5 8585/4/5
f 8589/4/5 8584/4/5 8583/4/5
f 8589/4/5 8583/4/5 8582/4/5
f 8591/4/5 8588/4/5 8587/4/5
f 8592/4/5 8588/4/5 8591/4/5
f 8593/4/5 8590/4/5 8589/4/5
f 8593/4/5 8589/4/5 8582/4/5
f 8594/4/5 8590/4/5 8593/4/5
f 8597/2/5 8596/2/5 8595/2/5
f 8598/2/5 8596/2/5 8597/2/5
f 8604/4/5 8600/4/5 8599/4/5
f 8608/4/5 8602/4/5 8601/4/5
f 8611/4/5 8604/4/5 8603/4/5
f 8612/4/5 8600/4/5 8604/4/5
f 8612/4/5 8604/4/5 8611/4/5
f 8618/4/5 8608/4/5 8607/4/5
f 8619/4/5 8610/4/5 8609/4/5
f 8620/4/5 8610/4/5 8619/4/5
f 8621/4/5 8614/4/5 8613/4/5
f 8622/4/5 8614/4/5 8621/4/5
f 8623/4/5 8606/4/5 8605/4/5
f 8624/4/5 8616/4/5 8615/4/5
f 8625/4/5 8618/4/5 8617/4/5
f 8626/4/5 8602/4/5 8608/4/5
f 8626/4/5 8618/4/5 8625/4/5
f 8626/4/5 8608/4/5 8618/4/5
f 8627/4/5 8624/4/5 8623/4/5
f 8627/4/5 8623/4/5 8605/4/5
f 8628/4/5 8616/4/5 8624/4/5
f 8628/4/5 8624/4/5 8627/4/5
f 8633/4/5 8630/4/5 8629/4/5
f 8634/4/5 8630/4/5 8633/4/5
f 8635/4/5 8630/4/5 8634/4/5
f 8638/2/5 8634/2/5 8633/2/5
f 8639/2/5 8634/2/5 8638/2/5
f 8641/4/5 8637/4/5 8636/4/5
f 8642/4/5 8637/4/5 8641/4/5
f 8643/4/5 8640/4/5 8639/4/5
f 8643/4/5 8639/4/5 8638/4/5
f 8644/4/5 8640/4/5 8643/4/5
f 8645/4/5 8641/4/5 8636/4/5
f 8651/4/5 8632/4/5 8631/4/5
f 8652/4/5 8647/4/5 8646/4/5
f 8653/4/5 8647/4/5 8652/4/5
f 8656/4/5 8641/4/5 8645/4/5
f 8658/4/5 8651/4/5 8650/4/5
f 8659/4/5 8632/4/5 8651/4/5
f 8659/4/5 8651/4/5 8658/4/5
f 8660/4/5 8649/4/5 8648/4/5
f 8661/4/5 8649/4/5 8660/4/5
f 8662/4/5 8655/4/5 8654/4/5
f 8663/4/5 8657/4/5 8656/4/5
f 8663/4/5 8656/4/5 8645/4/5
f 8664/4/5 8657/4/5 8663/4/5
f 8665/4/5 8657/4/5 8664/4/5
f 8668/4/5 8662/4/5 8654/4/5
f 8668/4/5 8663/4/5 8662/4/5
f 8668/4/5 8664/4/5 8663/4/5
f 8669/4/5 8664/4/5 8668/4/5
f 8670/4/5 8667/4/5 8666/4/5
f 8671/4/5 8667/4/5 8670/4/5
f 8674/4/5 8673/4/5 8672/4/5
f 8675/4/5 8673/4/5 8674/4/5
f 8676/4/5 8674/4/5 8672/4/5
f 8677/4/5 8674/4/5 8676/4/5
f 8678/4/5 8673/4/5 8675/4/5
f 8679/4/5 8673/4/5 8678/4/5
f 8682/4/5 8681/4/5 8680/4/5
f 8683/4/5 8681/4/5 8682/4/5
f 8686/4/5 8682/4/5 8680/4/5
f 8687/4/5 8682/4/5 8686/4/5
f 8688/4/5 8681/4/5 8683/4/5
f 8689/4/5 8681/4/5 8688/4/5
f 8690/4/5 8685/4/5 8684/4/5
f 8691/4/5 8685/4/5 8690/4/5
f 8694/2/5 8687/2/5 8686/2/5
f 8695/2/5 8687/2/5 8694/2/5
f 8698/4/5 8695/4/5 8694/4/5
f 8699/4/5 8697/4/5 8696/4/5
f 8700/4/5 8698/4/5 8694/4/5
f 8700/4/5 8699/4/5 8698/4/5
f 8701/4/5 8697/4/5 8699/4/5
f 8701/4/5 8699/4/5 8700/4/5
f 8704/4/5 8693/4/5 8692/4/5
f 8705/4/5 8693/4/5 8704/4/5
f 8706/4/5 8703/4/5 8702/4/5
f 8707/4/5 8703/4/5 8706/4/5
f 8712/4/5 8709/4/5 8708/4/5
f 8713/4/5 8709/4/5 8712/4/5
f 8716/4/5 8711/4/5 8710/4/5
f 8717/4/5 8711/4/5 8716/4/5
f 8718/4/5 8715/4/5 8714/4/5
f 8719/4/5 8715/4/5 8718/4/5
f 8722/4/5 8721/4/5 8720/4/5
f 8723/4/5 8721/4/5 8722/4/5
f 8724/4/5 8722/4/5 8720/4/5
f 8725/4/5 8722/4/5 8724/4/5
f 8726/4/5 8721/4/5 8723/4/5
f 8727/4/5 8721/4/5 8726/4/5
f 8730/4/5 8729/4/5 8728/4/5
f 8731/4/5 8729/4/5 8730/4/5
f 8732/4/5 8730/4/5 8728/4/5
f 8735/4/5 8729/4/5 8731/4/5
f 8736/4/5 8734/4/5 8733/4/5
f 8736/4/5 8735/4/5 8734/4/5
f 8736/4/5 8732/4/5 8728/4/5
f 8736/4/5 8733/4/5 8732/4/5
f 8737/4/5 8729/4/5 8735/4/5
f 8737/4/5 8735/4/5 8736/4/5
f 8742/4/5 8739/4/5 8738/4/5
f 8743/4/5 8739/4/5 8742/4/5
f 8744/4/5 8741/4/5 8740/4/5
f 8745/4/5 8741/4/5 8744/4/5
f 8746/4/5 8741/4/5 8745/4/5
f 8753/4/5 8748/4/5 8747/4/5
f 8754/4/5 8748/4/5 8753/4/5
f 8755/4/5 8750/4/5 8749/4/5
f 8756/4/5 8752/4/5 8751/4/5
f 8757/4/5 8748/4/5 8754/4/5
f 8758/4/5 8748/4/5 8757/4/5
f 8759/4/5 8755/4/5 8749/4/5
f 8760/4/5 8752/4/5 8756/4/5
f 8761/4/5 8759/4/5 8749/4/5
f 8762/4/5 8759/4/5 8761/4/5
f 8763/4/5 8752/4/5 8760/4/5
f 8764/4/5 8752/4/5 8763/4/5
f 8767/4/5 8766/4/5 8765/4/5
f 8768/4/5 8766/4/5 8767/4/5
f 8771/4/5 8770/4/5 8769/4/5
f 8772/4/5 8770/4/5 8771/4/5
f 8773/4/5 8771/4/5 8769/4/5
f 8776/4/5 8770/4/5 8772/4/5
f 8777/4/5 8775/4/5 8774/4/5
f 8777/4/5 8776/4/5 8775/4/5
f 8777/4/5 8773/4/5 8769/4/5
f 8777/4/5 8774/4/5 8773/4/5
f 8778/4/5 8770/4/5 8776/4/5
f 8778/4/5 8776/4/5 8777/4/5
f 8781/4/5 8780/4/5 8779/4/5
f 8782/4/5 8780/4/5 8781/4/5
f 8787/4/5 8784/4/5 8783/4/5
f 8788/4/5 8784/4/5 8787/4/5
f 8789/4/5 8786/4/5 8785/4/5
f 8790/4/5 8786/4/5 8789/4/5
f 8793/4/5 8792/4/5 8791/4/5
f 8794/4/5 8792/4/5 8793/4/5
f 8797/4/5 8796/4/5 8795/4/5
f 8799/4/5 8797/4/5 8795/4/5
f 8799/4/5 8798/4/5 8797/4/5
f 8800/4/5 8798/4/5 8799/4/5
f 8805/4/5 8802/4/5 8801/4/5
f 8806/4/5 8802/4/5 8805/4/5
f 8807/4/5 8802/4/5 8806/4/5
f 8808/4/5 8802/4/5 8807/4/5
f 8811/4/5 8804/4/5 8803/4/5
f 8812/4/5 8808/4/5 8807/4/5
f 8813/4/5 8808/4/5 8812/4/5
f 8814/4/5 8810/4/5 8809/4/5
f 8815/4/5 8810/4/5 8814/4/5
f 8816/4/5 8811/4/5 8803/4/5
f 8817/4/5 8811/4/5 8816/4/5
f 8818/4/5 8810/4/5 8815/4/5
f 8819/4/5 8810/4/5 8818/4/5
f 8820/4/5 8810/4/5 8819/4/5
f 8827/4/5 8822/4/5 8821/4/5
f 8828/4/5 8822/4/5 8827/4/5
f 8829/4/5 8824/4/5 8823/4/5
f 8830/4/5 8826/4/5 8825/4/5
f 8830/4/5 8829/4/5 8828/4/5
f 8830/4/5 8828/4/5 8827/4/5
f 8830/4/5 8827/4/5 8826/4/5
f 8831/4/5 8829/4/5 8830/4/5
f 8832/4/5 8824/4/5 8829/4/5
f 8832/4/5 8829/4/5 8831/4/5
f 8837/4/5 8834/4/5 8833/4/5
f 8838/4/5 8834/4/5 8837/4/5
f 8839/4/5 8836/4/5 8835/4/5
f 8840/4/5 8836/4/5 8839/4/5
f 8843/4/5 8842/4/5 8841/4/5
f 8844/4/5 8842/4/5 8843/4/5
f 8847/4/5 8846/4/5 8845/4/5
f 8848/4/5 8846/4/5 8847/4/5
f 8849/4/5 8846/4/5 8848/4/5
f 8850/4/5 8846/4/5 8849/4/5
f 8853/4/5 8852/4/5 8851/4/5
f 8854/4/5 8852/4/5 8853/4/5
f 8855/4/5 8847/4/5 8845/4/5
f 8856/4/5 8847/4/5 8855/4/5
f 8861/4/5 8858/4/5 8857/4/5
f 8862/4/5 8858/4/5 8861/4/5
f 8863/4/5 8860/4/5 8859/4/5
f 8864/4/5 8860/4/5 8863/4/5
f 8866/4/5 8860/4/5 8864/4/5
f 8867/4/5 8866/4/5 8865/4/5
f 8868/4/5 8860/4/5 8866/4/5
f 8868/4/5 8866/4/5 8867/4/5
f 8873/4/5 8870/4/5 8869/4/5
f 8874/4/5 8870/4/5 8873/4/5
f 8875/4/5 8870/4/5 8874/4/5
f 8876/4/5 8872/4/5 8871/4/5
f 8877/4/5 8872/4/5 8876/4/5
f 8880/4/5 8879/4/5 8878/4/5
f 8881/4/5 8879/4/5 8880/4/5
f 8882/4/5 8879/4/5 8881/4/5
f 8885/4/5 8884/4/5 8883/4/5
f 8886/4/5 8884/4/5 8885/4/5
f 8891/4/5 8890/4/5 8889/4/5
f 8892/4/5 8891/4/5 8889/4/5
f 8893/4/5 8891/4/5 8892/4/5
f 8896/4/5 8888/4/5 8887/4/5
f 8897/4/5 8888/4/5 8896/4/5
f 8898/4/5 8895/4/5 8894/4/5
f 8899/4/5 8895/4/5 8898/4/5
f 8902/4/5 8901/4/5 8900/4/5
f 8903/4/5 8901/4/5 8902/4/5
f 8906/4/5 8905/4/5 8904/4/5
f 8907/4/5 8905/4/5 8906/4/5
f 8910/4/5 8909/4/5 8908/4/5
f 8911/4/5 8909/4/5 8910/4/5
f 8912/4/5 8909/4/5 8911/4/5
f 8913/4/5 8909/4/5 8912/4/5
f 8916/4/5 8915/4/5 8914/4/5
f 8917/4/5 8915/4/5 8916/4/5
f 8918/4/5 8915/4/5 8917/4/5
f 8919/4/5 8915/4/5 8918/4/5
f 8922/4/5 8921/4/5 8920/4/5
f 8923/4/5 8921/4/5 8922/4/5
f 8926/4/5 8925/4/5 8924/4/5
f 8927/4/5 8925/4/5 8926/4/5
f 8928/3/6 8929/3/6 8932/3/6
f 8929/1/6 8930/1/6 8933/1/6
f 8932/3/6 8929/3/6 8933/3/6
f 8930/3/6 8931/3/6 8934/3/6
f 8933/1/6 8930/1/6 8934/1/6
f 8934/3/6 8931/3/6 8935/3/6
f 8928/3/6 8932/3/6 8936/3/6
f 8932/1/6 8933/1/6 8937/1/6
f 8936/3/6 8932/3/6 8937/3/6
f 8933/1/6 8934/1/6 8937/1/6
f 8934/1/6 8935/1/6 8937/1/6
f 8935/3/6 8931/3/6 8938/3/6
f 8937/1/6 8935/1/6 8938/1/6
f 8938/3/6 8931/3/6 8939/3/6
f 8928/3/6 8936/3/6 8940/3/6
f 8936/1/6 8937/1/6 8941/1/6
f 8940/3/6 8936/3/6 8941/3/6
f 8937/1/6 8938/1/6 8941/1/6
f 8938/1/6 8939/1/6 8941/1/6
f 8939/3/6 8931/3/6 8942/3/6
f 8941/1/6 8939/1/6 8942/1/6
f 8942/3/6 8931/3/6 8943/3/6
f 8928/3/6 8940/3/6 8944/3/6
f 8940/1/6 8941/1/6 8945/1/6
f 8944/3/6 8940/3/6 8945/3/6
f 8941/1/6 8942/1/6 8945/1/6
f 8942/1/6 8943/1/6 8945/1/6
f 8928/3/6 8944/3/6 8946/3/6
f 8944/1/6 8945/1/6 8947/1/6
f 8946/3/6 8944/3/6 8947/3/6
f 8945/1/6 8943/1/6 8948/1/6
f 8947/1/6 8945/1/6 8948/1/6
f 8943/3/6 8931/3/6 8948/3/6
f 8948/3/6 8931/3/6 8949/3/6
f 8928/3/6 8946/3/6 8950/3/6
f 8946/1/6 8947/1/6 8951/1/6
f 8950/3/6 8946/3/6 8951/3/6
f 8947/1/6 8948/1/6 8951/1/6
f 8948/1/6 8949/1/6 8951/1/6
f 8951/1/6 8949/1/6 8952/1/6
f 8952/1/6 8949/1/6 8953/1/6
f 8928/3/6 8950/3/6 8954/3/6
f 8950/1/6 8951/1/6 8955/1/6
f 8954/3/6 8950/3/6 8955/3/6
f 8951/1/6 8952/1/6 8955/1/6
f 8955/1/6 8952/1/6 8956/1/6
f 8956/1/6 8952/1/6 8957/1/6
f 8953/1/6 8949/1/6 8958/1/6
f 8958/1/6 8949/1/6 8959/1/6
f 8928/3/6 8954/3/6 8960/3/6
f 8954/1/6 8955/1/6 8961/1/6
f 8960/3/6 8954/3/6 8961/3/6
f 8955/1/6 8956/1/6 8961/1/6
f 8961/1/6 8956/1/6 8962/1/6
f 8962/1/6 8956/1/6 8963/1/6
f 8959/1/6 8949/1/6 8964/1/6
f 8949/3/6 8931/3/6 8964/3/6
f 8964/3/6 8931/3/6 8965/3/6
f 8928/3/6 8960/3/6 8966/3/6
f 8961/1/6 8962/1/6 8967/1/6
f 8966/3/6 8960/3/6 8967/3/6
f 8960/1/6 8961/1/6 8967/1/6
f 8967/1/6 8962/1/6 8968/1/6
f 8968/1/6 8962/1/6 8969/1/6
f 8964/1/6 8965/1/6 8970/1/6
f 8959/1/6 8964/1/6 8970/1/6
f 8970/1/6 8965/1/6 8971/1/6
f 8965/3/6 8931/3/6 8972/3/6
f 8971/1/6 8965/1/6 8972/1/6
f 8972/3/6 8931/3/6 8973/3/6
f 8928/3/6 8966/3/6 8974/3/6
f 8967/1/6 8968/1/6 8975/1/6
f 8974/3/6 8966/3/6 8975/3/6
f 8966/1/6 8967/1/6 8975/1/6
f 8975/1/6 8968/1/6 8976/1/6
f 8976/1/6 8968/1/6 8977/1/6
f 8928/3/6 8974/3/6 8978/3/6
f 8974/1/6 8975/1/6 8979/1/6
f 8978/3/6 8974/3/6 8979/3/6
f 8975/1/6 8976/1/6 8979/1/6
f 8979/1/6 8976/1/6 8980/1/6
f 8980/1/6 8976/1/6 8981/1/6
f 8972/1/6 8973/1/6 8982/1/6
f 8971/1/6 8972/1/6 8982/1/6
f 8982/1/6 8973/1/6 8983/1/6
f 8973/3/6 8931/3/6 8984/3/6
f 8983/1/6 8973/1/6 8984/1/6
f 8984/3/6 8931/3/6 8985/3/6
f 8928/3/6 8978/3/6 8986/3/6
f 8979/1/6 8980/1/6 8987/1/6
f 8986/3/6 8978/3/6 8987/3/6
f 8978/1/6 8979/1/6 8987/1/6
f 8987/1/6 8980/1/6 8988/1/6
f 8988/1/6 8980/1/6 8989/1/6
f 8986/1/6 8987/1/6 8990/1/6
f 8987/1/6 8988/1/6 8990/1/6
f 8990/1/6 8988/1/6 8991/1/6
f 8928/3/6 8986/3/6 8992/3/6
f 8986/1/6 8990/1/6 8992/1/6
f 8992/1/6 8990/1/6 8993/1/6
f 8993/1/6 8990/1/6 8994/1/6
f 8994/1/6 8990/1/6 8995/1/6
f 8984/1/6 8985/1/6 8996/1/6
f 8983/1/6 8984/1/6 8996/1/6
f 8996/1/6 8985/1/6 8997/1/6
f 8985/3/6 8931/3/6 8998/3/6
f 8997/1/6 8985/1/6 8998/1/6
f 8998/3/6 8931/3/6 8999/3/6
f 8993/1/6 8994/1/6 9000/1/6
f 9000/1/6 8994/1/6 9001/1/6
f 8993/1/6 9000/1/6 9002/1/6
f 9002/1/6 9000/1/6 9003/1/6
f 8998/1/6 8999/1/6 9004/1/6
f 8997/1/6 8998/1/6 9004/1/6
f 9004/1/6 8999/1/6 9005/1/6
f 8999/3/6 8931/3/6 9006/3/6
f 9005/1/6 8999/1/6 9006/1/6
f 9006/3/6 8931/3/6 9007/3/6
f 8993/1/6 9002/1/6 9008/1/6
f 9008/1/6 9002/1/6 9009/1/6
f 8992/3/6 8993/3/6 9010/3/6
f 8993/1/6 9008/1/6 9010/1/6
f 9010/1/6 9008/1/6 9011/1/6
f 9007/3/6 8931/3/6 9012/3/6
f 9006/1/6 9007/1/6 9012/1/6
f 9005/1/6 9006/1/6 9012/1/6
f 9012/3/6 8931/3/6 9013/3/6
f 8992/3/6 9010/3/6 9014/3/6
f 8928/3/6 8992/3/6 9014/3/6
f 9014/3/6 9010/3/6 9015/3/6
f 9011/1/6 9008/1/6 9016/1/6
f 9016/1/6 9008/1/6 9017/1/6
f 9017/1/6 9008/1/6 9018/1/6
f 9018/1/6 9008/1/6 9019/1/6
f 9012/1/6 9013/1/6 9020/1/6
f 9005/1/6 9012/1/6 9020/1/6
f 9020/1/6 9013/1/6 9021/1/6
f 9013/3/6 8931/3/6 9022/3/6
f 9021/1/6 9013/1/6 9022/1/6
f 9022/3/6 8931/3/6 9023/3/6
f 8928/3/6 9014/3/6 9024/3/6
f 9014/1/6 9015/1/6 9025/1/6
f 9024/3/6 9014/3/6 9025/3/6
f 9025/1/6 9015/1/6 9026/1/6
f 9017/1/6 9018/1/6 9028/1/6
f 9028/1/6 9018/1/6 9029/1/6
f 9026/1/6 9027/1/6 9030/1/6
f 9024/1/6 9025/1/6 9030/1/6
f 9025/1/6 9026/1/6 9030/1/6
f 9029/1/6 9018/1/6 9032/1/6
f 9032/1/6 9018/1/6 9033/1/6
f 9033/1/6 9018/1/6 9034/1/6
f 9034/1/6 9018/1/6 9035/1/6
f 8928/3/6 9024/3/6 9036/3/6
f 9030/1/6 9031/1/6 9037/1/6
f 9036/3/6 9024/3/6 9037/3/6
f 9024/1/6 9030/1/6 9037/1/6
f 9037/1/6 9031/1/6 9038/1/6
f 9033/1/6 9034/1/6 9040/1/6
f 9040/1/6 9034/1/6 9041/1/6
f 8928/3/6 9036/3/6 9042/3/6
f 9038/1/6 9039/1/6 9043/1/6
f 9042/3/6 9036/3/6 9043/3/6
f 9036/1/6 9037/1/6 9043/1/6
f 9037/1/6 9038/1/6 9043/1/6
f 9043/1/6 9039/1/6 9044/1/6
f 9022/1/6 9023/1/6 9046/1/6
f 9021/1/6 9022/1/6 9046/1/6
f 9046/1/6 9023/1/6 9047/1/6
f 8928/3/6 9042/3/6 9048/3/6
f 9044/1/6 9045/1/6 9049/1/6
f 9048/3/6 9042/3/6 9049/3/6
f 9043/1/6 9044/1/6 9049/1/6
f 9042/1/6 9043/1/6 9049/1/6
f 9049/1/6 9045/1/6 9050/1/6
f 9050/1/6 9045/1/6 9051/1/6
f 9047/1/6 9023/1/6 9052/1/6
f 9052/1/6 9023/1/6 9053/1/6
f 9053/1/6 9023/1/6 9054/1/6
f 9023/3/6 8931/3/6 9055/3/6
f 9054/1/6 9023/1/6 9055/1/6
f 9048/1/6 9049/1/6 9056/1/6
f 9049/1/6 9050/1/6 9056/1/6
f 9056/1/6 9050/1/6 9057/1/6
f 9053/1/6 9054/1/6 9058/1/6
f 9058/1/6 9054/1/6 9059/1/6
f 9048/1/6 9056/1/6 9060/1/6
f 9060/1/6 9056/1/6 9061/1/6
f 9059/1/6 9054/1/6 9062/1/6
f 9062/1/6 9054/1/6 9063/1/6
f 9063/1/6 9054/1/6 9064/1/6
f 9054/3/6 9055/3/6 9065/3/6
f 9064/1/6 9054/1/6 9065/1/6
f 9048/1/6 9060/1/6 9066/1/6
f 9066/1/6 9060/1/6 9067/1/6
f 9067/1/6 9060/1/6 9068/1/6
f 9068/1/6 9060/1/6 9069/1/6
f 9067/1/6 9068/1/6 9070/1/6
f 9070/1/6 9068/1/6 9071/1/6
f 9063/1/6 9064/1/6 9072/1/6
f 9064/3/6 9065/3/6 9072/3/6
f 9065/3/6 9055/3/6 9073/3/6
f 9072/3/6 9065/3/6 9073/3/6
f 9063/1/6 9072/1/6 9074/1/6
f 9072/1/6 9073/1/6 9074/1/6
f 9074/1/6 9073/1/6 9075/1/6
f 9075/1/6 9073/1/6 9076/1/6
f 9076/1/6 9073/1/6 9077/1/6
f 9073/3/6 9055/3/6 9078/3/6
f 9077/1/6 9073/1/6 9078/1/6
f 9078/3/6 9055/3/6 9079/3/6
f 9066/3/6 9067/3/6 9080/3/6
f 9067/1/6 9070/1/6 9080/1/6
f 9080/1/6 9070/1/6 9081/1/6
f 9078/1/6 9079/1/6 9082/1/6
f 9077/1/6 9078/1/6 9082/1/6
f 9082/1/6 9079/1/6 9083/1/6
f 9083/1/6 9079/1/6 9086/1/6
f 9086/1/6 9079/1/6 9087/1/6
f 9079/3/6 9055/3/6 9088/3/6
f 9087/1/6 9079/1/6 9088/1/6
f 9055/3/6 8931/3/6 9089/3/6
f 9088/3/6 9055/3/6 9089/3/6
f 9084/1/6 9085/1/6 9090/1/6
f 9090/1/6 9085/1/6 9091/1/6
f 9087/1/6 9088/1/6 9093/1/6
f 9088/1/6 9089/1/6 9093/1/6
f 9093/1/6 9089/1/6 9094/1/6
f 9091/1/6 9092/1/6 9095/1/6
f 9094/1/6 9089/1/6 9097/1/6
f 9089/3/6 8931/3/6 9098/3/6
f 9097/1/6 9089/1/6 9098/1/6
f 9081/1/6 9070/1/6 9099/1/6
f 9080/3/6 9081/3/6 9099/3/6
f 9099/1/6 9070/1/6 9100/1/6
f 9095/1/6 9096/1/6 9102/1/6
f 9091/1/6 9095/1/6 9102/1/6
f 9102/1/6 9096/1/6 9103/1/6
f 9098/3/6 8931/3/6 9104/3/6
f 9100/1/6 9070/1/6 9105/1/6
f 9103/1/6 9104/1/6 9108/1/6
f 9102/1/6 9103/1/6 9108/1/6
f 9101/1/6 9102/1/6 9108/1/6
f 9108/1/6 9104/1/6 9109/1/6
f 9104/3/6 8931/3/6 9110/3/6
f 9109/1/6 9104/1/6 9110/1/6
f 9105/1/6 9106/1/6 9111/1/6
f 9100/1/6 9105/1/6 9111/1/6
f 9099/3/6 9100/3/6 9111/3/6
f 9111/1/6 9106/1/6 9112/1/6
f 9112/1/6 9106/1/6 9113/1/6
f 9107/1/6 9108/1/6 9116/1/6
f 9108/1/6 9109/1/6 9116/1/6
f 9116/1/6 9109/1/6 9117/1/6
f 9109/3/6 9110/3/6 9118/3/6
f 9117/1/6 9109/1/6 9118/1/6
f 9113/1/6 9114/1/6 9119/1/6
f 9112/1/6 9113/1/6 9119/1/6
f 9111/3/6 9112/3/6 9119/3/6
f 9119/1/6 9114/1/6 9120/1/6
f 9120/1/6 9114/1/6 9121/1/6
f 9116/1/6 9117/1/6 9124/1/6
f 9115/1/6 9116/1/6 9124/1/6
f 9121/1/6 9122/1/6 9125/1/6
f 9120/1/6 9121/1/6 9125/1/6
f 9123/1/6 9124/1/6 9128/1/6
f 9124/1/6 9117/1/6 9129/1/6
f 9128/1/6 9124/1/6 9129/1/6
f 9117/3/6 9118/3/6 9130/3/6
f 9129/1/6 9117/1/6 9130/1/6
f 9125/1/6 9126/1/6 9131/1/6
f 9119/3/6 9120/3/6 9131/3/6
f 9120/1/6 9125/1/6 9131/1/6
f 9131/1/6 9126/1/6 9132/1/6
f 9132/1/6 9126/1/6 9133/1/6
f 9128/1/6 9129/1/6 9136/1/6
f 9127/1/6 9128/1/6 9136/1/6
f 9133/1/6 9134/1/6 9137/1/6
f 9132/1/6 9133/1/6 9137/1/6
f 9135/1/6 9136/1/6 9140/1/6
f 9136/1/6 9129/1/6 9141/1/6
f 9140/1/6 9136/1/6 9141/1/6
f 9129/3/6 9130/3/6 9142/3/6
f 9141/1/6 9129/1/6 9142/1/6
f 9137/1/6 9138/1/6 9143/1/6
f 9131/3/6 9132/3/6 9143/3/6
f 9132/1/6 9137/1/6 9143/1/6
f 9143/1/6 9138/1/6 9144/1/6
f 9144/1/6 9138/1/6 9145/1/6
f 9139/1/6 9140/1/6 9148/1/6
f 9140/1/6 9141/1/6 9148/1/6
f 9145/1/6 9146/1/6 9149/1/6
f 9144/1/6 9145/1/6 9149/1/6
f 9143/3/6 9144/3/6 9149/3/6
f 9149/1/6 9146/1/6 9150/1/6
f 9150/1/6 9146/1/6 9151/1/6
f 9147/1/6 9148/1/6 9154/1/6
f 9148/1/6 9141/1/6 9155/1/6
f 9154/1/6 9148/1/6 9155/1/6
f 9141/3/6 9142/3/6 9156/3/6
f 9155/1/6 9141/1/6 9156/1/6
f 9151/1/6 9152/1/6 9157/1/6
f 9149/3/6 9150/3/6 9157/3/6
f 9150/1/6 9151/1/6 9157/1/6
f 9157/1/6 9152/1/6 9158/1/6
f 9158/1/6 9152/1/6 9159/1/6
f 9153/1/6 9154/1/6 9160/1/6
f 9154/1/6 9155/1/6 9160/1/6
f 9160/1/6 9155/1/6 9161/1/6
f 9155/3/6 9156/3/6 9162/3/6
f 9161/1/6 9155/1/6 9162/1/6
f 9158/1/6 9159/1/6 9163/1/6
f 9157/3/6 9158/3/6 9163/3/6
f 9160/1/6 9161/1/6 9163/1/6
f 9159/1/6 9160/1/6 9163/1/6
f 9163/1/6 9161/1/6 9164/1/6
f 9164/1/6 9161/1/6 9165/1/6
f 9161/3/6 9162/3/6 9166/3/6
f 9165/1/6 9161/1/6 9166/1/6
f 9164/1/6 9165/1/6 9167/1/6
f 9163/3/6 9164/3/6 9167/3/6
f 9167/1/6 9165/1/6 9168/1/6
f 9168/1/6 9165/1/6 9169/1/6
f 9165/3/6 9166/3/6 9170/3/6
f 9169/1/6 9165/1/6 9170/1/6
f 9168/1/6 9169/1/6 9171/1/6
f 9167/3/6 9168/3/6 9171/3/6
f 9171/1/6 9169/1/6 9172/1/6
f 9172/1/6 9169/1/6 9173/1/6
f 9169/3/6 9170/3/6 9174/3/6
f 9173/1/6 9169/1/6 9174/1/6
f 9172/1/6 9173/1/6 9175/1/6
f 9171/3/6 9172/3/6 9175/3/6
f 9175/1/6 9173/1/6 9176/1/6
f 9176/1/6 9173/1/6 9177/1/6
f 9173/3/6 9174/3/6 9178/3/6
f 9177/1/6 9173/1/6 9178/1/6
f 9176/1/6 9177/1/6 9179/1/6
f 9175/3/6 9176/3/6 9179/3/6
f 9177/3/6 9178/3/6 9180/3/6
f 9179/1/6 9177/1/6 9180/1/6
f 9066/3/6 9080/3/6 9181/3/6
f 9080/3/6 9099/3/6 9181/3/6
f 9179/3/6 9180/3/6 9181/3/6
f 9175/3/6 9179/3/6 9181/3/6
f 9171/3/6 9175/3/6 9181/3/6
f 9099/3/6 9111/3/6 9181/3/6
f 9167/3/6 9171/3/6 9181/3/6
f 9111/3/6 9119/3/6 9181/3/6
f 9163/3/6 9167/3/6 9181/3/6
f 9119/3/6 9131/3/6 9181/3/6
f 9157/3/6 9163/3/6 9181/3/6
f 9149/3/6 9157/3/6 9181/3/6
f 9131/3/6 9143/3/6 9181/3/6
f 9143/3/6 9149/3/6 9181/3/6
f 9110/3/6 8931/3/6 9182/3/6
f 9181/3/6 9180/3/6 9182/3/6
f 9130/3/6 9118/3/6 9182/3/6
f 9118/3/6 9110/3/6 9182/3/6
f 9180/3/6 9178/3/6 9182/3/6
f 9178/3/6 9174/3/6 9182/3/6
f 9142/3/6 9130/3/6 9182/3/6
f 9166/3/6 9162/3/6 9182/3/6
f 9174/3/6 9170/3/6 9182/3/6
f 9156/3/6 9142/3/6 9182/3/6
f 9170/3/6 9166/3/6 9182/3/6
f 9162/3/6 9156/3/6 9182/3/6
f 9183/4/6 9184/4/6 9185/4/6
f 9183/4/6 9185/4/6 9187/4/6
f 9185/4/6 9186/4/6 9187/4/6
f 9187/4/6 9186/4/6 9188/4/6
f 9188/4/6 9186/4/6 9189/4/6
f 9189/4/6 9190/4/6 9191/4/6
f 9188/4/6 9189/4/6 9191/4/6
f 9191/4/6 9190/4/6 9192/4/6
f 9192/4/6 9190/4/6 9193/4/6
f 9193/4/6 9194/4/6 9195/4/6
f 9192/4/6 9193/4/6 9195/4/6
f 9195/4/6 9194/4/6 9196/4/6
f 9196/4/6 9194/4/6 9197/4/6
f 9198/4/6 9199/4/6 9201/4/6
f 9199/4/6 9200/4/6 9201/4/6
f 9201/4/6 9200/4/6 9202/4/6
f 9202/4/6 9200/4/6 9203/4/6
f 9203/4/6 9204/4/6 9205/4/6
f 9202/4/6 9203/4/6 9205/4/6
f 9205/4/6 9204/4/6 9206/4/6
f 9206/4/6 9204/4/6 9207/4/6
f 9207/4/6 9208/4/6 9209/4/6
f 9206/4/6 9207/4/6 9209/4/6
f 9209/4/6 9208/4/6 9210/4/6
f 9210/4/6 9208/4/6 9211/4/6
f 9211/4/6 9212/4/6 9213/4/6
f 9210/4/6 9211/4/6 9213/4/6
f 9213/4/6 9212/4/6 9214/4/6
f 9215/1/6 9216/1/6 9218/1/6
f 9218/1/6 9216/1/6 9219/1/6
f 9217/1/6 9218/1/6 9222/1/6
f 9219/1/6 9220/1/6 9222/1/6
f 9218/1/6 9219/1/6 9222/1/6
f 9221/1/6 9222/1/6 9224/1/6
f 9222/1/6 9220/1/6 9225/1/6
f 9224/1/6 9222/1/6 9225/1/6
f 9223/1/6 9224/1/6 9228/1/6
f 9225/1/6 9226/1/6 9228/1/6
f 9224/1/6 9225/1/6 9228/1/6
f 9228/1/6 9226/1/6 9229/1/6
f 9229/1/6 9226/1/6 9230/1/6
f 9227/1/6 9228/1/6 9232/1/6
f 9228/1/6 9229/1/6 9232/1/6
f 9232/1/6 9229/1/6 9233/1/6
f 9230/1/6 9226/1/6 9234/1/6
f 9234/1/6 9226/1/6 9235/1/6
f 9232/1/6 9233/1/6 9238/1/6
f 9235/1/6 9236/1/6 9238/1/6
f 9234/1/6 9235/1/6 9238/1/6
f 9233/1/6 9234/1/6 9238/1/6
f 9231/1/6 9232/1/6 9238/1/6
f 9237/1/6 9238/1/6 9240/1/6
f 9239/1/6 9240/1/6 9242/1/6
f 9240/1/6 9238/1/6 9243/1/6
f 9242/1/6 9240/1/6 9243/1/6
f 9238/1/6 9236/1/6 9244/1/6
f 9243/1/6 9238/1/6 9244/1/6
f 9244/1/6 9236/1/6 9245/1/6
f 9242/1/6 9243/1/6 9248/1/6
f 9241/1/6 9242/1/6 9248/1/6
f 9248/1/6 9243/1/6 9249/1/6
f 9244/1/6 9245/1/6 9250/1/6
f 9245/1/6 9246/1/6 9250/1/6
f 9250/1/6 9246/1/6 9251/1/6
f 9251/1/6 9246/1/6 9252/1/6
f 9248/1/6 9249/1/6 9254/1/6
f 9247/1/6 9248/1/6 9254/1/6
f 9250/1/6 9251/1/6 9254/1/6
f 9249/1/6 9250/1/6 9254/1/6
f 9254/1/6 9251/1/6 9255/1/6
f 9252/1/6 9246/1/6 9256/1/6
f 9256/1/6 9246/1/6 9257/1/6
f 9254/1/6 9255/1/6 9260/1/6
f 9257/1/6 9258/1/6 9260/1/6
f 9256/1/6 9257/1/6 9260/1/6
f 9255/1/6 9256/1/6 9260/1/6
f 9253/1/6 9254/1/6 9260/1/6
f 9260/1/6 9258/1/6 9261/1/6
f 9259/1/6 9260/1/6 9261/1/6
f 9261/1/6 9258/1/6 9262/1/6
f 9259/1/6 9261/1/6 9264/1/6
f 9264/1/6 9261/1/6 9265/1/6
f 9265/1/6 9261/1/6 9266/1/6
f 9262/1/6 9258/1/6 9267/1/6
f 9263/1/6 9264/1/6 9269/1/6
f 9264/1/6 9265/1/6 9269/1/6
f 9269/1/6 9265/1/6 9270/1/6
f 9267/1/6 9268/1/6 9271/1/6
f 9262/1/6 9267/1/6 9271/1/6
f 9271/1/6 9268/1/6 9272/1/6
f 9263/1/6 9269/1/6 9274/1/6
f 9274/1/6 9269/1/6 9275/1/6
f 9275/1/6 9269/1/6 9276/1/6
f 9273/1/6 9274/1/6 9279/1/6
f 9274/1/6 9275/1/6 9279/1/6
f 9279/1/6 9275/1/6 9280/1/6
f 9280/1/6 9275/1/6 9281/1/6
f 9272/1/6 9268/1/6 9282/1/6
f 9282/1/6 9268/1/6 9283/1/6
f 9283/1/6 9268/1/6 9284/1/6
f 9284/1/6 9268/1/6 9285/1/6
f 9277/4/6 9278/4/6 9286/4/6
f 9286/4/6 9278/4/6 9287/4/6
f 9285/1/6 9268/1/6 9291/1/6
f 9287/1/6 9288/1/6 9294/1/6
f 9289/1/6 9290/1/6 9295/1/6
f 9283/1/6 9284/1/6 9297/1/6
f 9297/1/6 9284/1/6 9298/1/6
f 9291/1/6 9292/1/6 9299/1/6
f 9293/1/6 9294/1/6 9302/1/6
f 9294/1/6 9288/1/6 9303/1/6
f 9302/1/6 9294/1/6 9303/1/6
f 9295/1/6 9296/1/6 9304/1/6
f 9289/1/6 9295/1/6 9304/1/6
f 9298/1/6 9284/1/6 9305/1/6
f 9291/1/6 9299/1/6 9306/1/6
f 9285/1/6 9291/1/6 9306/1/6
f 9299/1/6 9300/1/6 9306/1/6
f 9306/1/6 9300/1/6 9307/1/6
f 9302/1/6 9303/1/6 9310/1/6
f 9303/1/6 9304/1/6 9310/1/6
f 9301/1/6 9302/1/6 9310/1/6
f 9298/1/6 9305/1/6 9311/1/6
f 9307/1/6 9308/1/6 9311/1/6
f 9306/1/6 9307/1/6 9311/1/6
f 9305/1/6 9306/1/6 9311/1/6
f 9311/1/6 9308/1/6 9312/1/6
f 9312/1/6 9308/1/6 9313/1/6
f 9309/1/6 9310/1/6 9316/1/6
f 9315/1/6 9316/1/6 9318/1/6
f 9312/1/6 9313/1/6 9319/1/6
f 9313/1/6 9314/1/6 9319/1/6
f 9319/1/6 9314/1/6 9320/1/6
f 9320/1/6 9314/1/6 9321/1/6
f 9321/1/6 9314/1/6 9322/1/6
f 9322/1/6 9314/1/6 9323/1/6
f 9323/1/6 9314/1/6 9324/1/6
f 9322/1/6 9323/1/6 9326/1/6
f 9326/1/6 9323/1/6 9327/1/6
f 9317/1/6 9318/1/6 9332/1/6
f 9310/1/6 9304/1/6 9332/1/6
f 9318/1/6 9316/1/6 9332/1/6
f 9316/1/6 9310/1/6 9332/1/6
f 9332/1/6 9304/1/6 9333/1/6
f 9304/1/6 9296/1/6 9334/1/6
f 9333/1/6 9304/1/6 9334/1/6
f 9325/1/6 9326/1/6 9336/1/6
f 9328/1/6 9329/1/6 9338/1/6
f 9330/4/6 9331/4/6 9339/4/6
f 9339/4/6 9331/4/6 9340/4/6
f 9334/1/6 9335/1/6 9341/1/6
f 9333/1/6 9334/1/6 9341/1/6
f 9336/1/6 9337/1/6 9344/1/6
f 9325/1/6 9336/1/6 9344/1/6
f 9344/1/6 9337/1/6 9345/1/6
f 9328/1/6 9338/1/6 9346/1/6
f 9338/1/6 9339/1/6 9346/1/6
f 9341/1/6 9342/1/6 9347/1/6
f 9344/1/6 9345/1/6 9350/1/6
f 9343/1/6 9344/1/6 9350/1/6
f 9345/1/6 9346/1/6 9350/1/6
f 9346/1/6 9339/1/6 9351/1/6
f 9350/1/6 9346/1/6 9351/1/6
f 9317/1/6 9332/1/6 9353/1/6
f 9347/1/6 9348/1/6 9354/1/6
f 9341/1/6 9347/1/6 9354/1/6
f 9333/1/6 9341/1/6 9354/1/6
f 9354/1/6 9348/1/6 9355/1/6
f 9350/1/6 9351/1/6 9358/1/6
f 9349/1/6 9350/1/6 9358/1/6
f 9351/1/6 9352/1/6 9358/1/6
f 9355/1/6 9356/1/6 9359/1/6
f 9354/1/6 9355/1/6 9359/1/6
f 9353/1/6 9354/1/6 9359/1/6
f 9357/1/6 9358/1/6 9362/1/6
f 9358/1/6 9352/1/6 9363/1/6
f 9362/1/6 9358/1/6 9363/1/6
f 9363/1/6 9352/1/6 9364/1/6
f 9364/1/6 9352/1/6 9365/1/6
f 9365/1/6 9352/1/6 9366/1/6
f 9359/1/6 9360/1/6 9367/1/6
f 9361/1/6 9362/1/6 9368/1/6
f 9362/1/6 9363/1/6 9368/1/6
f 9359/1/6 9367/1/6 9369/1/6
f 9367/1/6 9368/1/6 9369/1/6
f 9353/1/6 9359/1/6 9369/1/6
f 9369/1/6 9368/1/6 9370/1/6
f 9370/1/6 9368/1/6 9371/1/6
f 9371/1/6 9368/1/6 9372/1/6
f 9317/1/6 9353/1/6 9373/1/6
f 9353/1/6 9369/1/6 9373/1/6
f 9373/1/6 9369/1/6 9374/1/6
f 9372/1/6 9368/1/6 9375/1/6
f 9368/1/6 9363/1/6 9375/1/6
f 9364/1/6 9365/1/6 9376/1/6
f 9376/1/6 9365/1/6 9377/1/6
f 9377/1/6 9365/1/6 9378/1/6
f 9372/1/6 9375/1/6 9379/1/6
f 9376/1/6 9377/1/6 9379/1/6
f 9375/1/6 9376/1/6 9379/1/6
f 9379/1/6 9377/1/6 9380/1/6
f 9374/1/6 9369/1/6 9381/1/6
f 9381/1/6 9369/1/6 9382/1/6
f 9382/1/6 9369/1/6 9383/1/6
f 9370/1/6 9371/1/6 9384/1/6
f 9384/1/6 9371/1/6 9385/1/6
f 9372/1/6 9379/1/6 9386/1/6
f 9386/1/6 9379/1/6 9387/1/6
f 9380/1/6 9377/1/6 9388/1/6
f 9388/1/6 9377/1/6 9389/1/6
f 9389/1/6 9377/1/6 9390/1/6
f 9386/1/6 9387/1/6 9391/1/6
f 9382/1/6 9383/1/6 9391/1/6
f 9388/1/6 9389/1/6 9391/1/6
f 9387/1/6 9388/1/6 9391/1/6
f 9384/1/6 9385/1/6 9391/1/6
f 9385/1/6 9386/1/6 9391/1/6
f 9383/1/6 9384/1/6 9391/1/6
f 9391/1/6 9389/1/6 9392/1/6
f 9392/1/6 9389/1/6 9393/1/6
f 9393/1/6 9389/1/6 9394/1/6
f 9394/1/6 9389/1/6 9395/1/6
f 9395/1/6 9389/1/6 9396/1/6
f 9396/1/6 9389/1/6 9397/1/6
f 9397/1/6 9389/1/6 9398/1/6
f 9392/1/6 9393/1/6 9399/1/6
f 9399/1/6 9393/1/6 9400/1/6
f 9400/1/6 9393/1/6 9401/1/6
f 9394/1/6 9395/1/6 9402/1/6
f 9402/1/6 9395/1/6 9403/1/6
f 9396/1/6 9397/1/6 9404/1/6
f 9404/1/6 9397/1/6 9405/1/6
f 9405/1/6 9397/1/6 9406/1/6
f 9402/1/6 9403/1/6 9407/1/6
f 9400/1/6 9401/1/6 9407/1/6
f 9404/1/6 9405/1/6 9407/1/6
f 9403/1/6 9404/1/6 9407/1/6
f 9401/1/6 9402/1/6 9407/1/6
f 9407/1/6 9405/1/6 9408/1/6
f 9408/1/6 9405/1/6 9409/1/6
f 9409/1/6 9405/1/6 9410/1/6
f 9410/1/6 9405/1/6 9411/1/6
f 9411/1/6 9405/1/6 9412/1/6
f 9408/1/6 9409/1/6 9413/1/6
f 9413/1/6 9409/1/6 9414/1/6
f 9414/1/6 9409/1/6 9415/1/6
f 9410/1/6 9411/1/6 9416/1/6
f 9416/1/6 9411/1/6 9417/1/6
f 9417/1/6 9411/1/6 9418/1/6
f 9414/1/6 9415/1/6 9419/1/6
f 9416/1/6 9417/1/6 9419/1/6
f 9415/1/6 9416/1/6 9419/1/6
f 9419/1/6 9417/1/6 9420/1/6
f 9420/1/6 9417/1/6 9421/1/6
f 9421/1/6 9417/1/6 9422/1/6
f 9420/1/6 9421/1/6 9423/1/6
f 9423/1/6 9421/1/6 9424/1/6
f 9424/1/6 9421/1/6 9425/1/6
f 9425/1/6 9421/1/6 9426/1/6
f 9424/1/6 9425/1/6 9427/1/6
f 9427/1/6 9425/1/6 9428/1/6
f 9429/4/6 9430/4/6 9433/4/6
f 9433/4/6 9430/4/6 9434/4/6
f 9431/4/6 9432/4/6 9435/4/6
f 9435/4/6 9432/4/6 9436/4/6
f 9436/4/6 9432/4/6 9437/4/6
f 9438/4/6 9439/4/6 9442/4/6
f 9442/4/6 9439/4/6 9443/4/6
f 9440/4/6 9441/4/6 9445/4/6
f 9445/4/6 9441/4/6 9446/4/6
f 9443/4/6 9444/4/6 9447/4/6
f 9447/4/6 9444/4/6 9448/4/6
f 9446/4/6 9441/4/6 9449/4/6
f 9449/4/6 9441/4/6 9450/4/6
f 9451/4/6 9452/4/6 9455/4/6
f 9455/4/6 9452/4/6 9456/4/6
f 9453/4/6 9454/4/6 9457/4/6
f 9457/4/6 9454/4/6 9458/4/6
f 9459/4/6 9460/4/6 9463/4/6
f 9463/4/6 9460/4/6 9464/4/6
f 9461/4/6 9462/4/6 9465/4/6
f 9465/4/6 9462/4/6 9466/4/6
f 9467/4/6 9468/4/6 9471/4/6
f 9471/4/6 9468/4/6 9472/4/6
f 9469/4/6 9470/4/6 9473/4/6
f 9473/4/6 9470/4/6 9474/4/6
f 9475/4/6 9476/4/6 9479/4/6
f 9479/4/6 9476/4/6 9480/4/6
f 9477/4/6 9478/4/6 9481/4/6
f 9481/4/6 9478/4/6 9482/4/6
f 9483/4/6 9484/4/6 9487/4/6
f 9487/4/6 9484/4/6 9488/4/6
f 9485/4/6 9486/4/6 9489/4/6
f 9489/4/6 9486/4/6 9490/4/6
f 9491/4/6 9492/4/6 9493/4/6
f 9493/4/6 9492/4/6 9494/4/6
f 9495/4/6 9496/4/6 9499/4/6
f 9499/4/6 9496/4/6 9500/4/6
f 9497/4/6 9498/4/6 9501/4/6
f 9501/4/6 9498/4/6 9502/4/6
f 9503/4/6 9504/4/6 9505/4/6
f 9505/4/6 9504/4/6 9506/4/6
f 9507/4/6 9508/4/6 9509/4/6
f 9509/4/6 9508/4/6 9510/4/6
f 9511/4/6 9512/4/6 9517/4/6
f 9517/4/6 9512/4/6 9518/4/6
f 9513/4/6 9514/4/6 9519/4/6
f 9519/4/6 9514/4/6 9520/4/6
f 9515/4/6 9516/4/6 9521/4/6
f 9521/4/6 9516/4/6 9522/4/6
f 9523/4/6 9524/4/6 9531/4/6
f 9531/4/6 9524/4/6 9532/4/6
f 9525/4/6 9526/4/6 9533/4/6
f 9533/4/6 9526/4/6 9534/4/6
f 9527/4/6 9528/4/6 9535/4/6
f 9535/4/6 9528/4/6 9536/4/6
f 9529/4/6 9530/4/6 9537/4/6
f 9537/4/6 9530/4/6 9538/4/6
f 9539/4/6 9540/4/6 9547/4/6
f 9547/4/6 9540/4/6 9548/4/6
f 9541/4/6 9542/4/6 9549/4/6
f 9549/4/6 9542/4/6 9550/4/6
f 9543/4/6 9544/4/6 9551/4/6
f 9551/4/6 9544/4/6 9552/4/6
f 9545/4/6 9546/4/6 9553/4/6
f 9553/4/6 9546/4/6 9554/4/6
f 9555/4/6 9556/4/6 9559/4/6
f 9559/4/6 9556/4/6 9560/4/6
f 9557/4/6 9558/4/6 9561/4/6
f 9561/4/6 9558/4/6 9562/4/6
f 9563/4/6 9564/4/6 9567/4/6
f 9567/4/6 9564/4/6 9568/4/6
f 9565/4/6 9566/4/6 9569/4/6
f 9569/4/6 9566/4/6 9570/4/6
f 9571/4/6 9572/4/6 9575/4/6
f 9575/4/6 9572/4/6 9576/4/6
f 9573/4/6 9574/4/6 9577/4/6
f 9577/4/6 9574/4/6 9578/4/6
f 9579/4/6 9580/4/6 9583/4/6
f 9583/4/6 9580/4/6 9584/4/6
f 9581/4/6 9582/4/6 9585/4/6
f 9585/4/6 9582/4/6 9586/4/6
f 9587/4/6 9588/4/6 9591/4/6
f 9591/4/6 9588/4/6 9592/4/6
f 9589/4/6 9590/4/6 9593/4/6
f 9593/4/6 9590/4/6 9594/4/6
f 9595/4/6 9596/4/6 9597/4/6
f 9597/4/6 9596/4/6 9598/4/6
f 9599/4/6 9600/4/6 9603/4/6
f 9603/4/6 9600/4/6 9604/4/6
f 9601/4/6 9602/4/6 9605/4/6
f 9605/4/6 9602/4/6 9606/4/6
f 9607/4/6 9608/4/6 9609/4/6
f 9609/4/6 9608/4/6 9610/4/6
f 9611/4/6 9612/4/6 9613/4/6
f 9613/4/6 9612/4/6 9614/4/6
f 9615/4/6 9616/4/6 9617/4/6
f 9617/4/6 9616/4/6 9618/4/6
f 9619/4/6 9620/4/6 9623/4/6
f 9623/4/6 9620/4/6 9624/4/6
f 9621/4/6 9622/4/6 9625/4/6
f 9625/4/6 9622/4/6 9626/4/6
f 9627/4/6 9628/4/6 9631/4/6
f 9631/4/6 9628/4/6 9632/4/6
f 9629/4/6 9630/4/6 9633/4/6
f 9633/4/6 9630/4/6 9634/4/6
f 9635/4/6 9636/4/6 9641/4/6
f 9641/4/6 9636/4/6 9642/4/6
f 9637/4/6 9638/4/6 9647/4/6
f 9647/4/6 9638/4/6 9648/4/6
f 9639/4/6 9640/4/6 9649/4/6
f 9649/4/6 9640/4/6 9650/4/6
f 9643/4/6 9644/4/6 9651/4/6
f 9651/4/6 9644/4/6 9652/4/6
f 9645/4/6 9646/4/6 9653/4/6
f 9653/4/6 9646/4/6 9654/4/6
f 9655/4/6 9656/4/6 9663/4/6
f 9663/4/6 9656/4/6 9664/4/6
f 9657/4/6 9658/4/6 9665/4/6
f 9665/4/6 9658/4/6 9666/4/6
f 9659/4/6 9660/4/6 9667/4/6
f 9667/4/6 9660/4/6 9668/4/6
f 9661/4/6 9662/4/6 9669/4/6
f 9669/4/6 9662/4/6 9670/4/6
f 9671/4/6 9672/4/6 9675/4/6
f 9675/4/6 9672/4/6 9676/4/6
f 9673/4/6 9674/4/6 9677/4/6
f 9677/4/6 9674/4/6 9678/4/6
f 9679/4/6 9680/4/6 9681/4/6
f 9681/4/6 9680/4/6 9682/4/6
f 9683/4/6 9684/4/6 9685/4/6
f 9685/4/6 9684/4/6 9686/4/6
f 9687/4/6 9688/4/6 9689/4/6
f 9689/4/6 9688/4/6 9690/4/6
f 9691/1/6 9692/1/6 9694/1/6
f 9693/1/6 9694/1/6 9696/1/6
f 9694/1/6 9692/1/6 9697/1/6
f 9696/1/6 9694/1/6 9697/1/6
f 9695/1/6 9696/1/6 9700/1/6
f 9697/1/6 9698/1/6 9700/1/6
f 9696/1/6 9697/1/6 9700/1/6
f 9699/1/6 9700/1/6 9702/1/6
f 9700/1/6 9698/1/6 9703/1/6
f 9702/1/6 9700/1/6 9703/1/6
f 9705/4/6 9706/4/6 9709/4/6
f 9709/4/6 9706/4/6 9710/4/6
f 9701/1/6 9702/1/6 9712/1/6
f 9702/1/6 9703/1/6 9712/1/6
f 9703/1/6 9704/1/6 9712/1/6
f 9712/1/6 9704/1/6 9713/1/6
f 9713/1/6 9704/1/6 9714/1/6
f 9707/4/6 9708/4/6 9716/4/6
f 9716/4/6 9708/4/6 9717/4/6
f 9711/4/6 9712/4/6 9718/4/6
f 9718/4/6 9712/4/6 9719/4/6
f 9714/1/6 9715/1/6 9721/1/6
f 9713/1/6 9714/1/6 9721/1/6
f 9721/1/6 9715/1/6 9722/1/6
f 9719/1/6 9720/1/6 9723/1/6
f 9722/1/6 9715/1/6 9725/1/6
f 9725/1/6 9715/1/6 9726/1/6
f 9726/1/6 9715/1/6 9727/1/6
f 9727/1/6 9715/1/6 9728/1/6
f 9728/1/6 9715/1/6 9729/1/6
f 9729/1/6 9715/1/6 9730/1/6
f 9723/1/6 9724/1/6 9732/1/6
f 9726/1/6 9727/1/6 9734/1/6
f 9734/1/6 9727/1/6 9735/1/6
f 9735/1/6 9727/1/6 9736/1/6
f 9730/1/6 9731/1/6 9737/1/6
f 9729/1/6 9730/1/6 9737/1/6
f 9737/1/6 9731/1/6 9738/1/6
f 9732/1/6 9733/1/6 9739/1/6
f 9738/1/6 9731/1/6 9741/1/6
f 9741/1/6 9731/1/6 9742/1/6
f 9742/1/6 9731/1/6 9743/1/6
f 9743/1/6 9744/1/6 9747/1/6
f 9742/1/6 9743/1/6 9747/1/6
f 9747/1/6 9744/1/6 9748/1/6
f 9739/1/6 9740/1/6 9750/1/6
f 9745/1/6 9746/1/6 9752/1/6
f 9748/4/6 9749/4/6 9753/4/6
f 9753/4/6 9749/4/6 9754/4/6
f 9719/1/6 9723/1/6 9757/1/6
f 9723/1/6 9732/1/6 9757/1/6
f 9732/1/6 9739/1/6 9757/1/6
f 9739/1/6 9750/1/6 9757/1/6
f 9750/1/6 9751/1/6 9757/1/6
f 9757/1/6 9751/1/6 9758/1/6
f 9758/1/6 9751/1/6 9759/1/6
f 9745/1/6 9752/1/6 9763/1/6
f 9752/1/6 9753/1/6 9763/1/6
f 9755/4/6 9756/4/6 9764/4/6
f 9764/4/6 9756/4/6 9765/4/6
f 9759/1/6 9760/1/6 9768/1/6
f 9758/1/6 9759/1/6 9768/1/6
f 9768/1/6 9760/1/6 9769/1/6
f 9769/1/6 9760/1/6 9770/1/6
f 9761/1/6 9762/1/6 9771/1/6
f 9762/1/6 9763/1/6 9771/1/6
f 9763/1/6 9753/1/6 9772/1/6
f 9771/1/6 9763/1/6 9772/1/6
f 9772/1/6 9753/1/6 9773/1/6
f 9766/4/6 9767/4/6 9774/4/6
f 9774/4/6 9767/4/6 9775/4/6
f 9769/1/6 9770/1/6 9776/1/6
f 9771/1/6 9772/1/6 9776/1/6
f 9770/1/6 9771/1/6 9776/1/6
f 9776/1/6 9772/1/6 9777/1/6
f 9777/1/6 9772/1/6 9778/1/6
f 9778/1/6 9772/1/6 9779/1/6
f 9777/1/6 9778/1/6 9780/1/6
f 9780/1/6 9778/1/6 9781/1/6
f 9781/1/6 9778/1/6 9782/1/6
f 9782/1/6 9778/1/6 9783/1/6
f 9781/1/6 9782/1/6 9784/1/6
f 9784/1/6 9782/1/6 9785/1/6
f 9785/1/6 9782/1/6 9786/1/6
f 9786/1/6 9782/1/6 9787/1/6
f 9785/1/6 9786/1/6 9788/1/6
f 9788/1/6 9786/1/6 9789/1/6
f 9790/4/6 9791/4/6 9792/4/6
f 9792/4/6 9791/4/6 9793/4/6
f 9794/4/6 9795/4/6 9798/4/6
f 9798/4/6 9795/4/6 9799/4/6
f 9796/4/6 9797/4/6 9800/4/6
f 9800/4/6 9797/4/6 9801/4/6
f 9802/4/6 9803/4/6 9804/4/6
f 9804/4/6 9803/4/6 9805/4/6
f 9806/4/6 9807/4/6 9810/4/6
f 9810/4/6 9807/4/6 9811/4/6
f 9808/4/6 9809/4/6 9812/4/6
f 9812/4/6 9809/4/6 9813/4/6
f 9814/4/6 9815/4/6 9816/4/6
f 9816/4/6 9815/4/6 9817/4/6
f 9818/4/6 9819/4/6 9820/4/6
f 9820/4/6 9819/4/6 9821/4/6
f 9821/4/6 9819/4/6 9822/4/6
f 9822/4/6 9823/4/6 9824/4/6
f 9821/4/6 9822/4/6 9824/4/6
f 9824/4/6 9823/4/6 9825/4/6
f 9825/4/6 9823/4/6 9826/4/6
f 9826/4/6 9827/4/6 9828/4/6
f 9825/4/6 9826/4/6 9828/4/6
f 9828/4/6 9827/4/6 9829/4/6
f 9829/4/6 9827/4/6 9830/4/6
f 9830/4/6 9831/4/6 9832/4/6
f 9829/4/6 9830/4/6 9832/4/6
f 9832/4/6 9831/4/6 9833/4/6
f 9833/4/6 9831/4/6 9834/4/6
f 9835/4/6 9836/4/6 9837/4/6
f 9837/4/6 9836/4/6 9838/4/6
f 9838/4/6 9836/4/6 9839/4/6
f 9835/4/6 9837/4/6 9842/4/6
f 9838/4/6 9839/4/6 9843/4/6
f 9839/4/6 9840/4/6 9843/4/6
f 9843/4/6 9840/4/6 9844/4/6
f 9841/4/6 9842/4/6 9845/4/6
f 9842/4/6 9837/4/6 9846/4/6
f 9845/4/6 9842/4/6 9846/4/6
f 9847/4/6 9848/4/6 9849/4/6
f 9849/4/6 9848/4/6 9850/4/6
f 9850/4/6 9851/4/6 9852/4/6
f 9852/4/6 9851/4/6 9853/4/6
f 9853/4/6 9854/4/6 9855/4/6
f 9855/4/6 9854/4/6 9856/4/6
f 9857/4/6 9858/4/6 9859/4/6
f 9859/4/6 9858/4/6 9860/4/6
f 9861/4/6 9862/4/6 9863/4/6
f 9863/4/6 9862/4/6 9864/4/6
f 9865/2/6 9866/2/6 9867/2/6
f 9867/2/6 9866/2/6 9868/2/6
f 9869/4/6 9870/4/6 9871/4/6
f 9871/4/6 9870/4/6 9872/4/6
f 9873/4/6 9874/4/6 9875/4/6
f 9875/4/6 9874/4/6 9876/4/6
f 9877/4/6 9878/4/6 9879/4/6
f 9879/4/6 9878/4/6 9880/4/6
f 9881/4/6 9882/4/6 9883/4/6
f 9883/4/6 9882/4/6 9884/4/6
f 9883/2/6 9884/2/6 9885/2/6
f 9885/2/6 9884/2/6 9886/2/6
f 9887/4/6 9888/4/6 9889/4/6
f 9889/4/6 9888/4/6 9890/4/6
f 9891/4/6 9892/4/6 9895/4/6
f 9895/4/6 9892/4/6 9896/4/6
f 9893/4/6 9894/4/6 9897/4/6
f 9897/4/6 9894/4/6 9898/4/6
f 9899/4/6 9900/4/6 9901/4/6
f 9901/4/6 9900/4/6 9902/4/6
f 9902/4/6 9900/4/6 9903/4/6
f 9893/4/6 9897/4/6 9904/4/6
f 9893/4/6 9904/4/6 9906/4/6
f 9904/4/6 9905/4/6 9906/4/6
f 9906/4/6 9905/4/6 9907/4/6
f 9908/4/6 9909/4/6 9910/4/6
f 9910/4/6 9909/4/6 9911/4/6
f 9912/4/6 9913/4/6 9914/4/6
f 9914/4/6 9913/4/6 9915/4/6
f 9916/4/6 9917/4/6 9920/4/6
f 9920/4/6 9917/4/6 9921/4/6
f 9921/4/6 9917/4/6 9922/4/6
f 9916/4/6 9920/4/6 9923/4/6
f 9918/4/6 9919/4/6 9924/4/6
f 9924/4/6 9919/4/6 9925/4/6
f 9923/4/6 9920/4/6 9926/4/6
f 9921/4/6 9922/4/6 9927/4/6
f 9927/4/6 9922/4/6 9928/4/6
f 9923/4/6 9926/4/6 9929/4/6
f 9927/4/6 9928/4/6 9929/4/6
f 9926/4/6 9927/4/6 9929/4/6
f 9929/4/6 9928/4/6 9930/4/6
f 9931/4/6 9932/4/6 9933/4/6
f 9933/4/6 9932/4/6 9934/4/6
f 9935/4/6 9936/4/6 9937/4/6
f 9937/4/6 9936/4/6 9938/4/6
f 9939/4/6 9940/4/6 9941/4/6
f 9941/4/6 9940/4/6 9942/4/6
f 9943/4/6 9944/4/6 9947/4/6
f 9947/4/6 9944/4/6 9948/4/6
f 9945/4/6 9946/4/6 9949/4/6
f 9949/4/6 9946/4/6 9950/4/6
f 9951/4/6 9952/4/6 9955/4/6
f 9955/4/6 9952/4/6 9956/4/6
f 9953/4/6 9954/4/6 9957/4/6
f 9957/4/6 9954/4/6 9958/4/6
f 9959/4/6 9960/4/6 9963/4/6
f 9963/4/6 9960/4/6 9964/4/6
f 9961/4/6 9962/4/6 9967/4/6
f 9967/4/6 9962/4/6 9968/4/6
f 9965/4/6 9966/4/6 9969/4/6
f 9969/4/6 9966/4/6 9970/4/6
f 9971/4/6 9972/4/6 9975/4/6
f 9975/4/6 9972/4/6 9976/4/6
f 9973/4/6 9974/4/6 9979/4/6
f 9979/4/6 9974/4/6 9980/4/6
f 9977/4/6 9978/4/6 9981/4/6
f 9981/4/6 9978/4/6 9982/4/6
f 9971/4/6 9975/4/6 9983/4/6
f 9973/4/6 9979/4/6 9985/4/6
f 9983/4/6 9984/4/6 9988/4/6
f 9971/4/6 9983/4/6 9988/4/6
f 9988/4/6 9984/4/6 9989/4/6
f 9986/4/6 9987/4/6 9992/4/6
f 9985/4/6 9986/4/6 9992/4/6
f 9973/4/6 9985/4/6 9992/4/6
f 9992/4/6 9987/4/6 9993/4/6
f 9990/4/6 9991/4/6 9994/4/6
f 9994/4/6 9991/4/6 9995/4/6
f 9996/4/6 9997/4/6 9999/4/6
f 9999/4/6 9997/4/6 10000/4/6
f 9998/4/6 9999/4/6 10003/4/6
f 10003/4/6 9999/4/6 10004/4/6
f 10000/4/6 9997/4/6 10005/4/6
f 10005/4/6 9997/4/6 10006/4/6
f 10001/4/6 10002/4/6 10009/4/6
f 10009/4/6 10002/4/6 10010/4/6
f 10007/4/6 10008/4/6 10014/4/6
f 10014/4/6 10008/4/6 10015/4/6
f 10012/4/6 10013/4/6 10016/4/6
f 10011/4/6 10012/4/6 10016/4/6
f 10016/4/6 10013/4/6 10017/4/6
f 10018/4/6 10019/4/6 10024/4/6
f 10024/4/6 10019/4/6 10025/4/6
f 10020/4/6 10021/4/6 10026/4/6
f 10026/4/6 10021/4/6 10027/4/6
f 10022/4/6 10023/4/6 10028/4/6
f 10028/4/6 10023/4/6 10029/4/6
f 10027/4/6 10028/4/6 10033/4/6
f 10029/4/6 10030/4/6 10033/4/6
f 10028/4/6 10029/4/6 10033/4/6
f 10027/4/6 10033/4/6 10035/4/6
f 10033/4/6 10034/4/6 10035/4/6
f 10035/4/6 10034/4/6 10036/4/6
f 10036/4/6 10034/4/6 10037/4/6
f 10035/2/6 10036/2/6 10038/2/6
f 10036/4/6 10037/4/6 10039/4/6
f 10038/2/6 10036/2/6 10039/2/6
f 10039/4/6 10037/4/6 10040/4/6
f 10031/4/6 10032/4/6 10041/4/6
f 10041/4/6 10032/4/6 10042/4/6
f 10043/4/6 10044/4/6 10045/4/6
f 10045/4/6 10044/4/6 10046/4/6
f 10047/4/6 10048/4/6 10049/4/6
f 10049/4/6 10048/4/6 10050/4/6
f 10051/4/6 10052/4/6 10053/4/6
f 10053/4/6 10052/4/6 10054/4/6
f 10051/4/6 10053/4/6 10055/4/6
f 10051/4/6 10055/4/6 10057/4/6
f 10055/4/6 10056/4/6 10057/4/6
f 10057/4/6 10056/4/6 10058/4/6
f 10059/4/6 10060/4/6 10061/4/6
f 10061/4/6 10060/4/6 10062/4/6
f 10062/4/6 10060/4/6 10065/4/6
f 10065/4/6 10060/4/6 10066/4/6
f 10063/4/6 10064/4/6 10067/4/6
f 10067/4/6 10064/4/6 10068/4/6
f 10069/4/6 10070/4/6 10077/4/6
f 10077/4/6 10070/4/6 10078/4/6
f 10075/4/6 10076/4/6 10079/4/6
f 10079/4/6 10076/4/6 10080/4/6
f 10071/4/6 10072/4/6 10081/4/6
f 10081/4/6 10072/4/6 10082/4/6
f 10073/4/6 10074/4/6 10083/4/6
f 10083/4/6 10074/4/6 10084/4/6
f 10085/4/6 10086/4/6 10089/4/6
f 10089/4/6 10086/4/6 10090/4/6
f 10087/4/6 10088/4/6 10093/4/6
f 10093/4/6 10088/4/6 10094/4/6
f 10091/2/6 10092/2/6 10095/2/6
f 10095/2/6 10092/2/6 10096/2/6
f 10097/4/6 10098/4/6 10099/4/6
f 10099/4/6 10098/4/6 10100/4/6
f 10101/4/6 10102/4/6 10108/4/6
f 10108/4/6 10102/4/6 10109/4/6
f 10109/4/6 10102/4/6 10110/4/6
f 10105/4/6 10106/4/6 10112/4/6
f 10112/4/6 10106/4/6 10113/4/6
f 10110/4/6 10111/4/6 10116/4/6
f 10109/4/6 10110/4/6 10116/4/6
f 10116/4/6 10111/4/6 10117/4/6
f 10103/4/6 10104/4/6 10118/4/6
f 10118/4/6 10104/4/6 10119/4/6
f 10114/4/6 10115/4/6 10120/4/6
f 10120/4/6 10115/4/6 10121/4/6
f 10121/4/6 10115/4/6 10122/4/6
f 10107/4/6 10108/4/6 10123/4/6
f 10123/4/6 10108/4/6 10124/4/6
f 10121/4/6 10122/4/6 10125/4/6
f 10125/4/6 10122/4/6 10126/4/6
f 10117/4/6 10111/4/6 10129/4/6
f 10114/4/6 10120/4/6 10130/4/6
f 10125/2/6 10126/2/6 10131/2/6
f 10131/2/6 10126/2/6 10132/2/6
f 10127/4/6 10128/4/6 10133/4/6
f 10128/4/6 10129/4/6 10133/4/6
f 10129/4/6 10111/4/6 10134/4/6
f 10133/4/6 10129/4/6 10134/4/6
f 10131/4/6 10132/4/6 10135/4/6
f 10114/4/6 10130/4/6 10135/4/6
f 10130/4/6 10131/4/6 10135/4/6
f 10135/4/6 10132/4/6 10136/4/6
f 10137/4/6 10138/4/6 10141/4/6
f 10141/4/6 10138/4/6 10142/4/6
f 10139/4/6 10140/4/6 10143/4/6
f 10137/4/6 10141/4/6 10150/4/6
f 10150/4/6 10141/4/6 10151/4/6
f 10143/4/6 10140/4/6 10152/4/6
f 10144/4/6 10145/4/6 10153/4/6
f 10153/4/6 10145/4/6 10154/4/6
f 10146/4/6 10147/4/6 10155/4/6
f 10155/4/6 10147/4/6 10156/4/6
f 10148/4/6 10149/4/6 10157/4/6
f 10143/4/6 10152/4/6 10159/4/6
f 10159/4/6 10152/4/6 10160/4/6
f 10157/4/6 10158/4/6 10163/4/6
f 10148/4/6 10157/4/6 10163/4/6
f 10163/4/6 10158/4/6 10164/4/6
f 10163/2/6 10164/2/6 10165/2/6
f 10164/4/6 10158/4/6 10166/4/6
f 10165/2/6 10164/2/6 10166/2/6
f 10166/4/6 10158/4/6 10167/4/6
f 10161/4/6 10162/4/6 10168/4/6
f 10168/4/6 10162/4/6 10169/4/6
f 10170/4/6 10171/4/6 10175/4/6
f 10171/4/6 10172/4/6 10175/4/6
f 10175/4/6 10172/4/6 10176/4/6
f 10173/4/6 10174/4/6 10177/4/6
f 10177/4/6 10174/4/6 10178/4/6
f 10179/4/6 10180/4/6 10181/4/6
f 10181/4/6 10180/4/6 10182/4/6
f 10183/2/6 10184/2/6 10186/2/6
f 10186/2/6 10184/2/6 10187/2/6
f 10185/4/6 10186/4/6 10188/4/6
f 10186/4/6 10187/4/6 10188/4/6
f 10188/4/6 10187/4/6 10191/4/6
f 10191/4/6 10187/4/6 10192/4/6
f 10192/4/6 10187/4/6 10193/4/6
f 10189/4/6 10190/4/6 10194/4/6
f 10194/4/6 10190/4/6 10195/4/6
f 10195/4/6 10190/4/6 10196/4/6
f 10196/4/6 10190/4/6 10197/4/6
f 10195/4/6 10196/4/6 10199/4/6
f 10199/4/6 10196/4/6 10200/4/6
f 10198/4/6 10199/4/6 10202/4/6
f 10200/4/6 10201/4/6 10202/4/6
f 10199/4/6 10200/4/6 10202/4/6
f 10202/4/6 10201/4/6 10203/4/6
f 10204/4/6 10205/4/6 10206/4/6
f 10206/4/6 10205/4/6 10207/4/6
f 10210/4/6 10211/4/6 10216/4/6
f 10216/4/6 10211/4/6 10217/4/6
f 10208/4/6 10209/4/6 10218/4/6
f 10210/4/6 10216/4/6 10219/4/6
f 10219/4/6 10216/4/6 10220/4/6
f 10218/4/6 10209/4/6 10221/4/6
f 10221/4/6 10209/4/6 10222/4/6
f 10210/4/6 10219/4/6 10223/4/6
f 10223/4/6 10219/4/6 10224/4/6
f 10212/4/6 10213/4/6 10225/4/6
f 10225/4/6 10213/4/6 10226/4/6
f 10214/4/6 10215/4/6 10227/4/6
f 10227/4/6 10215/4/6 10228/4/6
f 10229/4/6 10230/4/6 10231/4/6
f 10231/4/6 10230/4/6 10232/4/6
f 10233/4/6 10234/4/6 10235/4/6
f 10235/4/6 10234/4/6 10236/4/6
f 10236/4/6 10237/4/6 10238/4/6
f 10238/4/6 10237/4/6 10239/4/6
f 10240/4/6 10241/4/6 10244/4/6
f 10244/4/6 10241/4/6 10245/4/6
f 10242/4/6 10243/4/6 10246/4/6
f 10246/4/6 10243/4/6 10247/4/6
f 10240/4/6 10244/4/6 10250/4/6
f 10245/4/6 10241/4/6 10251/4/6
f 10240/4/6 10250/4/6 10252/4/6
f 10250/4/6 10251/4/6 10252/4/6
f 10251/4/6 10241/4/6 10253/4/6
f 10252/4/6 10251/4/6 10253/4/6
f 10248/4/6 10249/4/6 10256/4/6
f 10256/4/6 10249/4/6 10257/4/6
f 10254/4/6 10255/4/6 10258/4/6
f 10258/4/6 10255/4/6 10259/4/6
f 10259/4/6 10260/4/6 10263/4/6
f 10258/4/6 10259/4/6 10263/4/6
f 10263/4/6 10260/4/6 10264/4/6
f 10261/4/6 10262/4/6 10267/4/6
f 10267/4/6 10262/4/6 10268/4/6
f 10264/4/6 10260/4/6 10269/4/6
f 10269/4/6 10260/4/6 10270/4/6
f 10265/4/6 10266/4/6 10271/4/6
f 10271/4/6 10266/4/6 10272/4/6
f 10273/4/6 10274/4/6 10275/4/6
f 10275/4/6 10274/4/6 10276/4/6
f 10277/4/6 10278/4/6 10283/4/6
f 10283/4/6 10278/4/6 10284/4/6
f 10279/4/6 10280/4/6 10285/4/6
f 10285/4/6 10280/4/6 10286/4/6
f 10281/4/6 10282/4/6 10287/4/6
f 10287/4/6 10282/4/6 10288/4/6
f 10295/4/6 10296/4/6 10301/4/6
f 10301/4/6 10296/4/6 10302/4/6
f 10297/4/6 10298/4/6 10304/4/6
f 10293/4/6 10294/4/6 10305/4/6
f 10305/4/6 10294/4/6 10306/4/6
f 10303/4/6 10304/4/6 10307/4/6
f 10304/4/6 10298/4/6 10308/4/6
f 10307/4/6 10304/4/6 10308/4/6
f 10289/4/6 10290/4/6 10309/4/6
f 10309/4/6 10290/4/6 10310/4/6
f 10291/4/6 10292/4/6 10311/4/6
f 10311/4/6 10292/4/6 10312/4/6
f 10299/4/6 10300/4/6 10313/4/6
f 10313/4/6 10300/4/6 10314/4/6
f 10315/4/6 10316/4/6 10322/4/6
f 10322/4/6 10316/4/6 10323/4/6
f 10317/4/6 10318/4/6 10324/4/6
f 10318/4/6 10319/4/6 10324/4/6
f 10324/4/6 10319/4/6 10325/4/6
f 10325/4/6 10319/4/6 10326/4/6
f 10326/4/6 10319/4/6 10327/4/6
f 10303/4/6 10307/4/6 10331/4/6
f 10320/4/6 10321/4/6 10332/4/6
f 10332/4/6 10321/4/6 10333/4/6
f 10333/4/6 10321/4/6 10334/4/6
f 10324/4/6 10325/4/6 10335/4/6
f 10335/4/6 10325/4/6 10336/4/6
f 10326/4/6 10327/4/6 10337/4/6
f 10327/4/6 10328/4/6 10337/4/6
f 10337/4/6 10328/4/6 10338/4/6
f 10329/2/6 10330/2/6 10339/2/6
f 10339/2/6 10330/2/6 10340/2/6
f 10303/4/6 10331/4/6 10341/4/6
f 10332/4/6 10333/4/6 10341/4/6
f 10331/4/6 10332/4/6 10341/4/6
f 10341/4/6 10333/4/6 10342/4/6
f 10339/4/6 10340/4/6 10343/4/6
f 10338/4/6 10339/4/6 10343/4/6
f 10343/4/6 10340/4/6 10344/4/6
f 10338/4/6 10343/4/6 10345/4/6
f 10338/4/6 10345/4/6 10346/4/6
f 10344/4/6 10340/4/6 10348/4/6
f 10346/4/6 10347/4/6 10349/4/6
f 10347/4/6 10348/4/6 10349/4/6
f 10338/4/6 10346/4/6 10349/4/6
f 10348/4/6 10340/4/6 10350/4/6
f 10349/4/6 10348/4/6 10350/4/6
f 10351/4/6 10352/4/6 10357/4/6
f 10357/4/6 10352/4/6 10358/4/6
f 10353/4/6 10354/4/6 10359/4/6
f 10359/4/6 10354/4/6 10360/4/6
f 10355/4/6 10356/4/6 10361/4/6
f 10361/4/6 10356/4/6 10362/4/6
f 10360/4/6 10354/4/6 10363/4/6
f 10353/4/6 10359/4/6 10364/4/6
f 10364/4/6 10359/4/6 10365/4/6
f 10360/4/6 10363/4/6 10366/4/6
f 10366/4/6 10363/4/6 10367/4/6
f 10355/4/6 10361/4/6 10369/4/6
f 10351/4/6 10357/4/6 10370/4/6
f 10358/4/6 10352/4/6 10371/4/6
f 10368/4/6 10369/4/6 10375/4/6
f 10369/4/6 10361/4/6 10375/4/6
f 10351/4/6 10370/4/6 10377/4/6
f 10370/4/6 10371/4/6 10377/4/6
f 10371/4/6 10352/4/6 10378/4/6
f 10377/4/6 10371/4/6 10378/4/6
f 10373/4/6 10374/4/6 10379/4/6
f 10372/4/6 10373/4/6 10379/4/6
f 10379/4/6 10374/4/6 10380/4/6
f 10380/4/6 10374/4/6 10381/4/6
f 10375/4/6 10376/4/6 10382/4/6
f 10368/4/6 10375/4/6 10382/4/6
f 10382/4/6 10376/4/6 10383/4/6
f 10379/4/6 10380/4/6 10384/4/6
f 10384/4/6 10380/4/6 10385/4/6
f 10368/4/6 10382/4/6 10386/4/6
f 10386/4/6 10382/4/6 10387/4/6
f 10388/4/6 10389/4/6 10390/4/6
f 10390/4/6 10389/4/6 10391/4/6
f 10391/4/6 10389/4/6 10392/4/6
f 10392/4/6 10389/4/6 10393/4/6
f 10394/4/6 10395/4/6 10396/4/6
f 10396/4/6 10395/4/6 10397/4/6
f 10400/4/6 10401/4/6 10402/4/6
f 10398/4/6 10399/4/6 10404/4/6
f 10404/4/6 10399/4/6 10405/4/6
f 10402/4/6 10403/4/6 10406/4/6
f 10400/4/6 10402/4/6 10406/4/6
f 10406/4/6 10403/4/6 10407/4/6
f 10408/4/6 10409/4/6 10412/4/6
f 10412/4/6 10409/4/6 10413/4/6
f 10413/4/6 10409/4/6 10418/4/6
f 10418/4/6 10409/4/6 10419/4/6
f 10410/4/6 10411/4/6 10422/4/6
f 10422/4/6 10411/4/6 10423/4/6
f 10414/4/6 10415/4/6 10424/4/6
f 10416/4/6 10417/4/6 10425/4/6
f 10425/4/6 10417/4/6 10426/4/6
f 10414/4/6 10424/4/6 10427/4/6
f 10427/4/6 10424/4/6 10428/4/6
f 10425/4/6 10426/4/6 10431/4/6
f 10431/4/6 10426/4/6 10432/4/6
f 10420/4/6 10421/4/6 10433/4/6
f 10433/4/6 10421/4/6 10434/4/6
f 10429/4/6 10430/4/6 10435/4/6
f 10435/4/6 10430/4/6 10436/4/6
f 10437/4/6 10438/4/6 10439/4/6
f 10439/4/6 10438/4/6 10440/4/6
f 10440/4/6 10438/4/6 10441/4/6
f 10441/4/6 10438/4/6 10442/4/6
f 10437/4/6 10439/4/6 10443/4/6
f 10442/4/6 10438/4/6 10444/4/6
f 10444/4/6 10438/4/6 10445/4/6
f 10437/4/6 10443/4/6 10447/4/6
f 10445/4/6 10446/4/6 10447/4/6
f 10444/4/6 10445/4/6 10447/4/6
f 10443/4/6 10444/4/6 10447/4/6
f 10447/4/6 10446/4/6 10448/4/6
f 10448/4/6 10446/4/6 10449/4/6
f 10449/4/6 10446/4/6 10450/4/6
f 10451/4/6 10452/4/6 10453/4/6
f 10453/4/6 10452/4/6 10454/4/6
f 10448/4/6 10449/4/6 10455/4/6
f 10455/4/6 10449/4/6 10456/4/6
f 10450/4/6 10446/4/6 10457/4/6
f 10457/4/6 10446/4/6 10458/4/6
f 10461/4/6 10462/4/6 10463/4/6
f 10463/4/6 10462/4/6 10464/4/6
f 10465/2/6 10466/2/6 10467/2/6
f 10467/2/6 10466/2/6 10468/2/6
f 10459/4/6 10460/4/6 10469/4/6
f 10469/4/6 10460/4/6 10470/4/6
f 10471/4/6 10472/4/6 10473/4/6
f 10473/4/6 10472/4/6 10474/4/6
f 10475/4/6 10476/4/6 10477/4/6
f 10475/4/6 10477/4/6 10479/4/6
f 10477/4/6 10478/4/6 10479/4/6
f 10479/4/6 10478/4/6 10480/4/6
f 10481/4/6 10482/4/6 10483/4/6
f 10483/4/6 10482/4/6 10484/4/6
f 10481/4/6 10483/4/6 10487/4/6
f 10487/4/6 10483/4/6 10488/4/6
f 10485/4/6 10486/4/6 10489/4/6
f 10489/4/6 10486/4/6 10490/4/6
f 10490/4/6 10486/4/6 10491/4/6
f 10490/4/6 10491/4/6 10493/4/6
f 10491/4/6 10492/4/6 10493/4/6
f 10493/4/6 10492/4/6 10494/4/6
f 10494/4/6 10492/4/6 10495/4/6
f 10485/4/6 10489/4/6 10496/4/6
f 10496/4/6 10497/4/6 10500/4/6
f 10485/4/6 10496/4/6 10500/4/6
f 10500/4/6 10497/4/6 10501/4/6
f 10501/4/6 10497/4/6 10502/4/6
f 10502/4/6 10497/4/6 10503/4/6
f 10498/4/6 10499/4/6 10504/4/6
f 10504/4/6 10499/4/6 10505/4/6
f 10506/4/6 10507/4/6 10508/4/6
f 10508/4/6 10507/4/6 10509/4/6
f 10510/2/6 10511/2/6 10512/2/6
f 10512/2/6 10511/2/6 10513/2/6
f 10514/4/6 10515/4/6 10516/4/6
f 10516/4/6 10515/4/6 10517/4/6
f 10518/4/6 10519/4/6 10524/4/6
f 10524/4/6 10519/4/6 10525/4/6
f 10522/4/6 10523/4/6 10526/4/6
f 10520/4/6 10521/4/6 10528/4/6
f 10528/4/6 10521/4/6 10529/4/6
f 10526/4/6 10527/4/6 10530/4/6
f 10522/4/6 10526/4/6 10530/4/6
f 10530/4/6 10527/4/6 10531/4/6
f 10531/4/6 10527/4/6 10532/4/6
f 10532/4/6 10527/4/6 10533/4/6
f 10534/4/6 10535/4/6 10539/4/6
f 10538/4/6 10539/4/6 10540/4/6
f 10539/4/6 10535/4/6 10541/4/6
f 10540/4/6 10539/4/6 10541/4/6
f 10531/4/6 10532/4/6 10542/4/6
f 10536/4/6 10537/4/6 10543/4/6
f 10531/4/6 10542/4/6 10544/4/6
f 10542/4/6 10543/4/6 10544/4/6
f 10543/4/6 10537/4/6 10545/4/6
f 10544/4/6 10543/4/6 10545/4/6
f 10546/2/6 10547/2/6 10548/2/6
f 10548/2/6 10547/2/6 10549/2/6
f 10550/4/6 10551/4/6 10552/4/6
f 10552/4/6 10551/4/6 10553/4/6
f 10550/4/6 10552/4/6 10554/4/6
f 10554/4/6 10552/4/6 10555/4/6
f 10553/4/6 10551/4/6 10557/4/6
f 10555/4/6 10552/4/6 10561/4/6
f 10561/4/6 10552/4/6 10562/4/6
f 10556/4/6 10557/4/6 10563/4/6
f 10563/4/6 10557/4/6 10564/4/6
f 10557/4/6 10551/4/6 10565/4/6
f 10564/4/6 10557/4/6 10565/4/6
f 10559/4/6 10560/4/6 10566/4/6
f 10558/4/6 10559/4/6 10566/4/6
f 10563/4/6 10564/4/6 10568/4/6
f 10562/4/6 10563/4/6 10568/4/6
f 10568/4/6 10564/4/6 10569/4/6
f 10566/4/6 10567/4/6 10570/4/6
f 10558/4/6 10566/4/6 10571/4/6
f 10566/4/6 10570/4/6 10571/4/6
f 10571/4/6 10570/4/6 10572/4/6
f 10573/4/6 10574/4/6 10575/4/6
f 10575/4/6 10574/4/6 10576/4/6
f 10577/4/6 10578/4/6 10581/4/6
f 10581/4/6 10578/4/6 10582/4/6
f 10579/4/6 10580/4/6 10583/4/6
f 10583/4/6 10580/4/6 10584/4/6
f 10585/4/6 10586/4/6 10587/4/6
f 10587/4/6 10586/4/6 10588/4/6
f 10585/4/6 10587/4/6 10589/4/6
f 10589/4/6 10587/4/6 10590/4/6
f 10591/4/6 10592/4/6 10593/4/6
f 10593/4/6 10592/4/6 10594/4/6
f 10591/4/6 10593/4/6 10595/4/6
f 10595/4/6 10593/4/6 10596/4/6
f 10594/4/6 10592/4/6 10597/4/6
f 10597/4/6 10592/4/6 10598/4/6
f 10599/4/6 10600/4/6 10601/4/6
f 10601/4/6 10600/4/6 10602/4/6
f 10603/4/6 10604/4/6 10605/4/6
f 10605/4/6 10604/4/6 10606/4/6
f 10607/4/6 10608/4/6 10612/4/6
f 10608/4/6 10609/4/6 10612/4/6
f 10612/4/6 10609/4/6 10613/4/6
f 10610/4/6 10611/4/6 10614/4/6
f 10614/4/6 10611/4/6 10615/4/6
f 10616/4/6 10617/4/6 10618/4/6
f 10618/4/6 10617/4/6 10619/4/6
f 10620/4/6 10621/4/6 10622/4/6
f 10622/4/6 10621/4/6 10623/4/6
f 10624/4/6 10625/4/6 10626/4/6
f 10626/4/6 10625/4/6 10627/4/6
f 10628/4/6 10629/4/6 10630/4/6
f 10630/4/6 10629/4/6 10631/4/6
f 10632/4/6 10633/4/6 10636/4/6
f 10636/4/6 10633/4/6 10637/4/6
f 10634/4/6 10635/4/6 10638/4/6
f 10638/4/6 10635/4/6 10639/4/6
f 10640/4/6 10641/4/6 10644/4/6
f 10642/4/6 10643/4/6 10644/4/6
f 10641/4/6 10642/4/6 10644/4/6
f 10644/4/6 10643/4/6 10645/4/6
f 10646/4/6 10647/4/6 10650/4/6
f 10650/4/6 10647/4/6 10651/4/6
f 10648/4/6 10649/4/6 10652/4/6
f 10652/4/6 10649/4/6 10653/4/6
f 10653/4/6 10649/4/6 10654/4/6
f 10654/4/6 10649/4/6 10659/4/6
f 10654/4/6 10659/4/6 10660/4/6
f 10660/4/6 10659/4/6 10661/4/6
f 10655/4/6 10656/4/6 10664/4/6
f 10664/4/6 10656/4/6 10665/4/6
f 10657/4/6 10658/4/6 10666/4/6
f 10666/4/6 10658/4/6 10667/4/6
f 10662/4/6 10663/4/6 10668/4/6
f 10668/4/6 10663/4/6 10669/4/6
f 10670/4/6 10671/4/6 10672/4/6
f 10672/4/6 10671/4/6 10673/4/6
f 10674/4/6 10675/4/6 10676/4/6
f 10676/4/6 10675/4/6 10677/4/6
f 10678/4/6 10679/4/6 10680/4/6
f 10680/4/6 10679/4/6 10681/4/6
f 10682/4/6 10683/4/6 10686/4/6
f 10686/4/6 10683/4/6 10687/4/6
f 10684/4/6 10685/4/6 10688/4/6
f 10688/4/6 10685/4/6 10689/4/6
f 10682/4/6 10686/4/6 10690/4/6
f 10682/4/6 10690/4/6 10692/4/6
f 10690/4/6 10691/4/6 10692/4/6
f 10692/4/6 10691/4/6 10693/4/6
f 10694/4/6 10695/4/6 10696/4/6
f 10696/4/6 10695/4/6 10697/4/6
f 10694/4/6 10696/4/6 10698/4/6
f 10697/4/6 10695/4/6 10701/4/6
f 10694/4/6 10698/4/6 10702/4/6
f 10698/4/6 10699/4/6 10702/4/6
f 10699/2/6 10700/2/6 10703/2/6
f 10702/4/6 10699/4/6 10703/4/6
f 10700/4/6 10701/4/6 10704/4/6
f 10703/2/6 10700/2/6 10704/2/6
f 10701/4/6 10695/4/6 10705/4/6
f 10704/4/6 10701/4/6 10705/4/6
f 10706/4/6 10707/4/6 10712/4/6
f 10712/4/6 10707/4/6 10713/4/6
f 10708/4/6 10709/4/6 10714/4/6
f 10714/4/6 10709/4/6 10715/4/6
f 10710/4/6 10711/4/6 10716/4/6
f 10716/4/6 10711/4/6 10717/4/6
f 10715/4/6 10709/4/6 10718/4/6
f 10718/4/6 10709/4/6 10719/4/6
f 10719/4/6 10709/4/6 10720/4/6
f 10720/4/6 10721/4/6 10722/4/6
f 10719/4/6 10720/4/6 10722/4/6
f 10722/4/6 10721/4/6 10723/4/6
f 10723/4/6 10721/4/6 10724/4/6
f 10706/4/6 10712/4/6 10725/4/6
f 10713/4/6 10707/4/6 10726/4/6
f 10725/4/6 10726/4/6 10727/4/6
f 10706/4/6 10725/4/6 10727/4/6
f 10726/4/6 10707/4/6 10728/4/6
f 10727/4/6 10726/4/6 10728/4/6
f 10729/4/6 10730/4/6 10731/4/6
f 10731/4/6 10730/4/6 10732/4/6
f 10733/4/6 10734/4/6 10735/4/6
f 10735/4/6 10734/4/6 10736/4/6
f 10733/4/6 10735/4/6 10738/4/6
f 10738/4/6 10735/4/6 10739/4/6
f 10737/4/6 10738/4/6 10740/4/6
f 10738/4/6 10739/4/6 10740/4/6
f 10736/4/6 10734/4/6 10742/4/6
f 10740/4/6 10741/4/6 10743/4/6
f 10741/4/6 10742/4/6 10743/4/6
f 10737/4/6 10740/4/6 10743/4/6
f 10742/4/6 10734/4/6 10744/4/6
f 10743/4/6 10742/4/6 10744/4/6
f 10745/4/6 10746/4/6 10747/4/6
f 10747/4/6 10746/4/6 10748/4/6
f 10745/4/6 10747/4/6 10749/4/6
f 10749/4/6 10747/4/6 10750/4/6
f 10748/4/6 10746/4/6 10751/4/6
f 10751/4/6 10746/4/6 10752/4/6
f 10753/4/6 10754/4/6 10757/4/6
f 10757/4/6 10754/4/6 10758/4/6
f 10755/4/6 10756/4/6 10759/4/6
f 10759/4/6 10756/4/6 10760/4/6
f 10761/4/6 10762/4/6 10771/4/6
f 10771/4/6 10762/4/6 10772/4/6
f 10769/4/6 10770/4/6 10773/4/6
f 10773/4/6 10770/4/6 10774/4/6
f 10763/4/6 10764/4/6 10775/4/6
f 10775/4/6 10764/4/6 10776/4/6
f 10765/4/6 10766/4/6 10777/4/6
f 10777/4/6 10766/4/6 10778/4/6
f 10767/4/6 10768/4/6 10779/4/6
f 10779/4/6 10768/4/6 10780/4/6
f 10781/4/6 10782/4/6 10786/4/6
f 10786/4/6 10782/4/6 10787/4/6
f 10787/4/6 10782/4/6 10788/4/6
f 10783/4/6 10784/4/6 10789/4/6
f 10789/4/6 10784/4/6 10790/4/6
f 10785/4/6 10786/4/6 10791/4/6
f 10786/4/6 10787/4/6 10791/4/6
f 10791/4/6 10787/4/6 10792/4/6
f 10793/4/6 10794/4/6 10795/4/6
f 10795/4/6 10794/4/6 10796/4/6
f 10796/4/6 10794/4/6 10797/4/6
f 10797/4/6 10794/4/6 10798/4/6
f 10799/4/6 10800/4/6 10803/4/6
f 10803/4/6 10800/4/6 10804/4/6
f 10801/4/6 10802/4/6 10807/4/6
f 10807/4/6 10802/4/6 10808/4/6
f 10805/4/6 10806/4/6 10811/4/6
f 10811/4/6 10806/4/6 10812/4/6
f 10809/4/6 10810/4/6 10813/4/6
f 10801/4/6 10807/4/6 10815/4/6
f 10813/4/6 10810/4/6 10816/4/6
f 10816/4/6 10810/4/6 10817/4/6
f 10814/2/6 10815/2/6 10818/2/6
f 10815/4/6 10807/4/6 10819/4/6
f 10818/2/6 10815/2/6 10819/2/6
f 10819/4/6 10807/4/6 10820/4/6
f 10805/4/6 10811/4/6 10822/4/6
f 10812/4/6 10806/4/6 10823/4/6
f 10820/4/6 10821/4/6 10824/4/6
f 10819/4/6 10820/4/6 10824/4/6
f 10824/4/6 10821/4/6 10825/4/6
f 10825/4/6 10821/4/6 10826/4/6
f 10822/4/6 10823/4/6 10827/4/6
f 10823/4/6 10806/4/6 10828/4/6
f 10827/4/6 10823/4/6 10828/4/6
f 10805/4/6 10822/4/6 10829/4/6
f 10822/4/6 10827/4/6 10829/4/6
f 10829/4/6 10827/4/6 10830/4/6
f 10831/4/6 10832/4/6 10835/4/6
f 10835/4/6 10832/4/6 10836/4/6
f 10833/4/6 10834/4/6 10839/4/6
f 10831/4/6 10835/4/6 10840/4/6
f 10833/4/6 10839/4/6 10841/4/6
f 10841/4/6 10839/4/6 10842/4/6
f 10842/4/6 10839/4/6 10843/4/6
f 10840/4/6 10835/4/6 10844/4/6
f 10844/4/6 10835/4/6 10845/4/6
f 10837/4/6 10838/4/6 10846/4/6
f 10846/4/6 10838/4/6 10847/4/6
f 10848/4/6 10849/4/6 10850/4/6
f 10850/4/6 10849/4/6 10851/4/6
f 10848/4/6 10850/4/6 10852/4/6
f 10852/4/6 10850/4/6 10853/4/6
f 10854/4/6 10855/4/6 10856/4/6
f 10856/4/6 10855/4/6 10857/4/6
f 10858/4/6 10859/4/6 10860/4/6
f 10860/4/6 10859/4/6 10861/4/6
f 10861/4/6 10859/4/6 10862/4/6
f 10863/4/6 10864/4/6 10867/4/6
f 10867/4/6 10864/4/6 10868/4/6
f 10865/4/6 10866/4/6 10869/4/6
f 10869/4/6 10866/4/6 10870/4/6
f 10871/4/6 10872/4/6 10876/4/6
f 10873/4/6 10874/4/6 10877/4/6
f 10877/4/6 10874/4/6 10878/4/6
f 10875/4/6 10876/4/6 10879/4/6
f 10876/4/6 10872/4/6 10879/4/6
f 10879/4/6 10872/4/6 10880/4/6
f 10875/4/6 10879/4/6 10881/4/6
f 10881/4/6 10879/4/6 10882/4/6
f 10883/4/6 10884/4/6 10889/4/6
f 10889/4/6 10884/4/6 10890/4/6
f 10885/4/6 10886/4/6 10891/4/6
f 10891/4/6 10886/4/6 10892/4/6
f 10887/4/6 10888/4/6 10893/4/6
f 10893/4/6 10888/4/6 10894/4/6
f 10895/4/6 10896/4/6 10897/4/6
f 10897/4/6 10896/4/6 10898/4/6
f 10903/4/6 10904/4/6 10907/4/6
f 10907/4/6 10904/4/6 10908/4/6
f 10905/4/6 10906/4/6 10909/4/6
f 10909/4/6 10906/4/6 10910/4/6
f 10899/4/6 10900/4/6 10911/4/6
f 10911/4/6 10900/4/6 10912/4/6
f 10901/4/6 10902/4/6 10913/4/6
f 10913/4/6 10902/4/6 10914/4/6
f 10915/4/6 10916/4/6 10919/4/6
f 10919/4/6 10916/4/6 10920/4/6
f 10903/4/6 10907/4/6 10921/4/6
f 10917/4/6 10918/4/6 10923/4/6
f 10923/4/6 10918/4/6 10924/4/6
f 10910/4/6 10906/4/6 10926/4/6
f 10921/4/6 10922/4/6 10927/4/6
f 10903/4/6 10921/4/6 10927/4/6
f 10927/4/6 10922/4/6 10928/4/6
f 10925/4/6 10926/4/6 10929/4/6
f 10926/4/6 10906/4/6 10930/4/6
f 10929/4/6 10926/4/6 10930/4/6
f 10931/4/6 10932/4/6 10933/4/6
f 10933/4/6 10932/4/6 10934/4/6
f 10935/4/6 10936/4/6 10939/4/6
f 10939/4/6 10936/4/6 10940/4/6
f 10937/4/6 10938/4/6 10941/4/6
f 10941/4/6 10938/4/6 10942/4/6
f 10943/4/6 10944/4/6 10945/4/6
f 10945/4/6 10944/4/6 10946/4/6
f 10947/4/6 10948/4/6 10949/4/6
f 10949/4/6 10948/4/6 10950/4/6
f 10951/4/6 10952/4/6 10955/4/6
f 10955/4/6 10952/4/6 10956/4/6
f 10947/4/6 10949/4/6 10960/4/6
f 10950/4/6 10948/4/6 10961/4/6
f 10958/4/6 10959/4/6 10962/4/6
f 10957/4/6 10958/4/6 10962/4/6
f 10953/4/6 10954/4/6 10963/4/6
f 10947/4/6 10960/4/6 10965/4/6
f 10960/4/6 10961/4/6 10965/4/6
f 10961/4/6 10948/4/6 10966/4/6
f 10965/4/6 10961/4/6 10966/4/6
f 10962/4/6 10959/4/6 10967/4/6
f 10963/4/6 10964/4/6 10968/4/6
f 10953/4/6 10963/4/6 10968/4/6
f 10968/4/6 10964/4/6 10969/4/6
f 10967/4/6 10959/4/6 10970/4/6
f 10970/4/6 10959/4/6 10971/4/6
f 10971/4/6 10959/4/6 10972/4/6
f 10973/4/6 10974/4/6 10975/4/6
f 10975/4/6 10974/4/6 10976/4/6
f 10977/4/6 10978/4/6 10981/4/6
f 10981/4/6 10978/4/6 10982/4/6
f 10979/4/6 10980/4/6 10983/4/6
f 10983/4/6 10980/4/6 10984/4/6
f 10985/4/6 10986/4/6 10987/4/6
f 10987/4/6 10986/4/6 10988/4/6
f 10989/4/6 10990/4/6 10991/4/6
f 10991/4/6 10990/4/6 10992/4/6
f 10989/4/6 10991/4/6 10993/4/6
f 10992/4/6 10990/4/6 10994/4/6
f 10989/4/6 10993/4/6 10995/4/6
f 10993/4/6 10994/4/6 10995/4/6
f 10994/4/6 10990/4/6 10996/4/6
f 10995/4/6 10994/4/6 10996/4/6
f 10997/4/6 10998/4/6 10999/4/6
f 10999/4/6 10998/4/6 11000/4/6
f 11005/4/6 11006/4/6 11007/4/6
f 11007/4/6 11006/4/6 11008/4/6
f 11001/4/6 11002/4/6 11009/4/6
f 11009/4/6 11002/4/6 11010/4/6
f 11003/4/6 11004/4/6 11011/4/6
f 11011/4/6 11004/4/6 11012/4/6
f 11015/4/6 11016/4/6 11017/4/6
f 11017/4/6 11016/4/6 11018/4/6
f 11013/4/6 11014/4/6 11021/4/6
f 11021/4/6 11014/4/6 11022/4/6
f 11023/4/6 11024/4/6 11025/4/6
f 11025/4/6 11024/4/6 11026/4/6
f 11019/4/6 11020/4/6 11027/4/6
f 11027/4/6 11020/4/6 11028/4/6
f 11029/4/6 11030/4/6 11032/4/6
f 11030/4/6 11031/4/6 11032/4/6
f 11032/4/6 11031/4/6 11033/4/6
f 11033/4/6 11031/4/6 11034/4/6
f 11034/4/6 11031/4/6 11035/4/6
f 11029/4/6 11032/4/6 11036/4/6
f 11033/4/6 11034/4/6 11037/4/6
f 11029/4/6 11036/4/6 11038/4/6
f 11036/4/6 11037/4/6 11038/4/6
f 11037/4/6 11034/4/6 11039/4/6
f 11038/4/6 11037/4/6 11039/4/6
f 11040/4/6 11041/4/6 11042/4/6
f 11042/4/6 11041/4/6 11043/4/6
f 11044/4/6 11045/4/6 11051/4/6
f 11051/4/6 11045/4/6 11052/4/6
f 11046/4/6 11047/4/6 11054/4/6
f 11047/4/6 11048/4/6 11054/4/6
f 11054/4/6 11048/4/6 11055/4/6
f 11049/4/6 11050/4/6 11056/4/6
f 11056/4/6 11050/4/6 11057/4/6
f 11053/4/6 11054/4/6 11059/4/6
f 11058/4/6 11059/4/6 11064/4/6
f 11064/4/6 11059/4/6 11065/4/6
f 11065/4/6 11059/4/6 11067/4/6
f 11059/4/6 11054/4/6 11068/4/6
f 11067/4/6 11059/4/6 11068/4/6
f 11055/4/6 11048/4/6 11069/4/6
f 11067/4/6 11068/4/6 11070/4/6
f 11068/4/6 11069/4/6 11070/4/6
f 11066/4/6 11067/4/6 11070/4/6
f 11070/4/6 11069/4/6 11071/4/6
f 11071/4/6 11069/4/6 11072/4/6
f 11069/4/6 11048/4/6 11073/4/6
f 11072/4/6 11069/4/6 11073/4/6
f 11060/4/6 11061/4/6 11074/4/6
f 11074/4/6 11061/4/6 11075/4/6
f 11062/4/6 11063/4/6 11076/4/6
f 11076/4/6 11063/4/6 11077/4/6
f 11071/4/6 11072/4/6 11078/4/6
f 11071/4/6 11078/4/6 11082/4/6
f 11078/4/6 11079/4/6 11082/4/6
f 11082/4/6 11079/4/6 11083/4/6
f 11080/4/6 11081/4/6 11084/4/6
f 11084/4/6 11081/4/6 11085/4/6
f 11066/4/6 11070/4/6 11086/4/6
f 11071/4/6 11082/4/6 11087/4/6
f 11066/4/6 11086/4/6 11088/4/6
f 11086/4/6 11087/4/6 11088/4/6
f 11087/4/6 11082/4/6 11089/4/6
f 11088/4/6 11087/4/6 11089/4/6
f 11089/4/6 11082/4/6 11090/4/6
f 11083/4/6 11079/4/6 11091/4/6
f 11089/4/6 11090/4/6 11092/4/6
f 11090/4/6 11091/4/6 11092/4/6
f 11091/4/6 11079/4/6 11093/4/6
f 11092/4/6 11091/4/6 11093/4/6
f 11094/4/6 11095/4/6 11096/4/6
f 11096/4/6 11095/4/6 11097/4/6
f 11098/4/6 11099/4/6 11100/4/6
f 11098/4/6 11100/4/6 11106/4/6
f 11100/4/6 11101/4/6 11106/4/6
f 11106/4/6 11101/4/6 11107/4/6
f 11104/4/6 11105/4/6 11108/4/6
f 11108/4/6 11105/4/6 11109/4/6
f 11102/4/6 11103/4/6 11110/4/6
f 11110/4/6 11103/4/6 11111/4/6
f 11104/4/6 11108/4/6 11114/4/6
f 11109/4/6 11105/4/6 11115/4/6
f 11104/4/6 11114/4/6 11116/4/6
f 11114/4/6 11115/4/6 11116/4/6
f 11115/4/6 11105/4/6 11117/4/6
f 11116/4/6 11115/4/6 11117/4/6
f 11112/4/6 11113/4/6 11120/4/6
f 11120/4/6 11113/4/6 11121/4/6
f 11118/4/6 11119/4/6 11122/4/6
f 11122/4/6 11119/4/6 11123/4/6
f 11124/4/6 11125/4/6 11126/4/6
f 11124/4/6 11126/4/6 11128/4/6
f 11126/4/6 11127/4/6 11128/4/6
f 11128/4/6 11127/4/6 11129/4/6
f 11130/4/6 11131/4/6 11132/4/6
f 11132/4/6 11131/4/6 11133/4/6
f 11134/4/6 11135/4/6 11136/4/6
f 11136/4/6 11135/4/6 11137/4/6
f 11138/4/6 11139/4/6 11142/4/6
f 11142/4/6 11139/4/6 11143/4/6
f 11140/4/6 11141/4/6 11144/4/6
f 11144/4/6 11141/4/6 11145/4/6
f 11146/4/6 11147/4/6 11148/4/6
f 11148/4/6 11147/4/6 11149/4/6
f 11150/4/6 11151/4/6 11152/4/6
f 11152/4/6 11151/4/6 11153/4/6
f 11150/4/6 11152/4/6 11154/4/6
f 11153/4/6 11151/4/6 11155/4/6
f 11150/4/6 11154/4/6 11156/4/6
f 11154/4/6 11155/4/6 11156/4/6
f 11155/4/6 11151/4/6 11157/4/6
f 11156/4/6 11155/4/6 11157/4/6
f 11158/4/6 11159/4/6 11160/4/6
f 11160/4/6 11159/4/6 11161/4/6
