# MagicaVoxel @ Ephtracy

# group
o 

# material
mtllib castillo.mtl
usemtl palette

# normals
vn -1 0 0
vn 1 0 0
vn 0 0 1
vn 0 0 -1
vn 0 -1 0
vn 0 1 0

# texcoords
vt 0.0332031 0.5
vt 0.0683594 0.5
vt 0.0917969 0.5
vt 0.537109 0.5
vt 0.822266 0.5
vt 0.841797 0.5
vt 0.876953 0.5
vt 0.919922 0.5
vt 0.970703 0.5
vt 0.982422 0.5
vt 0.990234 0.5

# verts
v -2.5 0 2.5
v -2.5 0 2.2
v -2.5 0 -2.3
v -2.5 0 -2.5
v -2.5 0.6 2.5
v -2.5 0.6 2.2
v -2.5 0.6 -2.3
v -2.5 0.6 -2.5
v -1.9 0.6 1.8
v -1.9 0.6 1.2
v -1.9 0.6 -1.2
v -1.9 0.6 -1.8
v -1.9 0.7 1.8
v -1.9 0.7 1.2
v -1.9 0.7 -1.2
v -1.9 0.7 -1.8
v -1.8 0.6 1.9
v -1.8 0.6 1.8
v -1.8 0.6 -1.8
v -1.8 0.6 -1.9
v -1.8 0.7 1.9
v -1.8 0.7 1.8
v -1.8 0.7 1.6
v -1.8 0.7 1.3
v -1.8 0.7 -1.3
v -1.8 0.7 -1.6
v -1.8 0.7 -1.8
v -1.8 0.7 -1.9
v -1.8 0.9 1.6
v -1.8 0.9 1.3
v -1.8 0.9 -1.3
v -1.8 0.9 -1.6
v -1.7 0.6 1.2
v -1.7 0.6 -1.2
v -1.7 0.7 1.7
v -1.7 0.7 1.6
v -1.7 0.7 1.3
v -1.7 0.7 1.2
v -1.7 0.7 -1.2
v -1.7 0.7 -1.3
v -1.7 0.7 -1.6
v -1.7 0.7 -1.7
v -1.7 0.9 1.7
v -1.7 0.9 1.6
v -1.7 0.9 1.3
v -1.7 0.9 1.2
v -1.7 0.9 -1.2
v -1.7 0.9 -1.3
v -1.7 0.9 -1.6
v -1.7 0.9 -1.7
v -1.7 1 1.6
v -1.7 1 1.3
v -1.7 1 -1.3
v -1.7 1 -1.6
v -1.7 2 1.6
v -1.7 2 1.3
v -1.7 2 -1.3
v -1.7 2 -1.6
v -1.7 2.4 1.5
v -1.7 2.4 1.4
v -1.7 2.4 -1.4
v -1.7 2.4 -1.5
v -1.7 2.5 1.6
v -1.7 2.5 1.5
v -1.7 2.5 1.4
v -1.7 2.5 1.3
v -1.7 2.5 -1.3
v -1.7 2.5 -1.4
v -1.7 2.5 -1.5
v -1.7 2.5 -1.6
v -1.6 0.7 1.8
v -1.6 0.7 1.7
v -1.6 0.7 1.2
v -1.6 0.7 -1.2
v -1.6 0.7 -1.7
v -1.6 0.7 -1.8
v -1.6 0.8 0.5
v -1.6 0.8 0.4
v -1.6 0.9 1.8
v -1.6 0.9 1.7
v -1.6 0.9 1.6
v -1.6 0.9 1.3
v -1.6 0.9 1.2
v -1.6 0.9 0.5
v -1.6 0.9 0.4
v -1.6 0.9 -1.2
v -1.6 0.9 -1.3
v -1.6 0.9 -1.6
v -1.6 0.9 -1.7
v -1.6 0.9 -1.8
v -1.6 1 1.7
v -1.6 1 1.6
v -1.6 1 1.3
v -1.6 1 -1.3
v -1.6 1 -1.6
v -1.6 1 -1.7
v -1.6 1.7 1.2
v -1.6 1.7 1.1
v -1.6 1.7 1
v -1.6 1.7 0.9
v -1.6 1.7 0.8
v -1.6 1.7 0.7
v -1.6 1.7 0.6
v -1.6 1.7 0.5
v -1.6 1.7 0.4
v -1.6 1.7 0.3
v -1.6 1.7 0.2
v -1.6 1.7 0.0999999
v -1.6 1.7 -0.1
v -1.6 1.7 -0.2
v -1.6 1.7 -0.3
v -1.6 1.7 -0.4
v -1.6 1.7 -0.5
v -1.6 1.7 -0.6
v -1.6 1.7 -0.7
v -1.6 1.7 -0.8
v -1.6 1.7 -0.9
v -1.6 1.7 -1
v -1.6 1.7 -1.1
v -1.6 1.7 -1.2
v -1.6 1.8 1.3
v -1.6 1.8 1.2
v -1.6 1.8 1.1
v -1.6 1.8 1
v -1.6 1.8 0.9
v -1.6 1.8 0.8
v -1.6 1.8 0.7
v -1.6 1.8 0.6
v -1.6 1.8 0.5
v -1.6 1.8 0.4
v -1.6 1.8 0.3
v -1.6 1.8 0.2
v -1.6 1.8 0.0999999
v -1.6 1.8 -0.1
v -1.6 1.8 -0.2
v -1.6 1.8 -0.3
v -1.6 1.8 -0.4
v -1.6 1.8 -0.5
v -1.6 1.8 -0.6
v -1.6 1.8 -0.7
v -1.6 1.8 -0.8
v -1.6 1.8 -0.9
v -1.6 1.8 -1
v -1.6 1.8 -1.1
v -1.6 1.8 -1.2
v -1.6 1.8 -1.3
v -1.6 2 1.7
v -1.6 2 1.6
v -1.6 2 1.3
v -1.6 2 1.2
v -1.6 2 -1.2
v -1.6 2 -1.3
v -1.6 2 -1.6
v -1.6 2 -1.7
v -1.6 2.5 1.7
v -1.6 2.5 1.6
v -1.6 2.5 1.3
v -1.6 2.5 1.2
v -1.6 2.5 -1.2
v -1.6 2.5 -1.3
v -1.6 2.5 -1.6
v -1.6 2.5 -1.7
v -1.5 0.8 0.5
v -1.5 0.8 0.4
v -1.5 0.9 0.5
v -1.5 0.9 0.4
v -1.4 1.6 1.4
v -1.4 1.6 1.2
v -1.4 1.6 -1.3
v -1.4 1.6 -1.4
v -1.4 1.7 1.3
v -1.4 1.7 1.2
v -1.4 1.9 1.4
v -1.4 1.9 1.3
v -1.4 1.9 -1.3
v -1.4 1.9 -1.4
v -1.4 2.4 1.7
v -1.4 2.4 1.6
v -1.4 2.4 1.3
v -1.4 2.4 1.2
v -1.4 2.4 -1.2
v -1.4 2.4 -1.3
v -1.4 2.4 -1.6
v -1.4 2.4 -1.7
v -1.4 2.5 1.7
v -1.4 2.5 1.6
v -1.4 2.5 1.3
v -1.4 2.5 1.2
v -1.4 2.5 -1.2
v -1.4 2.5 -1.3
v -1.4 2.5 -1.6
v -1.4 2.5 -1.7
v -1.3 2.3 1.6
v -1.3 2.3 1.3
v -1.3 2.3 -1.3
v -1.3 2.3 -1.6
v -1.3 2.4 1.5
v -1.3 2.4 1.4
v -1.3 2.4 -1.4
v -1.3 2.4 -1.5
v -1.3 2.5 1.6
v -1.3 2.5 1.5
v -1.3 2.5 1.4
v -1.3 2.5 1.3
v -1.3 2.5 -1.3
v -1.3 2.5 -1.4
v -1.3 2.5 -1.5
v -1.3 2.5 -1.6
v -1.1 1.7 1.6
v -1.1 1.7 1.5
v -1.1 1.7 -1.5
v -1.1 1.7 -1.6
v -1.1 1.8 1.6
v -1.1 1.8 1.5
v -1.1 1.8 -1.5
v -1.1 1.8 -1.6
v -1 1.6 1.3
v -1 1.6 1.2
v -1 1.7 1.3
v -1 1.7 1.2
v -0.9 0.7 1.3
v -0.9 0.7 0.6
v -0.9 0.8 0.7
v -0.9 0.8 0.6
v -0.9 0.9 0.8
v -0.9 0.9 0.7
v -0.9 1 0.9
v -0.9 1 0.8
v -0.9 1 0.7
v -0.9 1 0.6
v -0.9 1.1 1.6
v -0.9 1.1 1.3
v -0.9 1.1 1
v -0.9 1.1 0.9
v -0.9 1.1 0.8
v -0.9 1.1 0.7
v -0.9 1.1 -1.3
v -0.9 1.1 -1.6
v -0.9 1.2 1.1
v -0.9 1.2 1
v -0.9 1.2 0.9
v -0.9 1.2 0.8
v -0.9 1.3 1.2
v -0.9 1.3 1.1
v -0.9 1.3 1
v -0.9 1.3 0.9
v -0.9 1.4 1.1
v -0.9 1.4 1
v -0.9 1.5 1.6
v -0.9 1.5 1.2
v -0.9 1.5 1.1
v -0.9 1.5 -1.3
v -0.9 1.5 -1.6
v -0.9 1.6 1.1
v -0.9 1.6 1
v -0.9 1.6 0.9
v -0.9 1.6 0.8
v -0.9 1.7 1.6
v -0.9 1.7 1.5
v -0.9 1.7 1.2
v -0.9 1.7 1.1
v -0.9 1.7 1
v -0.9 1.7 0.9
v -0.9 1.7 0.8
v -0.9 1.7 0.6
v -0.9 1.7 -1.5
v -0.9 1.7 -1.6
v -0.9 1.8 1.6
v -0.9 1.8 1.5
v -0.9 1.8 -1.5
v -0.9 1.8 -1.6
v -0.7 0.6 2.5
v -0.7 0.6 2.2
v -0.7 0.6 1.7
v -0.7 0.6 -1.8
v -0.7 0.6 -2.3
v -0.7 0.6 -2.5
v -0.7 0.7 2.4
v -0.7 0.7 1.7
v -0.7 0.7 -1.6
v -0.7 0.7 -1.7
v -0.7 0.7 -1.8
v -0.7 0.7 -2.4
v -0.7 0.8 2.5
v -0.7 0.8 2.4
v -0.7 0.8 2.3
v -0.7 0.8 -2.3
v -0.7 0.8 -2.4
v -0.7 0.8 -2.5
v -0.7 0.9 2.4
v -0.7 0.9 2.3
v -0.7 0.9 2.2
v -0.7 0.9 -2.2
v -0.7 0.9 -2.3
v -0.7 0.9 -2.4
v -0.7 1 2.3
v -0.7 1 2.2
v -0.7 1 2.1
v -0.7 1 -2.1
v -0.7 1 -2.2
v -0.7 1 -2.3
v -0.7 1.1 2.2
v -0.7 1.1 2.1
v -0.7 1.1 2
v -0.7 1.1 -2
v -0.7 1.1 -2.1
v -0.7 1.1 -2.2
v -0.7 1.2 2.1
v -0.7 1.2 2
v -0.7 1.2 1.9
v -0.7 1.2 -1.9
v -0.7 1.2 -2
v -0.7 1.2 -2.1
v -0.7 1.3 2
v -0.7 1.3 1.9
v -0.7 1.3 1.8
v -0.7 1.3 -1.8
v -0.7 1.3 -1.9
v -0.7 1.3 -2
v -0.7 1.4 1.9
v -0.7 1.4 1.8
v -0.7 1.4 1.7
v -0.7 1.4 -1.7
v -0.7 1.4 -1.8
v -0.7 1.4 -1.9
v -0.7 1.5 1.8
v -0.7 1.5 1.7
v -0.7 1.5 -1.6
v -0.7 1.5 -1.7
v -0.7 1.5 -1.8
v -0.7 1.6 0.7
v -0.7 1.6 0.6
v -0.7 1.7 1.6
v -0.7 1.7 1.5
v -0.7 1.7 0.7
v -0.7 1.7 0.6
v -0.7 1.7 -1.5
v -0.7 1.7 -1.6
v -0.7 1.8 1.6
v -0.7 1.8 1.5
v -0.7 1.8 -1.5
v -0.7 1.8 -1.6
v -0.5 0.9 0.9
v -0.5 0.9 0.6
v -0.5 1.3 0.9
v -0.5 1.3 0.6
v -0.5 1.6 0.7
v -0.5 1.6 0.6
v -0.5 1.7 1.6
v -0.5 1.7 1.5
v -0.5 1.7 0.7
v -0.5 1.7 0.6
v -0.5 1.7 -1.5
v -0.5 1.7 -1.6
v -0.5 1.8 1.6
v -0.5 1.8 1.5
v -0.5 1.8 -1.5
v -0.5 1.8 -1.6
v -0.4 1.2 -0.1
v -0.4 1.2 -0.3
v -0.4 1.4 -0.1
v -0.4 1.4 -0.3
v -0.4 1.6 -0.1
v -0.4 1.6 -0.3
v -0.4 1.7 -2.38419e-07
v -0.4 1.7 -0.4
v -0.4 2 -2.38419e-07
v -0.4 2 -0.4
v -0.3 0.7 -0.1
v -0.3 0.7 -0.4
v -0.3 0.8 -0.1
v -0.3 0.8 -0.3
v -0.3 0.8 -0.4
v -0.3 1.2 -0.1
v -0.3 1.2 -0.3
v -0.3 1.6 0.7
v -0.3 1.6 0.6
v -0.3 1.6 -0.1
v -0.3 1.6 -0.3
v -0.3 1.7 1.6
v -0.3 1.7 1.5
v -0.3 1.7 0.7
v -0.3 1.7 0.6
v -0.3 1.7 -0.1
v -0.3 1.7 -0.3
v -0.3 1.7 -1.5
v -0.3 1.7 -1.6
v -0.3 1.8 1.6
v -0.3 1.8 1.5
v -0.3 1.8 -1.5
v -0.3 1.8 -1.6
v -0.3 2 -0.1
v -0.3 2 -0.3
v -0.3 2.1 -0.1
v -0.3 2.1 -0.3
v -0.2 2.1 -0.1
v -0.2 2.1 -0.3
v -0.2 2.2 -0.1
v -0.2 2.2 -0.2
v -0.2 2.3 -0.2
v -0.2 2.3 -0.3
v -0.0999999 1.6 0.7
v -0.0999999 1.6 0.6
v -0.0999999 1.7 1.6
v -0.0999999 1.7 1.5
v -0.0999999 1.7 0.7
v -0.0999999 1.7 0.6
v -0.0999999 1.7 -1.5
v -0.0999999 1.7 -1.6
v -0.0999999 1.8 1.6
v -0.0999999 1.8 1.5
v -0.0999999 1.8 -1.5
v -0.0999999 1.8 -1.6
v 2.38419e-07 1.8 -0.3
v 2.38419e-07 1.8 -0.4
v 2.38419e-07 1.9 -0.3
v 2.38419e-07 1.9 -0.4
v 0.1 0.7 -0.1
v 0.1 0.7 -0.4
v 0.1 0.8 -0.1
v 0.1 0.8 -0.3
v 0.1 0.8 -0.4
v 0.1 1.1 -0.1
v 0.1 1.1 -0.3
v 0.1 2.2 -0.2
v 0.1 2.2 -0.3
v 0.1 2.3 -0.2
v 0.1 2.3 -0.3
v 0.2 1.2 0.9
v 0.2 1.2 0.6
v 0.2 1.3 0.9
v 0.2 1.3 0.6
v 0.2 1.6 0.7
v 0.2 1.6 0.6
v 0.2 1.7 0.7
v 0.2 1.7 0.6
v 0.3 0.7 0.9
v 0.3 0.7 0.6
v 0.3 1.2 0.9
v 0.3 1.2 0.6
v 0.3 1.7 1.6
v 0.3 1.7 1.5
v 0.3 1.7 -0.3
v 0.3 1.7 -0.4
v 0.3 1.7 -1.5
v 0.3 1.7 -1.6
v 0.3 1.8 1.6
v 0.3 1.8 1.5
v 0.3 1.8 -1.5
v 0.3 1.8 -1.6
v 0.3 1.9 -0.3
v 0.3 1.9 -0.4
v 0.4 1.6 0.7
v 0.4 1.6 0.6
v 0.4 1.7 0.7
v 0.4 1.7 0.6
v 0.5 1.7 1.6
v 0.5 1.7 1.5
v 0.5 1.7 -1.5
v 0.5 1.7 -1.6
v 0.5 1.8 1.6
v 0.5 1.8 1.5
v 0.5 1.8 -1.5
v 0.5 1.8 -1.6
v 0.6 0.7 2.5
v 0.6 0.7 2.4
v 0.6 0.7 -1.4
v 0.6 0.7 -1.7
v 0.6 0.7 -2.4
v 0.6 0.7 -2.5
v 0.6 0.8 2.5
v 0.6 0.8 2.4
v 0.6 0.8 2.3
v 0.6 0.8 -2.3
v 0.6 0.8 -2.4
v 0.6 0.8 -2.5
v 0.6 0.9 2.4
v 0.6 0.9 2.3
v 0.6 0.9 2.2
v 0.6 0.9 0.9
v 0.6 0.9 0.6
v 0.6 0.9 -2.2
v 0.6 0.9 -2.3
v 0.6 0.9 -2.4
v 0.6 1 2.3
v 0.6 1 2.2
v 0.6 1 2.1
v 0.6 1 -2.1
v 0.6 1 -2.2
v 0.6 1 -2.3
v 0.6 1.1 2.2
v 0.6 1.1 2.1
v 0.6 1.1 2
v 0.6 1.1 -2
v 0.6 1.1 -2.1
v 0.6 1.1 -2.2
v 0.6 1.2 2.1
v 0.6 1.2 2
v 0.6 1.2 1.9
v 0.6 1.2 -1.9
v 0.6 1.2 -2
v 0.6 1.2 -2.1
v 0.6 1.3 2
v 0.6 1.3 1.9
v 0.6 1.3 1.8
v 0.6 1.3 0.9
v 0.6 1.3 0.6
v 0.6 1.3 -1.8
v 0.6 1.3 -1.9
v 0.6 1.3 -2
v 0.6 1.4 1.9
v 0.6 1.4 1.8
v 0.6 1.4 1.7
v 0.6 1.4 -1.4
v 0.6 1.4 -1.7
v 0.6 1.4 -1.8
v 0.6 1.4 -1.9
v 0.6 1.5 1.8
v 0.6 1.5 1.7
v 0.6 1.5 -1.7
v 0.6 1.5 -1.8
v 0.6 1.6 0.7
v 0.6 1.6 0.6
v 0.6 1.7 0.7
v 0.6 1.7 0.6
v 0.7 0.7 -1.3
v 0.7 0.7 -1.4
v 0.7 1.4 -1.3
v 0.7 1.4 -1.4
v 0.7 1.7 1.6
v 0.7 1.7 1.5
v 0.7 1.7 -1.5
v 0.7 1.7 -1.6
v 0.7 1.8 1.6
v 0.7 1.8 1.5
v 0.7 1.8 -1.5
v 0.7 1.8 -1.6
v 0.8 1.6 1.3
v 0.8 1.6 1.1
v 0.8 1.6 1
v 0.8 1.6 0.9
v 0.8 1.6 0.8
v 0.8 1.6 0.6
v 0.8 1.7 1.3
v 0.8 1.7 1.1
v 0.8 1.7 1
v 0.8 1.7 0.9
v 0.8 1.7 0.8
v 0.8 1.7 0.6
v 0.9 0.7 0.6
v 0.9 0.7 0.4
v 0.9 0.8 0.5
v 0.9 0.8 0.4
v 0.9 0.9 0.6
v 0.9 0.9 0.5
v 0.9 1.7 1.6
v 0.9 1.7 1.5
v 0.9 1.7 -1.5
v 0.9 1.7 -1.6
v 0.9 1.8 1.6
v 0.9 1.8 1.5
v 0.9 1.8 -1.5
v 0.9 1.8 -1.6
v 1 1.1 1.6
v 1 1.1 1.3
v 1 1.1 -1.3
v 1 1.1 -1.6
v 1 1.5 1.6
v 1 1.5 1.3
v 1 1.5 -1.3
v 1 1.5 -1.6
v 1.1 1.7 1.6
v 1.1 1.7 1.5
v 1.1 1.7 -1.5
v 1.1 1.7 -1.6
v 1.1 1.8 1.6
v 1.1 1.8 1.5
v 1.1 1.8 -1.5
v 1.1 1.8 -1.6
v 1.3 0.6 1.9
v 1.3 0.6 1.7
v 1.3 0.6 -1.8
v 1.3 0.6 -1.9
v 1.3 0.7 1.9
v 1.3 0.7 1.7
v 1.3 0.7 1.6
v 1.3 0.7 1.3
v 1.3 0.7 1.2
v 1.3 0.7 -1.2
v 1.3 0.7 -1.3
v 1.3 0.7 -1.6
v 1.3 0.7 -1.7
v 1.3 0.7 -1.8
v 1.3 0.7 -1.9
v 1.3 0.9 1.7
v 1.3 0.9 1.6
v 1.3 0.9 1.3
v 1.3 0.9 1.2
v 1.3 0.9 -1.2
v 1.3 0.9 -1.3
v 1.3 0.9 -1.6
v 1.3 0.9 -1.7
v 1.3 1.6 1.3
v 1.3 1.6 1.2
v 1.3 1.7 1.6
v 1.3 1.7 1.5
v 1.3 1.7 1.3
v 1.3 1.7 1.2
v 1.3 1.7 -1.5
v 1.3 1.7 -1.6
v 1.3 1.8 1.6
v 1.3 1.8 1.5
v 1.3 1.8 -1.5
v 1.3 1.8 -1.6
v 1.3 2 1.6
v 1.3 2 1.3
v 1.3 2 -1.3
v 1.3 2 -1.6
v 1.3 2.4 1.5
v 1.3 2.4 1.4
v 1.3 2.4 -1.4
v 1.3 2.4 -1.5
v 1.3 2.5 1.6
v 1.3 2.5 1.5
v 1.3 2.5 1.4
v 1.3 2.5 1.3
v 1.3 2.5 -1.3
v 1.3 2.5 -1.4
v 1.3 2.5 -1.5
v 1.3 2.5 -1.6
v 1.4 0.7 1.8
v 1.4 0.7 1.7
v 1.4 0.7 1.2
v 1.4 0.7 0.6
v 1.4 0.7 0.4
v 1.4 0.7 -1.2
v 1.4 0.7 -1.7
v 1.4 0.7 -1.8
v 1.4 0.8 0.7
v 1.4 0.8 0.6
v 1.4 0.8 0.5
v 1.4 0.8 0.4
v 1.4 0.9 1.8
v 1.4 0.9 1.7
v 1.4 0.9 1.6
v 1.4 0.9 1.3
v 1.4 0.9 1.2
v 1.4 0.9 0.8
v 1.4 0.9 0.7
v 1.4 0.9 0.6
v 1.4 0.9 0.5
v 1.4 0.9 -1.2
v 1.4 0.9 -1.3
v 1.4 0.9 -1.6
v 1.4 0.9 -1.7
v 1.4 0.9 -1.8
v 1.4 1 1.7
v 1.4 1 1.6
v 1.4 1 0.9
v 1.4 1 0.8
v 1.4 1 0.7
v 1.4 1 0.6
v 1.4 1 -1.6
v 1.4 1 -1.7
v 1.4 1.1 1
v 1.4 1.1 0.9
v 1.4 1.1 0.8
v 1.4 1.1 0.7
v 1.4 1.2 1.1
v 1.4 1.2 1
v 1.4 1.2 0.9
v 1.4 1.2 0.8
v 1.4 1.3 1.2
v 1.4 1.3 1.1
v 1.4 1.3 1
v 1.4 1.3 0.9
v 1.4 1.4 1.1
v 1.4 1.4 1
v 1.4 1.5 1.3
v 1.4 1.5 1.2
v 1.4 1.5 1.1
v 1.4 1.6 1.4
v 1.4 1.6 1.3
v 1.4 1.6 1.2
v 1.4 1.6 -1.3
v 1.4 1.6 -1.4
v 1.4 1.7 1.3
v 1.4 1.8 1.6
v 1.4 1.8 1.5
v 1.4 1.8 -1.5
v 1.4 1.8 -1.6
v 1.4 1.9 1.5
v 1.4 1.9 1.4
v 1.4 1.9 -1.4
v 1.4 1.9 -1.5
v 1.4 2 1.7
v 1.4 2 1.6
v 1.4 2 1.3
v 1.4 2 1.2
v 1.4 2 -1.2
v 1.4 2 -1.3
v 1.4 2 -1.6
v 1.4 2 -1.7
v 1.4 2.5 1.7
v 1.4 2.5 1.6
v 1.4 2.5 1.3
v 1.4 2.5 1.2
v 1.4 2.5 -1.2
v 1.4 2.5 -1.3
v 1.4 2.5 -1.6
v 1.4 2.5 -1.7
v 1.6 1.6 1.5
v 1.6 1.6 -1.5
v 1.6 1.7 1.2
v 1.6 1.7 1.1
v 1.6 1.7 1
v 1.6 1.7 0.9
v 1.6 1.7 0.8
v 1.6 1.7 0.7
v 1.6 1.7 0.6
v 1.6 1.7 0.5
v 1.6 1.7 0.4
v 1.6 1.7 0.3
v 1.6 1.7 0.2
v 1.6 1.7 0.0999999
v 1.6 1.7 -0.1
v 1.6 1.7 -0.2
v 1.6 1.7 -0.3
v 1.6 1.7 -0.4
v 1.6 1.7 -0.5
v 1.6 1.7 -0.6
v 1.6 1.7 -0.7
v 1.6 1.7 -0.8
v 1.6 1.7 -0.9
v 1.6 1.7 -1
v 1.6 1.7 -1.1
v 1.6 1.7 -1.2
v 1.6 1.8 1.3
v 1.6 1.8 1.2
v 1.6 1.8 1.1
v 1.6 1.8 1
v 1.6 1.8 0.9
v 1.6 1.8 0.8
v 1.6 1.8 0.7
v 1.6 1.8 0.6
v 1.6 1.8 0.5
v 1.6 1.8 0.4
v 1.6 1.8 0.3
v 1.6 1.8 0.2
v 1.6 1.8 0.0999999
v 1.6 1.8 -0.1
v 1.6 1.8 -0.2
v 1.6 1.8 -0.3
v 1.6 1.8 -0.4
v 1.6 1.8 -0.5
v 1.6 1.8 -0.6
v 1.6 1.8 -0.7
v 1.6 1.8 -0.8
v 1.6 1.8 -0.9
v 1.6 1.8 -1
v 1.6 1.8 -1.1
v 1.6 1.8 -1.2
v 1.6 1.8 -1.3
v 1.6 1.9 1.5
v 1.6 1.9 1.3
v 1.6 1.9 -1.3
v 1.6 1.9 -1.5
v 1.6 2.4 1.7
v 1.6 2.4 1.6
v 1.6 2.4 1.3
v 1.6 2.4 1.2
v 1.6 2.4 -1.2
v 1.6 2.4 -1.3
v 1.6 2.4 -1.6
v 1.6 2.4 -1.7
v 1.6 2.5 1.7
v 1.6 2.5 1.6
v 1.6 2.5 1.3
v 1.6 2.5 1.2
v 1.6 2.5 -1.2
v 1.6 2.5 -1.3
v 1.6 2.5 -1.6
v 1.6 2.5 -1.7
v 1.7 2.3 1.6
v 1.7 2.3 1.3
v 1.7 2.3 -1.3
v 1.7 2.3 -1.6
v 1.7 2.4 1.5
v 1.7 2.4 1.4
v 1.7 2.4 -1.4
v 1.7 2.4 -1.5
v 1.7 2.5 1.6
v 1.7 2.5 1.5
v 1.7 2.5 1.4
v 1.7 2.5 1.3
v 1.7 2.5 -1.3
v 1.7 2.5 -1.4
v 1.7 2.5 -1.5
v 1.7 2.5 -1.6
v -1.6 2.3 1.6
v -1.6 2.3 1.3
v -1.6 2.3 -1.3
v -1.6 2.3 -1.6
v -1.6 2.4 1.5
v -1.6 2.4 1.4
v -1.6 2.4 -1.4
v -1.6 2.4 -1.5
v -1.6 2.5 1.6
v -1.6 2.5 1.5
v -1.6 2.5 1.4
v -1.6 2.5 1.3
v -1.6 2.5 -1.3
v -1.6 2.5 -1.4
v -1.6 2.5 -1.5
v -1.6 2.5 -1.6
v -1.5 1.6 1.5
v -1.5 1.6 -1.5
v -1.5 1.7 1.2
v -1.5 1.7 1.1
v -1.5 1.7 1
v -1.5 1.7 0.9
v -1.5 1.7 0.8
v -1.5 1.7 0.7
v -1.5 1.7 0.6
v -1.5 1.7 0.5
v -1.5 1.7 0.4
v -1.5 1.7 0.3
v -1.5 1.7 0.2
v -1.5 1.7 0.0999999
v -1.5 1.7 -0.1
v -1.5 1.7 -0.2
v -1.5 1.7 -0.3
v -1.5 1.7 -0.4
v -1.5 1.7 -0.5
v -1.5 1.7 -0.6
v -1.5 1.7 -0.7
v -1.5 1.7 -0.8
v -1.5 1.7 -0.9
v -1.5 1.7 -1
v -1.5 1.7 -1.1
v -1.5 1.7 -1.2
v -1.5 1.8 1.3
v -1.5 1.8 1.2
v -1.5 1.8 1.1
v -1.5 1.8 1
v -1.5 1.8 0.9
v -1.5 1.8 0.8
v -1.5 1.8 0.7
v -1.5 1.8 0.6
v -1.5 1.8 0.5
v -1.5 1.8 0.4
v -1.5 1.8 0.3
v -1.5 1.8 0.2
v -1.5 1.8 0.0999999
v -1.5 1.8 -0.1
v -1.5 1.8 -0.2
v -1.5 1.8 -0.3
v -1.5 1.8 -0.4
v -1.5 1.8 -0.5
v -1.5 1.8 -0.6
v -1.5 1.8 -0.7
v -1.5 1.8 -0.8
v -1.5 1.8 -0.9
v -1.5 1.8 -1
v -1.5 1.8 -1.1
v -1.5 1.8 -1.2
v -1.5 1.8 -1.3
v -1.5 1.9 1.5
v -1.5 1.9 1.3
v -1.5 1.9 -1.3
v -1.5 1.9 -1.5
v -1.5 2.4 1.7
v -1.5 2.4 1.6
v -1.5 2.4 1.3
v -1.5 2.4 1.2
v -1.5 2.4 -1.2
v -1.5 2.4 -1.3
v -1.5 2.4 -1.6
v -1.5 2.4 -1.7
v -1.5 2.5 1.7
v -1.5 2.5 1.6
v -1.5 2.5 1.3
v -1.5 2.5 1.2
v -1.5 2.5 -1.2
v -1.5 2.5 -1.3
v -1.5 2.5 -1.6
v -1.5 2.5 -1.7
v -1.4 0.7 0.7
v -1.4 0.7 0.6
v -1.4 0.8 0.7
v -1.4 0.8 0.6
v -1.3 0.6 1.9
v -1.3 0.6 1.7
v -1.3 0.6 -1.8
v -1.3 0.6 -1.9
v -1.3 0.7 1.9
v -1.3 0.7 1.8
v -1.3 0.7 1.7
v -1.3 0.7 1.2
v -1.3 0.7 0.7
v -1.3 0.7 0.4
v -1.3 0.7 -1.2
v -1.3 0.7 -1.7
v -1.3 0.7 -1.8
v -1.3 0.7 -1.9
v -1.3 0.8 0.7
v -1.3 0.8 0.5
v -1.3 0.8 0.4
v -1.3 0.9 1.8
v -1.3 0.9 1.7
v -1.3 0.9 1.6
v -1.3 0.9 1.3
v -1.3 0.9 1.2
v -1.3 0.9 0.8
v -1.3 0.9 0.7
v -1.3 0.9 0.6
v -1.3 0.9 0.5
v -1.3 0.9 -1.2
v -1.3 0.9 -1.3
v -1.3 0.9 -1.6
v -1.3 0.9 -1.7
v -1.3 0.9 -1.8
v -1.3 1 1.7
v -1.3 1 1.6
v -1.3 1 0.9
v -1.3 1 0.8
v -1.3 1 0.7
v -1.3 1 0.6
v -1.3 1 -1.6
v -1.3 1 -1.7
v -1.3 1.1 1
v -1.3 1.1 0.9
v -1.3 1.1 0.8
v -1.3 1.1 0.7
v -1.3 1.2 1.1
v -1.3 1.2 1
v -1.3 1.2 0.9
v -1.3 1.2 0.8
v -1.3 1.3 1.2
v -1.3 1.3 1.1
v -1.3 1.3 1
v -1.3 1.3 0.9
v -1.3 1.4 1.1
v -1.3 1.4 1
v -1.3 1.5 1.3
v -1.3 1.5 1.2
v -1.3 1.5 1.1
v -1.3 1.6 1.4
v -1.3 1.6 1.2
v -1.3 1.6 -1.3
v -1.3 1.6 -1.4
v -1.3 1.7 1.3
v -1.3 1.7 1.2
v -1.3 1.8 1.6
v -1.3 1.8 1.5
v -1.3 1.8 -1.5
v -1.3 1.8 -1.6
v -1.3 1.9 1.5
v -1.3 1.9 1.4
v -1.3 1.9 -1.4
v -1.3 1.9 -1.5
v -1.3 2 1.7
v -1.3 2 1.6
v -1.3 2 1.3
v -1.3 2 1.2
v -1.3 2 -1.2
v -1.3 2 -1.3
v -1.3 2 -1.6
v -1.3 2 -1.7
v -1.3 2.5 1.7
v -1.3 2.5 1.6
v -1.3 2.5 1.3
v -1.3 2.5 1.2
v -1.3 2.5 -1.2
v -1.3 2.5 -1.3
v -1.3 2.5 -1.6
v -1.3 2.5 -1.7
v -1.2 0.7 1.7
v -1.2 0.7 1.6
v -1.2 0.7 1.3
v -1.2 0.7 1.2
v -1.2 0.7 -1.2
v -1.2 0.7 -1.3
v -1.2 0.7 -1.6
v -1.2 0.7 -1.7
v -1.2 0.9 1.7
v -1.2 0.9 1.6
v -1.2 0.9 1.3
v -1.2 0.9 1.2
v -1.2 0.9 -1.2
v -1.2 0.9 -1.3
v -1.2 0.9 -1.6
v -1.2 0.9 -1.7
v -1.2 1.7 1.6
v -1.2 1.7 1.5
v -1.2 1.7 -1.5
v -1.2 1.7 -1.6
v -1.2 1.8 1.6
v -1.2 1.8 1.5
v -1.2 1.8 -1.5
v -1.2 1.8 -1.6
v -1.2 2 1.6
v -1.2 2 1.3
v -1.2 2 -1.3
v -1.2 2 -1.6
v -1.2 2.4 1.5
v -1.2 2.4 1.4
v -1.2 2.4 -1.4
v -1.2 2.4 -1.5
v -1.2 2.5 1.6
v -1.2 2.5 1.5
v -1.2 2.5 1.4
v -1.2 2.5 1.3
v -1.2 2.5 -1.3
v -1.2 2.5 -1.4
v -1.2 2.5 -1.5
v -1.2 2.5 -1.6
v -1 1.1 1.6
v -1 1.1 1.3
v -1 1.1 -1.3
v -1 1.1 -1.6
v -1 1.5 1.6
v -1 1.5 1.3
v -1 1.5 -1.3
v -1 1.5 -1.6
v -1 1.7 1.6
v -1 1.7 1.5
v -1 1.7 -1.5
v -1 1.7 -1.6
v -1 1.8 1.6
v -1 1.8 1.5
v -1 1.8 -1.5
v -1 1.8 -1.6
v -0.9 0.7 0.6
v -0.9 0.7 0.4
v -0.9 0.8 0.5
v -0.9 0.8 0.4
v -0.9 0.9 0.6
v -0.9 0.9 0.5
v -0.8 1.6 1.3
v -0.8 1.6 1.1
v -0.8 1.6 1
v -0.8 1.6 0.9
v -0.8 1.6 0.8
v -0.8 1.6 0.6
v -0.8 1.7 1.6
v -0.8 1.7 1.5
v -0.8 1.7 1.3
v -0.8 1.7 1.1
v -0.8 1.7 1
v -0.8 1.7 0.9
v -0.8 1.7 0.8
v -0.8 1.7 0.6
v -0.8 1.7 -1.5
v -0.8 1.7 -1.6
v -0.8 1.8 1.6
v -0.8 1.8 1.5
v -0.8 1.8 -1.5
v -0.8 1.8 -1.6
v -0.7 0.7 -1.3
v -0.7 0.7 -1.4
v -0.7 1.4 -1.3
v -0.7 1.4 -1.4
v -0.6 0.7 2.5
v -0.6 0.7 2.4
v -0.6 0.7 -1.4
v -0.6 0.7 -1.7
v -0.6 0.7 -2.4
v -0.6 0.7 -2.5
v -0.6 0.8 2.5
v -0.6 0.8 2.4
v -0.6 0.8 2.3
v -0.6 0.8 -2.3
v -0.6 0.8 -2.4
v -0.6 0.8 -2.5
v -0.6 0.9 2.4
v -0.6 0.9 2.3
v -0.6 0.9 2.2
v -0.6 0.9 0.9
v -0.6 0.9 0.6
v -0.6 0.9 -2.2
v -0.6 0.9 -2.3
v -0.6 0.9 -2.4
v -0.6 1 2.3
v -0.6 1 2.2
v -0.6 1 2.1
v -0.6 1 -2.1
v -0.6 1 -2.2
v -0.6 1 -2.3
v -0.6 1.1 2.2
v -0.6 1.1 2.1
v -0.6 1.1 2
v -0.6 1.1 -2
v -0.6 1.1 -2.1
v -0.6 1.1 -2.2
v -0.6 1.2 2.1
v -0.6 1.2 2
v -0.6 1.2 1.9
v -0.6 1.2 -1.9
v -0.6 1.2 -2
v -0.6 1.2 -2.1
v -0.6 1.3 2
v -0.6 1.3 1.9
v -0.6 1.3 1.8
v -0.6 1.3 0.9
v -0.6 1.3 0.6
v -0.6 1.3 -1.8
v -0.6 1.3 -1.9
v -0.6 1.3 -2
v -0.6 1.4 1.9
v -0.6 1.4 1.8
v -0.6 1.4 1.7
v -0.6 1.4 -1.4
v -0.6 1.4 -1.7
v -0.6 1.4 -1.8
v -0.6 1.4 -1.9
v -0.6 1.5 1.8
v -0.6 1.5 1.7
v -0.6 1.5 -1.7
v -0.6 1.5 -1.8
v -0.6 1.6 0.7
v -0.6 1.6 0.6
v -0.6 1.7 1.6
v -0.6 1.7 1.5
v -0.6 1.7 0.7
v -0.6 1.7 0.6
v -0.6 1.7 -1.5
v -0.6 1.7 -1.6
v -0.6 1.8 1.6
v -0.6 1.8 1.5
v -0.6 1.8 -1.5
v -0.6 1.8 -1.6
v -0.4 1.6 0.7
v -0.4 1.6 0.6
v -0.4 1.7 1.6
v -0.4 1.7 1.5
v -0.4 1.7 0.7
v -0.4 1.7 0.6
v -0.4 1.7 -1.5
v -0.4 1.7 -1.6
v -0.4 1.8 1.6
v -0.4 1.8 1.5
v -0.4 1.8 -1.5
v -0.4 1.8 -1.6
v -0.3 0.7 0.9
v -0.3 0.7 0.6
v -0.3 1.2 0.9
v -0.3 1.2 0.6
v -0.3 1.7 -0.3
v -0.3 1.7 -0.4
v -0.3 1.8 -0.3
v -0.3 1.8 -0.4
v -0.2 1.2 0.9
v -0.2 1.2 0.6
v -0.2 1.3 0.9
v -0.2 1.3 0.6
v -0.2 1.6 0.7
v -0.2 1.6 0.6
v -0.2 1.7 1.6
v -0.2 1.7 1.5
v -0.2 1.7 0.7
v -0.2 1.7 0.6
v -0.2 1.7 -1.5
v -0.2 1.7 -1.6
v -0.2 1.8 1.6
v -0.2 1.8 1.5
v -0.2 1.8 -0.3
v -0.2 1.8 -0.4
v -0.2 1.8 -1.5
v -0.2 1.8 -1.6
v -0.2 1.9 -0.3
v -0.2 1.9 -0.4
v -0.0999999 0.7 -0.1
v -0.0999999 0.7 -0.4
v -0.0999999 0.8 -0.1
v -0.0999999 0.8 -0.3
v -0.0999999 0.8 -0.4
v -0.0999999 1.1 -0.1
v -0.0999999 1.1 -0.3
v -0.0999999 2.2 -0.2
v -0.0999999 2.2 -0.3
v -0.0999999 2.3 -0.2
v -0.0999999 2.3 -0.3
v 0.1 1.6 0.7
v 0.1 1.6 0.6
v 0.1 1.7 1.6
v 0.1 1.7 1.5
v 0.1 1.7 0.7
v 0.1 1.7 0.6
v 0.1 1.7 -1.5
v 0.1 1.7 -1.6
v 0.1 1.8 1.6
v 0.1 1.8 1.5
v 0.1 1.8 -1.5
v 0.1 1.8 -1.6
v 0.2 1.8 -0.3
v 0.2 1.8 -0.4
v 0.2 1.9 -0.3
v 0.2 1.9 -0.4
v 0.2 2.1 -0.1
v 0.2 2.1 -0.3
v 0.2 2.2 -0.1
v 0.2 2.2 -0.2
v 0.2 2.3 -0.2
v 0.2 2.3 -0.3
v 0.3 0.7 -0.1
v 0.3 0.7 -0.4
v 0.3 0.8 -0.1
v 0.3 0.8 -0.3
v 0.3 0.8 -0.4
v 0.3 1.2 -0.1
v 0.3 1.2 -0.3
v 0.3 1.6 0.7
v 0.3 1.6 0.6
v 0.3 1.6 -0.1
v 0.3 1.6 -0.3
v 0.3 1.7 0.7
v 0.3 1.7 0.6
v 0.3 1.7 -0.1
v 0.3 1.7 -0.3
v 0.3 2 -0.1
v 0.3 2 -0.3
v 0.3 2.1 -0.1
v 0.3 2.1 -0.3
v 0.4 1.2 -0.1
v 0.4 1.2 -0.3
v 0.4 1.4 -0.1
v 0.4 1.4 -0.3
v 0.4 1.6 -0.1
v 0.4 1.6 -0.3
v 0.4 1.7 1.6
v 0.4 1.7 1.5
v 0.4 1.7 -2.38419e-07
v 0.4 1.7 -0.4
v 0.4 1.7 -1.5
v 0.4 1.7 -1.6
v 0.4 1.8 1.6
v 0.4 1.8 1.5
v 0.4 1.8 -1.5
v 0.4 1.8 -1.6
v 0.4 2 -2.38419e-07
v 0.4 2 -0.4
v 0.5 0.9 0.9
v 0.5 0.9 0.6
v 0.5 1.3 0.9
v 0.5 1.3 0.6
v 0.5 1.6 0.7
v 0.5 1.6 0.6
v 0.5 1.7 0.7
v 0.5 1.7 0.6
v 0.6 1.7 1.6
v 0.6 1.7 1.5
v 0.6 1.7 -1.5
v 0.6 1.7 -1.6
v 0.6 1.8 1.6
v 0.6 1.8 1.5
v 0.6 1.8 -1.5
v 0.6 1.8 -1.6
v 0.7 0.6 2.5
v 0.7 0.6 2.2
v 0.7 0.6 1.7
v 0.7 0.6 -1.8
v 0.7 0.6 -2.3
v 0.7 0.6 -2.5
v 0.7 0.7 2.4
v 0.7 0.7 1.7
v 0.7 0.7 -1.6
v 0.7 0.7 -1.7
v 0.7 0.7 -1.8
v 0.7 0.7 -2.4
v 0.7 0.8 2.5
v 0.7 0.8 2.4
v 0.7 0.8 2.3
v 0.7 0.8 -2.3
v 0.7 0.8 -2.4
v 0.7 0.8 -2.5
v 0.7 0.9 2.4
v 0.7 0.9 2.3
v 0.7 0.9 2.2
v 0.7 0.9 -2.2
v 0.7 0.9 -2.3
v 0.7 0.9 -2.4
v 0.7 1 2.3
v 0.7 1 2.2
v 0.7 1 2.1
v 0.7 1 -2.1
v 0.7 1 -2.2
v 0.7 1 -2.3
v 0.7 1.1 2.2
v 0.7 1.1 2.1
v 0.7 1.1 2
v 0.7 1.1 -2
v 0.7 1.1 -2.1
v 0.7 1.1 -2.2
v 0.7 1.2 2.1
v 0.7 1.2 2
v 0.7 1.2 1.9
v 0.7 1.2 -1.9
v 0.7 1.2 -2
v 0.7 1.2 -2.1
v 0.7 1.3 2
v 0.7 1.3 1.9
v 0.7 1.3 1.8
v 0.7 1.3 -1.8
v 0.7 1.3 -1.9
v 0.7 1.3 -2
v 0.7 1.4 1.9
v 0.7 1.4 1.8
v 0.7 1.4 1.7
v 0.7 1.4 -1.7
v 0.7 1.4 -1.8
v 0.7 1.4 -1.9
v 0.7 1.5 1.8
v 0.7 1.5 1.7
v 0.7 1.5 -1.6
v 0.7 1.5 -1.7
v 0.7 1.5 -1.8
v 0.7 1.6 0.7
v 0.7 1.6 0.6
v 0.7 1.7 0.7
v 0.7 1.7 0.6
v 0.8 1.7 1.6
v 0.8 1.7 1.5
v 0.8 1.7 -1.5
v 0.8 1.7 -1.6
v 0.8 1.8 1.6
v 0.8 1.8 1.5
v 0.8 1.8 -1.5
v 0.8 1.8 -1.6
v 0.9 0.7 1.3
v 0.9 0.7 0.6
v 0.9 0.8 0.7
v 0.9 0.8 0.6
v 0.9 0.9 0.8
v 0.9 0.9 0.7
v 0.9 1 0.9
v 0.9 1 0.8
v 0.9 1 0.7
v 0.9 1 0.6
v 0.9 1.1 1.6
v 0.9 1.1 1.3
v 0.9 1.1 1
v 0.9 1.1 0.9
v 0.9 1.1 0.8
v 0.9 1.1 0.7
v 0.9 1.1 -1.3
v 0.9 1.1 -1.6
v 0.9 1.2 1.1
v 0.9 1.2 1
v 0.9 1.2 0.9
v 0.9 1.2 0.8
v 0.9 1.3 1.2
v 0.9 1.3 1.1
v 0.9 1.3 1
v 0.9 1.3 0.9
v 0.9 1.4 1.1
v 0.9 1.4 1
v 0.9 1.5 1.6
v 0.9 1.5 1.2
v 0.9 1.5 1.1
v 0.9 1.5 -1.3
v 0.9 1.5 -1.6
v 0.9 1.6 1.1
v 0.9 1.6 1
v 0.9 1.6 0.9
v 0.9 1.6 0.8
v 0.9 1.7 1.2
v 0.9 1.7 1.1
v 0.9 1.7 1
v 0.9 1.7 0.9
v 0.9 1.7 0.8
v 0.9 1.7 0.6
v 1 1.6 1.3
v 1 1.6 1.2
v 1 1.7 1.6
v 1 1.7 1.5
v 1 1.7 1.3
v 1 1.7 1.2
v 1 1.7 -1.5
v 1 1.7 -1.6
v 1 1.8 1.6
v 1 1.8 1.5
v 1 1.8 -1.5
v 1 1.8 -1.6
v 1.2 1.7 1.6
v 1.2 1.7 1.5
v 1.2 1.7 -1.5
v 1.2 1.7 -1.6
v 1.2 1.8 1.6
v 1.2 1.8 1.5
v 1.2 1.8 -1.5
v 1.2 1.8 -1.6
v 1.4 1.6 1.3
v 1.4 1.6 1.2
v 1.4 1.7 1.3
v 1.4 1.7 1.2
v 1.4 2.3 1.6
v 1.4 2.3 1.3
v 1.4 2.3 -1.3
v 1.4 2.3 -1.6
v 1.4 2.4 1.5
v 1.4 2.4 1.4
v 1.4 2.4 -1.4
v 1.4 2.4 -1.5
v 1.4 2.5 1.6
v 1.4 2.5 1.5
v 1.4 2.5 1.4
v 1.4 2.5 1.3
v 1.4 2.5 -1.3
v 1.4 2.5 -1.4
v 1.4 2.5 -1.5
v 1.4 2.5 -1.6
v 1.5 1.6 1.4
v 1.5 1.6 1.3
v 1.5 1.6 -1.3
v 1.5 1.6 -1.4
v 1.5 1.9 1.4
v 1.5 1.9 1.3
v 1.5 1.9 -1.3
v 1.5 1.9 -1.4
v 1.5 2.4 1.7
v 1.5 2.4 1.6
v 1.5 2.4 1.3
v 1.5 2.4 1.2
v 1.5 2.4 -1.2
v 1.5 2.4 -1.3
v 1.5 2.4 -1.6
v 1.5 2.4 -1.7
v 1.5 2.5 1.7
v 1.5 2.5 1.6
v 1.5 2.5 1.3
v 1.5 2.5 1.2
v 1.5 2.5 -1.2
v 1.5 2.5 -1.3
v 1.5 2.5 -1.6
v 1.5 2.5 -1.7
v 1.7 0.7 1.8
v 1.7 0.7 1.7
v 1.7 0.7 1.2
v 1.7 0.7 -1.2
v 1.7 0.7 -1.7
v 1.7 0.7 -1.8
v 1.7 0.9 1.8
v 1.7 0.9 1.7
v 1.7 0.9 1.6
v 1.7 0.9 1.3
v 1.7 0.9 1.2
v 1.7 0.9 -1.2
v 1.7 0.9 -1.3
v 1.7 0.9 -1.6
v 1.7 0.9 -1.7
v 1.7 0.9 -1.8
v 1.7 1 1.7
v 1.7 1 1.6
v 1.7 1 1.3
v 1.7 1 -1.3
v 1.7 1 -1.6
v 1.7 1 -1.7
v 1.7 1.7 1.2
v 1.7 1.7 1.1
v 1.7 1.7 1
v 1.7 1.7 0.9
v 1.7 1.7 0.8
v 1.7 1.7 0.7
v 1.7 1.7 0.6
v 1.7 1.7 0.5
v 1.7 1.7 0.4
v 1.7 1.7 0.3
v 1.7 1.7 0.2
v 1.7 1.7 0.0999999
v 1.7 1.7 -0.1
v 1.7 1.7 -0.2
v 1.7 1.7 -0.3
v 1.7 1.7 -0.4
v 1.7 1.7 -0.5
v 1.7 1.7 -0.6
v 1.7 1.7 -0.7
v 1.7 1.7 -0.8
v 1.7 1.7 -0.9
v 1.7 1.7 -1
v 1.7 1.7 -1.1
v 1.7 1.7 -1.2
v 1.7 1.8 1.3
v 1.7 1.8 1.2
v 1.7 1.8 1.1
v 1.7 1.8 1
v 1.7 1.8 0.9
v 1.7 1.8 0.8
v 1.7 1.8 0.7
v 1.7 1.8 0.6
v 1.7 1.8 0.5
v 1.7 1.8 0.4
v 1.7 1.8 0.3
v 1.7 1.8 0.2
v 1.7 1.8 0.0999999
v 1.7 1.8 -0.1
v 1.7 1.8 -0.2
v 1.7 1.8 -0.3
v 1.7 1.8 -0.4
v 1.7 1.8 -0.5
v 1.7 1.8 -0.6
v 1.7 1.8 -0.7
v 1.7 1.8 -0.8
v 1.7 1.8 -0.9
v 1.7 1.8 -1
v 1.7 1.8 -1.1
v 1.7 1.8 -1.2
v 1.7 1.8 -1.3
v 1.7 2 1.7
v 1.7 2 1.6
v 1.7 2 1.3
v 1.7 2 1.2
v 1.7 2 -1.2
v 1.7 2 -1.3
v 1.7 2 -1.6
v 1.7 2 -1.7
v 1.7 2.5 1.7
v 1.7 2.5 1.6
v 1.7 2.5 1.3
v 1.7 2.5 1.2
v 1.7 2.5 -1.2
v 1.7 2.5 -1.3
v 1.7 2.5 -1.6
v 1.7 2.5 -1.7
v 1.8 0.6 1.9
v 1.8 0.6 1.8
v 1.8 0.6 1.2
v 1.8 0.6 -1.2
v 1.8 0.6 -1.8
v 1.8 0.6 -1.9
v 1.8 0.7 1.9
v 1.8 0.7 1.8
v 1.8 0.7 1.7
v 1.8 0.7 1.6
v 1.8 0.7 1.3
v 1.8 0.7 1.2
v 1.8 0.7 -1.2
v 1.8 0.7 -1.3
v 1.8 0.7 -1.6
v 1.8 0.7 -1.7
v 1.8 0.7 -1.8
v 1.8 0.7 -1.9
v 1.8 0.9 1.7
v 1.8 0.9 1.6
v 1.8 0.9 1.3
v 1.8 0.9 1.2
v 1.8 0.9 -1.2
v 1.8 0.9 -1.3
v 1.8 0.9 -1.6
v 1.8 0.9 -1.7
v 1.8 1 1.6
v 1.8 1 1.3
v 1.8 1 -1.3
v 1.8 1 -1.6
v 1.8 2 1.6
v 1.8 2 1.3
v 1.8 2 -1.3
v 1.8 2 -1.6
v 1.8 2.4 1.5
v 1.8 2.4 1.4
v 1.8 2.4 -1.4
v 1.8 2.4 -1.5
v 1.8 2.5 1.6
v 1.8 2.5 1.5
v 1.8 2.5 1.4
v 1.8 2.5 1.3
v 1.8 2.5 -1.3
v 1.8 2.5 -1.4
v 1.8 2.5 -1.5
v 1.8 2.5 -1.6
v 1.9 0.6 1.8
v 1.9 0.6 1.2
v 1.9 0.6 -1.2
v 1.9 0.6 -1.8
v 1.9 0.7 1.8
v 1.9 0.7 1.6
v 1.9 0.7 1.3
v 1.9 0.7 1.2
v 1.9 0.7 -1.2
v 1.9 0.7 -1.3
v 1.9 0.7 -1.6
v 1.9 0.7 -1.8
v 1.9 0.9 1.6
v 1.9 0.9 1.3
v 1.9 0.9 -1.3
v 1.9 0.9 -1.6
v 2.5 0 2.5
v 2.5 0 2.2
v 2.5 0 -2.3
v 2.5 0 -2.5
v 2.5 0.6 2.5
v 2.5 0.6 2.2
v 2.5 0.6 -2.3
v 2.5 0.6 -2.5
v -2.5 0 2.5
v -2.5 0.6 2.5
v -0.7 0.6 2.5
v -0.7 0.8 2.5
v -0.6 0.7 2.5
v -0.6 0.8 2.5
v 0.6 0.7 2.5
v 0.6 0.8 2.5
v 0.7 0.6 2.5
v 0.7 0.8 2.5
v 2.5 0 2.5
v 2.5 0.6 2.5
v -0.7 0.8 2.4
v -0.7 0.9 2.4
v -0.6 0.8 2.4
v -0.6 0.9 2.4
v 0.6 0.8 2.4
v 0.6 0.9 2.4
v 0.7 0.8 2.4
v 0.7 0.9 2.4
v -0.7 0.9 2.3
v -0.7 1 2.3
v -0.6 0.9 2.3
v -0.6 1 2.3
v 0.6 0.9 2.3
v 0.6 1 2.3
v 0.7 0.9 2.3
v 0.7 1 2.3
v -0.7 1 2.2
v -0.7 1.1 2.2
v -0.6 1 2.2
v -0.6 1.1 2.2
v 0.6 1 2.2
v 0.6 1.1 2.2
v 0.7 1 2.2
v 0.7 1.1 2.2
v -0.7 1.1 2.1
v -0.7 1.2 2.1
v -0.6 1.1 2.1
v -0.6 1.2 2.1
v 0.6 1.1 2.1
v 0.6 1.2 2.1
v 0.7 1.1 2.1
v 0.7 1.2 2.1
v -0.7 1.2 2
v -0.7 1.3 2
v -0.6 1.2 2
v -0.6 1.3 2
v 0.6 1.2 2
v 0.6 1.3 2
v 0.7 1.2 2
v 0.7 1.3 2
v -1.8 0.6 1.9
v -1.8 0.7 1.9
v -1.3 0.6 1.9
v -1.3 0.7 1.9
v -0.7 1.3 1.9
v -0.7 1.4 1.9
v -0.6 1.3 1.9
v -0.6 1.4 1.9
v 0.6 1.3 1.9
v 0.6 1.4 1.9
v 0.7 1.3 1.9
v 0.7 1.4 1.9
v 1.3 0.6 1.9
v 1.3 0.7 1.9
v 1.8 0.6 1.9
v 1.8 0.7 1.9
v -1.9 0.6 1.8
v -1.9 0.7 1.8
v -1.8 0.6 1.8
v -1.8 0.7 1.8
v -1.6 0.7 1.8
v -1.6 0.9 1.8
v -1.3 0.7 1.8
v -1.3 0.9 1.8
v -0.7 1.4 1.8
v -0.7 1.5 1.8
v -0.6 1.4 1.8
v -0.6 1.5 1.8
v 0.6 1.4 1.8
v 0.6 1.5 1.8
v 0.7 1.4 1.8
v 0.7 1.5 1.8
v 1.4 0.7 1.8
v 1.4 0.9 1.8
v 1.7 0.7 1.8
v 1.7 0.9 1.8
v 1.8 0.6 1.8
v 1.8 0.7 1.8
v 1.9 0.6 1.8
v 1.9 0.7 1.8
v -1.7 0.7 1.7
v -1.7 0.9 1.7
v -1.6 0.7 1.7
v -1.6 0.9 1.7
v -1.6 1 1.7
v -1.6 2 1.7
v -1.6 2.5 1.7
v -1.5 2.4 1.7
v -1.5 2.5 1.7
v -1.4 2.4 1.7
v -1.4 2.5 1.7
v -1.3 0.6 1.7
v -1.3 0.7 1.7
v -1.3 0.9 1.7
v -1.3 1 1.7
v -1.3 2 1.7
v -1.3 2.5 1.7
v -1.2 0.7 1.7
v -1.2 0.9 1.7
v -0.7 0.6 1.7
v -0.7 0.7 1.7
v 0.7 0.6 1.7
v 0.7 0.7 1.7
v 1.3 0.6 1.7
v 1.3 0.7 1.7
v 1.3 0.9 1.7
v 1.4 0.7 1.7
v 1.4 0.9 1.7
v 1.4 1 1.7
v 1.4 2 1.7
v 1.4 2.5 1.7
v 1.5 2.4 1.7
v 1.5 2.5 1.7
v 1.6 2.4 1.7
v 1.6 2.5 1.7
v 1.7 0.7 1.7
v 1.7 0.9 1.7
v 1.7 1 1.7
v 1.7 2 1.7
v 1.7 2.5 1.7
v 1.8 0.7 1.7
v 1.8 0.9 1.7
v -1.8 0.7 1.6
v -1.8 0.9 1.6
v -1.7 0.7 1.6
v -1.7 0.9 1.6
v -1.7 1 1.6
v -1.7 2 1.6
v -1.7 2.5 1.6
v -1.6 0.9 1.6
v -1.6 1 1.6
v -1.6 2 1.6
v -1.6 2.5 1.6
v -1.3 0.9 1.6
v -1.3 1 1.6
v -1.3 1.8 1.6
v -1.3 2 1.6
v -1.3 2.5 1.6
v -1.2 0.7 1.6
v -1.2 0.9 1.6
v -1.2 1.7 1.6
v -1.2 1.8 1.6
v -1.2 2 1.6
v -1.2 2.5 1.6
v -1.1 1.7 1.6
v -1.1 1.8 1.6
v -1 1.1 1.6
v -1 1.5 1.6
v -1 1.7 1.6
v -1 1.8 1.6
v -0.9 1.1 1.6
v -0.9 1.5 1.6
v -0.9 1.7 1.6
v -0.9 1.8 1.6
v -0.8 1.7 1.6
v -0.8 1.8 1.6
v -0.7 1.7 1.6
v -0.7 1.8 1.6
v -0.6 1.7 1.6
v -0.6 1.8 1.6
v -0.5 1.7 1.6
v -0.5 1.8 1.6
v -0.4 1.7 1.6
v -0.4 1.8 1.6
v -0.3 1.7 1.6
v -0.3 1.8 1.6
v -0.2 1.7 1.6
v -0.2 1.8 1.6
v -0.0999999 1.7 1.6
v -0.0999999 1.8 1.6
v 0.1 1.7 1.6
v 0.1 1.8 1.6
v 0.3 1.7 1.6
v 0.3 1.8 1.6
v 0.4 1.7 1.6
v 0.4 1.8 1.6
v 0.5 1.7 1.6
v 0.5 1.8 1.6
v 0.6 1.7 1.6
v 0.6 1.8 1.6
v 0.7 1.7 1.6
v 0.7 1.8 1.6
v 0.8 1.7 1.6
v 0.8 1.8 1.6
v 0.9 1.1 1.6
v 0.9 1.5 1.6
v 0.9 1.7 1.6
v 0.9 1.8 1.6
v 1 1.1 1.6
v 1 1.5 1.6
v 1 1.7 1.6
v 1 1.8 1.6
v 1.1 1.7 1.6
v 1.1 1.8 1.6
v 1.2 1.7 1.6
v 1.2 1.8 1.6
v 1.3 0.7 1.6
v 1.3 0.9 1.6
v 1.3 1.7 1.6
v 1.3 1.8 1.6
v 1.3 2 1.6
v 1.3 2.5 1.6
v 1.4 0.9 1.6
v 1.4 1 1.6
v 1.4 1.8 1.6
v 1.4 2 1.6
v 1.4 2.5 1.6
v 1.7 0.9 1.6
v 1.7 1 1.6
v 1.7 2 1.6
v 1.7 2.5 1.6
v 1.8 0.7 1.6
v 1.8 0.9 1.6
v 1.8 1 1.6
v 1.8 2 1.6
v 1.8 2.5 1.6
v 1.9 0.7 1.6
v 1.9 0.9 1.6
v -1.7 2.4 1.4
v -1.7 2.5 1.4
v -1.6 2.4 1.4
v -1.6 2.5 1.4
v -1.4 1.6 1.4
v -1.4 1.9 1.4
v -1.3 1.6 1.4
v -1.3 1.9 1.4
v -1.3 2.4 1.4
v -1.3 2.5 1.4
v -1.2 2.4 1.4
v -1.2 2.5 1.4
v 1.3 2.4 1.4
v 1.3 2.5 1.4
v 1.4 1.6 1.4
v 1.4 1.9 1.4
v 1.4 2.4 1.4
v 1.4 2.5 1.4
v 1.5 1.6 1.4
v 1.5 1.9 1.4
v 1.7 2.4 1.4
v 1.7 2.5 1.4
v 1.8 2.4 1.4
v 1.8 2.5 1.4
v -1.6 2.3 1.3
v -1.6 2.5 1.3
v -1.5 2.4 1.3
v -1.5 2.5 1.3
v -1.4 2.4 1.3
v -1.4 2.5 1.3
v -1.3 2.3 1.3
v -1.3 2.5 1.3
v -1 1.6 1.3
v -1 1.7 1.3
v -0.8 1.6 1.3
v -0.8 1.7 1.3
v 0.8 1.6 1.3
v 0.8 1.7 1.3
v 1 1.6 1.3
v 1 1.7 1.3
v 1.3 1.6 1.3
v 1.3 1.7 1.3
v 1.4 1.6 1.3
v 1.4 1.7 1.3
v 1.4 2.3 1.3
v 1.4 2.5 1.3
v 1.5 2.4 1.3
v 1.5 2.5 1.3
v 1.6 2.4 1.3
v 1.6 2.5 1.3
v 1.7 2.3 1.3
v 1.7 2.5 1.3
v -1.3 1.3 1.2
v -1.3 1.5 1.2
v -0.9 1.3 1.2
v -0.9 1.5 1.2
v 0.9 1.3 1.2
v 0.9 1.5 1.2
v 1.4 1.3 1.2
v 1.4 1.5 1.2
v -1.6 1.7 1.1
v -1.6 1.8 1.1
v -1.5 1.7 1.1
v -1.5 1.8 1.1
v -1.3 1.2 1.1
v -1.3 1.3 1.1
v -0.9 1.2 1.1
v -0.9 1.3 1.1
v 0.9 1.2 1.1
v 0.9 1.3 1.1
v 1.4 1.2 1.1
v 1.4 1.3 1.1
v 1.6 1.7 1.1
v 1.6 1.8 1.1
v 1.7 1.7 1.1
v 1.7 1.8 1.1
v -1.3 1.1 1
v -1.3 1.2 1
v -0.9 1.1 1
v -0.9 1.2 1
v -0.9 1.6 1
v -0.9 1.7 1
v -0.8 1.6 1
v -0.8 1.7 1
v 0.8 1.6 1
v 0.8 1.7 1
v 0.9 1.1 1
v 0.9 1.2 1
v 0.9 1.6 1
v 0.9 1.7 1
v 1.4 1.1 1
v 1.4 1.2 1
v -1.6 1.7 0.9
v -1.6 1.8 0.9
v -1.5 1.7 0.9
v -1.5 1.8 0.9
v -1.3 1 0.9
v -1.3 1.1 0.9
v -0.9 1 0.9
v -0.9 1.1 0.9
v 0.9 1 0.9
v 0.9 1.1 0.9
v 1.4 1 0.9
v 1.4 1.1 0.9
v 1.6 1.7 0.9
v 1.6 1.8 0.9
v 1.7 1.7 0.9
v 1.7 1.8 0.9
v -1.3 0.9 0.8
v -1.3 1 0.8
v -0.9 0.9 0.8
v -0.9 1 0.8
v -0.9 1.6 0.8
v -0.9 1.7 0.8
v -0.8 1.6 0.8
v -0.8 1.7 0.8
v 0.8 1.6 0.8
v 0.8 1.7 0.8
v 0.9 0.9 0.8
v 0.9 1 0.8
v 0.9 1.6 0.8
v 0.9 1.7 0.8
v 1.4 0.9 0.8
v 1.4 1 0.8
v -1.6 1.7 0.7
v -1.6 1.8 0.7
v -1.5 1.7 0.7
v -1.5 1.8 0.7
v -1.3 0.8 0.7
v -1.3 0.9 0.7
v -0.9 0.8 0.7
v -0.9 0.9 0.7
v -0.7 1.6 0.7
v -0.7 1.7 0.7
v -0.6 1.6 0.7
v -0.6 1.7 0.7
v -0.5 1.6 0.7
v -0.5 1.7 0.7
v -0.4 1.6 0.7
v -0.4 1.7 0.7
v -0.3 1.6 0.7
v -0.3 1.7 0.7
v -0.2 1.6 0.7
v -0.2 1.7 0.7
v -0.0999999 1.6 0.7
v -0.0999999 1.7 0.7
v 0.1 1.6 0.7
v 0.1 1.7 0.7
v 0.2 1.6 0.7
v 0.2 1.7 0.7
v 0.3 1.6 0.7
v 0.3 1.7 0.7
v 0.4 1.6 0.7
v 0.4 1.7 0.7
v 0.5 1.6 0.7
v 0.5 1.7 0.7
v 0.6 1.6 0.7
v 0.6 1.7 0.7
v 0.7 1.6 0.7
v 0.7 1.7 0.7
v 0.9 0.8 0.7
v 0.9 0.9 0.7
v 1.4 0.8 0.7
v 1.4 0.9 0.7
v 1.6 1.7 0.7
v 1.6 1.8 0.7
v 1.7 1.7 0.7
v 1.7 1.8 0.7
v -1.4 0.7 0.6
v -1.4 0.8 0.6
v -0.9 0.7 0.6
v -0.9 0.8 0.6
v 0.9 0.7 0.6
v 0.9 0.8 0.6
v 1.4 0.7 0.6
v 1.4 0.8 0.6
v -1.6 1.7 0.5
v -1.6 1.8 0.5
v -1.5 1.7 0.5
v -1.5 1.8 0.5
v 1.6 1.7 0.5
v 1.6 1.8 0.5
v 1.7 1.7 0.5
v 1.7 1.8 0.5
v -1.6 0.8 0.4
v -1.6 0.9 0.4
v -1.5 0.8 0.4
v -1.5 0.9 0.4
v -1.6 1.7 0.3
v -1.6 1.8 0.3
v -1.5 1.7 0.3
v -1.5 1.8 0.3
v 1.6 1.7 0.3
v 1.6 1.8 0.3
v 1.7 1.7 0.3
v 1.7 1.8 0.3
v -1.6 1.7 0.0999999
v -1.6 1.8 0.0999999
v -1.5 1.7 0.0999999
v -1.5 1.8 0.0999999
v 1.6 1.7 0.0999999
v 1.6 1.8 0.0999999
v 1.7 1.7 0.0999999
v 1.7 1.8 0.0999999
v -0.4 1.7 -2.38419e-07
v -0.4 2 -2.38419e-07
v 0.4 1.7 -2.38419e-07
v 0.4 2 -2.38419e-07
v -0.4 1.2 -0.1
v -0.4 1.4 -0.1
v -0.4 1.6 -0.1
v -0.3 0.7 -0.1
v -0.3 0.8 -0.1
v -0.3 1.2 -0.1
v -0.3 1.4 -0.1
v -0.3 1.6 -0.1
v -0.3 1.7 -0.1
v -0.3 2 -0.1
v -0.3 2.1 -0.1
v -0.2 2.1 -0.1
v -0.2 2.2 -0.1
v -0.0999999 0.7 -0.1
v -0.0999999 0.8 -0.1
v -0.0999999 1.1 -0.1
v 0.1 0.7 -0.1
v 0.1 0.8 -0.1
v 0.1 1.1 -0.1
v 0.2 2.1 -0.1
v 0.2 2.2 -0.1
v 0.3 0.7 -0.1
v 0.3 0.8 -0.1
v 0.3 1.2 -0.1
v 0.3 1.4 -0.1
v 0.3 1.6 -0.1
v 0.3 1.7 -0.1
v 0.3 2 -0.1
v 0.3 2.1 -0.1
v 0.4 1.2 -0.1
v 0.4 1.4 -0.1
v 0.4 1.6 -0.1
v -1.6 1.7 -0.2
v -1.6 1.8 -0.2
v -1.5 1.7 -0.2
v -1.5 1.8 -0.2
v -0.2 2.2 -0.2
v -0.2 2.3 -0.2
v -0.0999999 2.2 -0.2
v -0.0999999 2.3 -0.2
v 0.1 2.2 -0.2
v 0.1 2.3 -0.2
v 0.2 2.2 -0.2
v 0.2 2.3 -0.2
v 1.6 1.7 -0.2
v 1.6 1.8 -0.2
v 1.7 1.7 -0.2
v 1.7 1.8 -0.2
v -1.6 1.7 -0.4
v -1.6 1.8 -0.4
v -1.5 1.7 -0.4
v -1.5 1.8 -0.4
v 1.6 1.7 -0.4
v 1.6 1.8 -0.4
v 1.7 1.7 -0.4
v 1.7 1.8 -0.4
v -1.6 1.7 -0.6
v -1.6 1.8 -0.6
v -1.5 1.7 -0.6
v -1.5 1.8 -0.6
v 1.6 1.7 -0.6
v 1.6 1.8 -0.6
v 1.7 1.7 -0.6
v 1.7 1.8 -0.6
v -1.6 1.7 -0.8
v -1.6 1.8 -0.8
v -1.5 1.7 -0.8
v -1.5 1.8 -0.8
v 1.6 1.7 -0.8
v 1.6 1.8 -0.8
v 1.7 1.7 -0.8
v 1.7 1.8 -0.8
v -1.6 1.7 -1
v -1.6 1.8 -1
v -1.5 1.7 -1
v -1.5 1.8 -1
v 1.6 1.7 -1
v 1.6 1.8 -1
v 1.7 1.7 -1
v 1.7 1.8 -1
v -1.9 0.6 -1.2
v -1.9 0.7 -1.2
v -1.7 0.6 -1.2
v -1.7 0.7 -1.2
v -1.7 0.9 -1.2
v -1.6 0.7 -1.2
v -1.6 0.9 -1.2
v -1.6 1.7 -1.2
v -1.6 1.8 -1.2
v -1.6 2 -1.2
v -1.6 2.5 -1.2
v -1.5 1.7 -1.2
v -1.5 1.8 -1.2
v -1.5 2.4 -1.2
v -1.5 2.5 -1.2
v -1.4 2.4 -1.2
v -1.4 2.5 -1.2
v -1.3 0.7 -1.2
v -1.3 0.9 -1.2
v -1.3 2 -1.2
v -1.3 2.5 -1.2
v -1.2 0.7 -1.2
v -1.2 0.9 -1.2
v 1.3 0.7 -1.2
v 1.3 0.9 -1.2
v 1.4 0.7 -1.2
v 1.4 0.9 -1.2
v 1.4 2 -1.2
v 1.4 2.5 -1.2
v 1.5 2.4 -1.2
v 1.5 2.5 -1.2
v 1.6 1.7 -1.2
v 1.6 1.8 -1.2
v 1.6 2.4 -1.2
v 1.6 2.5 -1.2
v 1.7 0.7 -1.2
v 1.7 0.9 -1.2
v 1.7 1.7 -1.2
v 1.7 1.8 -1.2
v 1.7 2 -1.2
v 1.7 2.5 -1.2
v 1.8 0.6 -1.2
v 1.8 0.7 -1.2
v 1.8 0.9 -1.2
v 1.9 0.6 -1.2
v 1.9 0.7 -1.2
v -1.8 0.7 -1.3
v -1.8 0.9 -1.3
v -1.7 0.7 -1.3
v -1.7 0.9 -1.3
v -1.7 1 -1.3
v -1.7 2 -1.3
v -1.7 2.5 -1.3
v -1.6 0.9 -1.3
v -1.6 1 -1.3
v -1.6 1.8 -1.3
v -1.6 2 -1.3
v -1.6 2.5 -1.3
v -1.5 1.8 -1.3
v -1.5 1.9 -1.3
v -1.4 1.6 -1.3
v -1.4 1.9 -1.3
v -1.3 0.9 -1.3
v -1.3 1.6 -1.3
v -1.3 2 -1.3
v -1.3 2.5 -1.3
v -1.2 0.7 -1.3
v -1.2 0.9 -1.3
v -1.2 2 -1.3
v -1.2 2.5 -1.3
v -1 1.1 -1.3
v -1 1.5 -1.3
v -0.9 1.1 -1.3
v -0.9 1.5 -1.3
v -0.7 0.7 -1.3
v -0.7 1.4 -1.3
v 0.7 0.7 -1.3
v 0.7 1.4 -1.3
v 0.9 1.1 -1.3
v 0.9 1.5 -1.3
v 1 1.1 -1.3
v 1 1.5 -1.3
v 1.3 0.7 -1.3
v 1.3 0.9 -1.3
v 1.3 2 -1.3
v 1.3 2.5 -1.3
v 1.4 0.9 -1.3
v 1.4 1.6 -1.3
v 1.4 2 -1.3
v 1.4 2.5 -1.3
v 1.5 1.6 -1.3
v 1.5 1.9 -1.3
v 1.6 1.8 -1.3
v 1.6 1.9 -1.3
v 1.7 0.9 -1.3
v 1.7 1 -1.3
v 1.7 1.8 -1.3
v 1.7 2 -1.3
v 1.7 2.5 -1.3
v 1.8 0.7 -1.3
v 1.8 0.9 -1.3
v 1.8 1 -1.3
v 1.8 2 -1.3
v 1.8 2.5 -1.3
v 1.9 0.7 -1.3
v 1.9 0.9 -1.3
v -0.7 0.7 -1.4
v -0.7 1.4 -1.4
v -0.6 0.7 -1.4
v -0.6 1.4 -1.4
v 0.6 0.7 -1.4
v 0.6 1.4 -1.4
v 0.7 0.7 -1.4
v 0.7 1.4 -1.4
v -1.7 2.4 -1.5
v -1.7 2.5 -1.5
v -1.6 2.4 -1.5
v -1.6 2.5 -1.5
v -1.5 1.6 -1.5
v -1.5 1.9 -1.5
v -1.3 1.8 -1.5
v -1.3 1.9 -1.5
v -1.3 2.4 -1.5
v -1.3 2.5 -1.5
v -1.2 1.7 -1.5
v -1.2 1.8 -1.5
v -1.2 2.4 -1.5
v -1.2 2.5 -1.5
v -1.1 1.7 -1.5
v -1.1 1.8 -1.5
v -1 1.7 -1.5
v -1 1.8 -1.5
v -0.9 1.7 -1.5
v -0.9 1.8 -1.5
v -0.8 1.7 -1.5
v -0.8 1.8 -1.5
v -0.7 1.7 -1.5
v -0.7 1.8 -1.5
v -0.6 1.7 -1.5
v -0.6 1.8 -1.5
v -0.5 1.7 -1.5
v -0.5 1.8 -1.5
v -0.4 1.7 -1.5
v -0.4 1.8 -1.5
v -0.3 1.7 -1.5
v -0.3 1.8 -1.5
v -0.2 1.7 -1.5
v -0.2 1.8 -1.5
v -0.0999999 1.7 -1.5
v -0.0999999 1.8 -1.5
v 0.1 1.7 -1.5
v 0.1 1.8 -1.5
v 0.3 1.7 -1.5
v 0.3 1.8 -1.5
v 0.4 1.7 -1.5
v 0.4 1.8 -1.5
v 0.5 1.7 -1.5
v 0.5 1.8 -1.5
v 0.6 1.7 -1.5
v 0.6 1.8 -1.5
v 0.7 1.7 -1.5
v 0.7 1.8 -1.5
v 0.8 1.7 -1.5
v 0.8 1.8 -1.5
v 0.9 1.7 -1.5
v 0.9 1.8 -1.5
v 1 1.7 -1.5
v 1 1.8 -1.5
v 1.1 1.7 -1.5
v 1.1 1.8 -1.5
v 1.2 1.7 -1.5
v 1.2 1.8 -1.5
v 1.3 1.7 -1.5
v 1.3 1.8 -1.5
v 1.3 2.4 -1.5
v 1.3 2.5 -1.5
v 1.4 1.8 -1.5
v 1.4 1.9 -1.5
v 1.4 2.4 -1.5
v 1.4 2.5 -1.5
v 1.6 1.6 -1.5
v 1.6 1.9 -1.5
v 1.7 2.4 -1.5
v 1.7 2.5 -1.5
v 1.8 2.4 -1.5
v 1.8 2.5 -1.5
v -1.6 2.3 -1.6
v -1.6 2.5 -1.6
v -1.5 2.4 -1.6
v -1.5 2.5 -1.6
v -1.4 2.4 -1.6
v -1.4 2.5 -1.6
v -1.3 2.3 -1.6
v -1.3 2.5 -1.6
v 1.4 2.3 -1.6
v 1.4 2.5 -1.6
v 1.5 2.4 -1.6
v 1.5 2.5 -1.6
v 1.6 2.4 -1.6
v 1.6 2.5 -1.6
v 1.7 2.3 -1.6
v 1.7 2.5 -1.6
v -0.7 1.3 -1.8
v -0.7 1.4 -1.8
v -0.6 1.3 -1.8
v -0.6 1.4 -1.8
v 0.6 1.3 -1.8
v 0.6 1.4 -1.8
v 0.7 1.3 -1.8
v 0.7 1.4 -1.8
v -0.7 1.2 -1.9
v -0.7 1.3 -1.9
v -0.6 1.2 -1.9
v -0.6 1.3 -1.9
v 0.6 1.2 -1.9
v 0.6 1.3 -1.9
v 0.7 1.2 -1.9
v 0.7 1.3 -1.9
v -0.7 1.1 -2
v -0.7 1.2 -2
v -0.6 1.1 -2
v -0.6 1.2 -2
v 0.6 1.1 -2
v 0.6 1.2 -2
v 0.7 1.1 -2
v 0.7 1.2 -2
v -0.7 1 -2.1
v -0.7 1.1 -2.1
v -0.6 1 -2.1
v -0.6 1.1 -2.1
v 0.6 1 -2.1
v 0.6 1.1 -2.1
v 0.7 1 -2.1
v 0.7 1.1 -2.1
v -0.7 0.9 -2.2
v -0.7 1 -2.2
v -0.6 0.9 -2.2
v -0.6 1 -2.2
v 0.6 0.9 -2.2
v 0.6 1 -2.2
v 0.7 0.9 -2.2
v 0.7 1 -2.2
v -0.7 0.8 -2.3
v -0.7 0.9 -2.3
v -0.6 0.8 -2.3
v -0.6 0.9 -2.3
v 0.6 0.8 -2.3
v 0.6 0.9 -2.3
v 0.7 0.8 -2.3
v 0.7 0.9 -2.3
v -0.7 0.7 -2.4
v -0.7 0.8 -2.4
v -0.6 0.7 -2.4
v -0.6 0.8 -2.4
v 0.6 0.7 -2.4
v 0.6 0.8 -2.4
v 0.7 0.7 -2.4
v 0.7 0.8 -2.4
v -0.7 0.7 2.4
v -0.7 0.8 2.4
v -0.6 0.7 2.4
v -0.6 0.8 2.4
v 0.6 0.7 2.4
v 0.6 0.8 2.4
v 0.7 0.7 2.4
v 0.7 0.8 2.4
v -0.7 0.8 2.3
v -0.7 0.9 2.3
v -0.6 0.8 2.3
v -0.6 0.9 2.3
v 0.6 0.8 2.3
v 0.6 0.9 2.3
v 0.7 0.8 2.3
v 0.7 0.9 2.3
v -0.7 0.9 2.2
v -0.7 1 2.2
v -0.6 0.9 2.2
v -0.6 1 2.2
v 0.6 0.9 2.2
v 0.6 1 2.2
v 0.7 0.9 2.2
v 0.7 1 2.2
v -0.7 1 2.1
v -0.7 1.1 2.1
v -0.6 1 2.1
v -0.6 1.1 2.1
v 0.6 1 2.1
v 0.6 1.1 2.1
v 0.7 1 2.1
v 0.7 1.1 2.1
v -0.7 1.1 2
v -0.7 1.2 2
v -0.6 1.1 2
v -0.6 1.2 2
v 0.6 1.1 2
v 0.6 1.2 2
v 0.7 1.1 2
v 0.7 1.2 2
v -0.7 1.2 1.9
v -0.7 1.3 1.9
v -0.6 1.2 1.9
v -0.6 1.3 1.9
v 0.6 1.2 1.9
v 0.6 1.3 1.9
v 0.7 1.2 1.9
v 0.7 1.3 1.9
v -0.7 1.3 1.8
v -0.7 1.4 1.8
v -0.6 1.3 1.8
v -0.6 1.4 1.8
v 0.6 1.3 1.8
v 0.6 1.4 1.8
v 0.7 1.3 1.8
v 0.7 1.4 1.8
v -0.7 1.4 1.7
v -0.7 1.5 1.7
v -0.6 1.4 1.7
v -0.6 1.5 1.7
v 0.6 1.4 1.7
v 0.6 1.5 1.7
v 0.7 1.4 1.7
v 0.7 1.5 1.7
v -1.6 2.3 1.6
v -1.6 2.5 1.6
v -1.5 2.4 1.6
v -1.5 2.5 1.6
v -1.4 2.4 1.6
v -1.4 2.5 1.6
v -1.3 2.3 1.6
v -1.3 2.5 1.6
v 1.4 2.3 1.6
v 1.4 2.5 1.6
v 1.5 2.4 1.6
v 1.5 2.5 1.6
v 1.6 2.4 1.6
v 1.6 2.5 1.6
v 1.7 2.3 1.6
v 1.7 2.5 1.6
v -1.7 2.4 1.5
v -1.7 2.5 1.5
v -1.6 2.4 1.5
v -1.6 2.5 1.5
v -1.5 1.6 1.5
v -1.5 1.9 1.5
v -1.3 1.8 1.5
v -1.3 1.9 1.5
v -1.3 2.4 1.5
v -1.3 2.5 1.5
v -1.2 1.7 1.5
v -1.2 1.8 1.5
v -1.2 2.4 1.5
v -1.2 2.5 1.5
v -1.1 1.7 1.5
v -1.1 1.8 1.5
v -1 1.7 1.5
v -1 1.8 1.5
v -0.9 1.7 1.5
v -0.9 1.8 1.5
v -0.8 1.7 1.5
v -0.8 1.8 1.5
v -0.7 1.7 1.5
v -0.7 1.8 1.5
v -0.6 1.7 1.5
v -0.6 1.8 1.5
v -0.5 1.7 1.5
v -0.5 1.8 1.5
v -0.4 1.7 1.5
v -0.4 1.8 1.5
v -0.3 1.7 1.5
v -0.3 1.8 1.5
v -0.2 1.7 1.5
v -0.2 1.8 1.5
v -0.0999999 1.7 1.5
v -0.0999999 1.8 1.5
v 0.1 1.7 1.5
v 0.1 1.8 1.5
v 0.3 1.7 1.5
v 0.3 1.8 1.5
v 0.4 1.7 1.5
v 0.4 1.8 1.5
v 0.5 1.7 1.5
v 0.5 1.8 1.5
v 0.6 1.7 1.5
v 0.6 1.8 1.5
v 0.7 1.7 1.5
v 0.7 1.8 1.5
v 0.8 1.7 1.5
v 0.8 1.8 1.5
v 0.9 1.7 1.5
v 0.9 1.8 1.5
v 1 1.7 1.5
v 1 1.8 1.5
v 1.1 1.7 1.5
v 1.1 1.8 1.5
v 1.2 1.7 1.5
v 1.2 1.8 1.5
v 1.3 1.7 1.5
v 1.3 1.8 1.5
v 1.3 2.4 1.5
v 1.3 2.5 1.5
v 1.4 1.8 1.5
v 1.4 1.9 1.5
v 1.4 2.4 1.5
v 1.4 2.5 1.5
v 1.6 1.6 1.5
v 1.6 1.9 1.5
v 1.7 2.4 1.5
v 1.7 2.5 1.5
v 1.8 2.4 1.5
v 1.8 2.5 1.5
v -1.8 0.7 1.3
v -1.8 0.9 1.3
v -1.7 0.7 1.3
v -1.7 0.9 1.3
v -1.7 1 1.3
v -1.7 2 1.3
v -1.7 2.5 1.3
v -1.6 0.9 1.3
v -1.6 1 1.3
v -1.6 1.8 1.3
v -1.6 2 1.3
v -1.6 2.5 1.3
v -1.5 1.8 1.3
v -1.5 1.9 1.3
v -1.4 1.7 1.3
v -1.4 1.9 1.3
v -1.3 0.9 1.3
v -1.3 1.5 1.3
v -1.3 1.7 1.3
v -1.3 2 1.3
v -1.3 2.5 1.3
v -1.2 0.7 1.3
v -1.2 0.9 1.3
v -1.2 2 1.3
v -1.2 2.5 1.3
v -1 1.1 1.3
v -1 1.5 1.3
v -0.9 0.7 1.3
v -0.9 1.1 1.3
v 0.9 0.7 1.3
v 0.9 1.1 1.3
v 1 1.1 1.3
v 1 1.5 1.3
v 1.3 0.7 1.3
v 1.3 0.9 1.3
v 1.3 2 1.3
v 1.3 2.5 1.3
v 1.4 0.9 1.3
v 1.4 1.5 1.3
v 1.4 1.6 1.3
v 1.4 1.7 1.3
v 1.4 2 1.3
v 1.4 2.5 1.3
v 1.5 1.6 1.3
v 1.5 1.9 1.3
v 1.6 1.8 1.3
v 1.6 1.9 1.3
v 1.7 0.9 1.3
v 1.7 1 1.3
v 1.7 1.8 1.3
v 1.7 2 1.3
v 1.7 2.5 1.3
v 1.8 0.7 1.3
v 1.8 0.9 1.3
v 1.8 1 1.3
v 1.8 2 1.3
v 1.8 2.5 1.3
v 1.9 0.7 1.3
v 1.9 0.9 1.3
v -1.9 0.6 1.2
v -1.9 0.7 1.2
v -1.7 0.6 1.2
v -1.7 0.7 1.2
v -1.7 0.9 1.2
v -1.6 0.7 1.2
v -1.6 0.9 1.2
v -1.6 1.7 1.2
v -1.6 1.8 1.2
v -1.6 2 1.2
v -1.6 2.5 1.2
v -1.5 1.7 1.2
v -1.5 1.8 1.2
v -1.5 2.4 1.2
v -1.5 2.5 1.2
v -1.4 1.6 1.2
v -1.4 1.7 1.2
v -1.4 2.4 1.2
v -1.4 2.5 1.2
v -1.3 0.7 1.2
v -1.3 0.9 1.2
v -1.3 1.5 1.2
v -1.3 1.6 1.2
v -1.3 1.7 1.2
v -1.3 2 1.2
v -1.3 2.5 1.2
v -1.2 0.7 1.2
v -1.2 0.9 1.2
v -1 1.6 1.2
v -1 1.7 1.2
v -0.9 1.5 1.2
v -0.9 1.7 1.2
v 0.9 1.5 1.2
v 0.9 1.7 1.2
v 1 1.6 1.2
v 1 1.7 1.2
v 1.3 0.7 1.2
v 1.3 0.9 1.2
v 1.3 1.6 1.2
v 1.3 1.7 1.2
v 1.4 0.7 1.2
v 1.4 0.9 1.2
v 1.4 1.5 1.2
v 1.4 1.6 1.2
v 1.4 1.7 1.2
v 1.4 2 1.2
v 1.4 2.5 1.2
v 1.5 2.4 1.2
v 1.5 2.5 1.2
v 1.6 1.7 1.2
v 1.6 1.8 1.2
v 1.6 2.4 1.2
v 1.6 2.5 1.2
v 1.7 0.7 1.2
v 1.7 0.9 1.2
v 1.7 1.7 1.2
v 1.7 1.8 1.2
v 1.7 2 1.2
v 1.7 2.5 1.2
v 1.8 0.6 1.2
v 1.8 0.7 1.2
v 1.8 0.9 1.2
v 1.9 0.6 1.2
v 1.9 0.7 1.2
v -1.3 1.4 1.1
v -1.3 1.5 1.1
v -0.9 1.4 1.1
v -0.9 1.5 1.1
v -0.9 1.6 1.1
v -0.9 1.7 1.1
v -0.8 1.6 1.1
v -0.8 1.7 1.1
v 0.8 1.6 1.1
v 0.8 1.7 1.1
v 0.9 1.4 1.1
v 0.9 1.5 1.1
v 0.9 1.6 1.1
v 0.9 1.7 1.1
v 1.4 1.4 1.1
v 1.4 1.5 1.1
v -1.6 1.7 1
v -1.6 1.8 1
v -1.5 1.7 1
v -1.5 1.8 1
v -1.3 1.3 1
v -1.3 1.4 1
v -0.9 1.3 1
v -0.9 1.4 1
v 0.9 1.3 1
v 0.9 1.4 1
v 1.4 1.3 1
v 1.4 1.4 1
v 1.6 1.7 1
v 1.6 1.8 1
v 1.7 1.7 1
v 1.7 1.8 1
v -1.3 1.2 0.9
v -1.3 1.3 0.9
v -0.9 1.2 0.9
v -0.9 1.3 0.9
v -0.9 1.6 0.9
v -0.9 1.7 0.9
v -0.8 1.6 0.9
v -0.8 1.7 0.9
v -0.6 0.9 0.9
v -0.6 1.3 0.9
v -0.5 0.9 0.9
v -0.5 1.3 0.9
v -0.3 0.7 0.9
v -0.3 1.2 0.9
v -0.2 1.2 0.9
v -0.2 1.3 0.9
v 0.2 1.2 0.9
v 0.2 1.3 0.9
v 0.3 0.7 0.9
v 0.3 1.2 0.9
v 0.5 0.9 0.9
v 0.5 1.3 0.9
v 0.6 0.9 0.9
v 0.6 1.3 0.9
v 0.8 1.6 0.9
v 0.8 1.7 0.9
v 0.9 1.2 0.9
v 0.9 1.3 0.9
v 0.9 1.6 0.9
v 0.9 1.7 0.9
v 1.4 1.2 0.9
v 1.4 1.3 0.9
v -1.6 1.7 0.8
v -1.6 1.8 0.8
v -1.5 1.7 0.8
v -1.5 1.8 0.8
v -1.3 1.1 0.8
v -1.3 1.2 0.8
v -0.9 1.1 0.8
v -0.9 1.2 0.8
v 0.9 1.1 0.8
v 0.9 1.2 0.8
v 1.4 1.1 0.8
v 1.4 1.2 0.8
v 1.6 1.7 0.8
v 1.6 1.8 0.8
v 1.7 1.7 0.8
v 1.7 1.8 0.8
v -1.4 0.7 0.7
v -1.4 0.8 0.7
v -1.3 0.7 0.7
v -1.3 0.8 0.7
v -1.3 1 0.7
v -1.3 1.1 0.7
v -0.9 1 0.7
v -0.9 1.1 0.7
v 0.9 1 0.7
v 0.9 1.1 0.7
v 1.4 1 0.7
v 1.4 1.1 0.7
v -1.6 1.7 0.6
v -1.6 1.8 0.6
v -1.5 1.7 0.6
v -1.5 1.8 0.6
v -1.3 0.9 0.6
v -1.3 1 0.6
v -0.9 0.7 0.6
v -0.9 0.9 0.6
v -0.9 1 0.6
v -0.9 1.7 0.6
v -0.8 1.6 0.6
v -0.8 1.7 0.6
v -0.7 1.6 0.6
v -0.7 1.7 0.6
v -0.6 0.9 0.6
v -0.6 1.3 0.6
v -0.6 1.6 0.6
v -0.6 1.7 0.6
v -0.5 0.9 0.6
v -0.5 1.3 0.6
v -0.5 1.6 0.6
v -0.5 1.7 0.6
v -0.4 1.6 0.6
v -0.4 1.7 0.6
v -0.3 0.7 0.6
v -0.3 1.2 0.6
v -0.3 1.6 0.6
v -0.3 1.7 0.6
v -0.2 1.2 0.6
v -0.2 1.3 0.6
v -0.2 1.6 0.6
v -0.2 1.7 0.6
v -0.0999999 1.6 0.6
v -0.0999999 1.7 0.6
v 0.1 1.6 0.6
v 0.1 1.7 0.6
v 0.2 1.2 0.6
v 0.2 1.3 0.6
v 0.2 1.6 0.6
v 0.2 1.7 0.6
v 0.3 0.7 0.6
v 0.3 1.2 0.6
v 0.3 1.6 0.6
v 0.3 1.7 0.6
v 0.4 1.6 0.6
v 0.4 1.7 0.6
v 0.5 0.9 0.6
v 0.5 1.3 0.6
v 0.5 1.6 0.6
v 0.5 1.7 0.6
v 0.6 0.9 0.6
v 0.6 1.3 0.6
v 0.6 1.6 0.6
v 0.6 1.7 0.6
v 0.7 1.6 0.6
v 0.7 1.7 0.6
v 0.8 1.6 0.6
v 0.8 1.7 0.6
v 0.9 0.7 0.6
v 0.9 0.9 0.6
v 0.9 1 0.6
v 0.9 1.7 0.6
v 1.4 0.9 0.6
v 1.4 1 0.6
v 1.6 1.7 0.6
v 1.6 1.8 0.6
v 1.7 1.7 0.6
v 1.7 1.8 0.6
v -1.6 0.8 0.5
v -1.6 0.9 0.5
v -1.5 0.8 0.5
v -1.5 0.9 0.5
v -1.3 0.8 0.5
v -1.3 0.9 0.5
v -0.9 0.8 0.5
v -0.9 0.9 0.5
v 0.9 0.8 0.5
v 0.9 0.9 0.5
v 1.4 0.8 0.5
v 1.4 0.9 0.5
v -1.6 1.7 0.4
v -1.6 1.8 0.4
v -1.5 1.7 0.4
v -1.5 1.8 0.4
v -1.3 0.7 0.4
v -1.3 0.8 0.4
v -0.9 0.7 0.4
v -0.9 0.8 0.4
v 0.9 0.7 0.4
v 0.9 0.8 0.4
v 1.4 0.7 0.4
v 1.4 0.8 0.4
v 1.6 1.7 0.4
v 1.6 1.8 0.4
v 1.7 1.7 0.4
v 1.7 1.8 0.4
v -1.6 1.7 0.2
v -1.6 1.8 0.2
v -1.5 1.7 0.2
v -1.5 1.8 0.2
v 1.6 1.7 0.2
v 1.6 1.8 0.2
v 1.7 1.7 0.2
v 1.7 1.8 0.2
v -1.6 1.7 -0.1
v -1.6 1.8 -0.1
v -1.5 1.7 -0.1
v -1.5 1.8 -0.1
v 1.6 1.7 -0.1
v 1.6 1.8 -0.1
v 1.7 1.7 -0.1
v 1.7 1.8 -0.1
v -1.6 1.7 -0.3
v -1.6 1.8 -0.3
v -1.5 1.7 -0.3
v -1.5 1.8 -0.3
v -0.4 1.2 -0.3
v -0.4 1.4 -0.3
v -0.4 1.6 -0.3
v -0.3 0.8 -0.3
v -0.3 1.2 -0.3
v -0.3 1.4 -0.3
v -0.3 1.6 -0.3
v -0.3 1.7 -0.3
v -0.3 1.8 -0.3
v -0.3 2 -0.3
v -0.3 2.1 -0.3
v -0.2 1.7 -0.3
v -0.2 1.8 -0.3
v -0.2 1.9 -0.3
v -0.2 2.1 -0.3
v -0.2 2.3 -0.3
v -0.0999999 0.8 -0.3
v -0.0999999 1.1 -0.3
v -0.0999999 1.5 -0.3
v -0.0999999 1.6 -0.3
v -0.0999999 1.7 -0.3
v -0.0999999 1.8 -0.3
v -0.0999999 2.2 -0.3
v -0.0999999 2.3 -0.3
v 2.38419e-07 1.8 -0.3
v 2.38419e-07 1.9 -0.3
v 0.1 0.8 -0.3
v 0.1 1.1 -0.3
v 0.1 1.5 -0.3
v 0.1 1.6 -0.3
v 0.1 1.7 -0.3
v 0.1 1.8 -0.3
v 0.1 2.2 -0.3
v 0.1 2.3 -0.3
v 0.2 1.7 -0.3
v 0.2 1.8 -0.3
v 0.2 1.9 -0.3
v 0.2 2.1 -0.3
v 0.2 2.3 -0.3
v 0.3 0.8 -0.3
v 0.3 1.2 -0.3
v 0.3 1.4 -0.3
v 0.3 1.6 -0.3
v 0.3 1.7 -0.3
v 0.3 1.9 -0.3
v 0.3 2 -0.3
v 0.3 2.1 -0.3
v 0.4 1.2 -0.3
v 0.4 1.4 -0.3
v 0.4 1.6 -0.3
v 1.6 1.7 -0.3
v 1.6 1.8 -0.3
v 1.7 1.7 -0.3
v 1.7 1.8 -0.3
v -0.4 1.7 -0.4
v -0.4 2 -0.4
v -0.3 0.7 -0.4
v -0.3 0.8 -0.4
v -0.3 1.7 -0.4
v -0.3 1.8 -0.4
v -0.2 1.8 -0.4
v -0.2 1.9 -0.4
v -0.0999999 0.7 -0.4
v -0.0999999 0.8 -0.4
v 2.38419e-07 1.8 -0.4
v 2.38419e-07 1.9 -0.4
v 0.1 0.7 -0.4
v 0.1 0.8 -0.4
v 0.2 1.8 -0.4
v 0.2 1.9 -0.4
v 0.3 0.7 -0.4
v 0.3 0.8 -0.4
v 0.3 1.7 -0.4
v 0.3 1.9 -0.4
v 0.4 1.7 -0.4
v 0.4 2 -0.4
v -1.6 1.7 -0.5
v -1.6 1.8 -0.5
v -1.5 1.7 -0.5
v -1.5 1.8 -0.5
v 1.6 1.7 -0.5
v 1.6 1.8 -0.5
v 1.7 1.7 -0.5
v 1.7 1.8 -0.5
v -1.6 1.7 -0.7
v -1.6 1.8 -0.7
v -1.5 1.7 -0.7
v -1.5 1.8 -0.7
v 1.6 1.7 -0.7
v 1.6 1.8 -0.7
v 1.7 1.7 -0.7
v 1.7 1.8 -0.7
v -1.6 1.7 -0.9
v -1.6 1.8 -0.9
v -1.5 1.7 -0.9
v -1.5 1.8 -0.9
v 1.6 1.7 -0.9
v 1.6 1.8 -0.9
v 1.7 1.7 -0.9
v 1.7 1.8 -0.9
v -1.6 1.7 -1.1
v -1.6 1.8 -1.1
v -1.5 1.7 -1.1
v -1.5 1.8 -1.1
v 1.6 1.7 -1.1
v 1.6 1.8 -1.1
v 1.7 1.7 -1.1
v 1.7 1.8 -1.1
v -1.6 2.3 -1.3
v -1.6 2.5 -1.3
v -1.5 2.4 -1.3
v -1.5 2.5 -1.3
v -1.4 2.4 -1.3
v -1.4 2.5 -1.3
v -1.3 2.3 -1.3
v -1.3 2.5 -1.3
v 1.4 2.3 -1.3
v 1.4 2.5 -1.3
v 1.5 2.4 -1.3
v 1.5 2.5 -1.3
v 1.6 2.4 -1.3
v 1.6 2.5 -1.3
v 1.7 2.3 -1.3
v 1.7 2.5 -1.3
v -1.7 2.4 -1.4
v -1.7 2.5 -1.4
v -1.6 2.4 -1.4
v -1.6 2.5 -1.4
v -1.4 1.6 -1.4
v -1.4 1.9 -1.4
v -1.3 1.6 -1.4
v -1.3 1.9 -1.4
v -1.3 2.4 -1.4
v -1.3 2.5 -1.4
v -1.2 2.4 -1.4
v -1.2 2.5 -1.4
v 1.3 2.4 -1.4
v 1.3 2.5 -1.4
v 1.4 1.6 -1.4
v 1.4 1.9 -1.4
v 1.4 2.4 -1.4
v 1.4 2.5 -1.4
v 1.5 1.6 -1.4
v 1.5 1.9 -1.4
v 1.7 2.4 -1.4
v 1.7 2.5 -1.4
v 1.8 2.4 -1.4
v 1.8 2.5 -1.4
v -1.8 0.7 -1.6
v -1.8 0.9 -1.6
v -1.7 0.7 -1.6
v -1.7 0.9 -1.6
v -1.7 1 -1.6
v -1.7 2 -1.6
v -1.7 2.5 -1.6
v -1.6 0.9 -1.6
v -1.6 1 -1.6
v -1.6 2 -1.6
v -1.6 2.5 -1.6
v -1.3 0.9 -1.6
v -1.3 1 -1.6
v -1.3 1.8 -1.6
v -1.3 2 -1.6
v -1.3 2.5 -1.6
v -1.2 0.7 -1.6
v -1.2 0.9 -1.6
v -1.2 1.7 -1.6
v -1.2 1.8 -1.6
v -1.2 2 -1.6
v -1.2 2.5 -1.6
v -1.1 1.7 -1.6
v -1.1 1.8 -1.6
v -1 1.1 -1.6
v -1 1.5 -1.6
v -1 1.7 -1.6
v -1 1.8 -1.6
v -0.9 1.1 -1.6
v -0.9 1.5 -1.6
v -0.9 1.7 -1.6
v -0.9 1.8 -1.6
v -0.8 1.7 -1.6
v -0.8 1.8 -1.6
v -0.7 0.7 -1.6
v -0.7 1.5 -1.6
v -0.7 1.7 -1.6
v -0.7 1.8 -1.6
v -0.6 1.7 -1.6
v -0.6 1.8 -1.6
v -0.5 1.7 -1.6
v -0.5 1.8 -1.6
v -0.4 1.7 -1.6
v -0.4 1.8 -1.6
v -0.3 1.7 -1.6
v -0.3 1.8 -1.6
v -0.2 1.7 -1.6
v -0.2 1.8 -1.6
v -0.0999999 1.7 -1.6
v -0.0999999 1.8 -1.6
v 0.1 1.7 -1.6
v 0.1 1.8 -1.6
v 0.3 1.7 -1.6
v 0.3 1.8 -1.6
v 0.4 1.7 -1.6
v 0.4 1.8 -1.6
v 0.5 1.7 -1.6
v 0.5 1.8 -1.6
v 0.6 1.7 -1.6
v 0.6 1.8 -1.6
v 0.7 0.7 -1.6
v 0.7 1.5 -1.6
v 0.7 1.7 -1.6
v 0.7 1.8 -1.6
v 0.8 1.7 -1.6
v 0.8 1.8 -1.6
v 0.9 1.1 -1.6
v 0.9 1.5 -1.6
v 0.9 1.7 -1.6
v 0.9 1.8 -1.6
v 1 1.1 -1.6
v 1 1.5 -1.6
v 1 1.7 -1.6
v 1 1.8 -1.6
v 1.1 1.7 -1.6
v 1.1 1.8 -1.6
v 1.2 1.7 -1.6
v 1.2 1.8 -1.6
v 1.3 0.7 -1.6
v 1.3 0.9 -1.6
v 1.3 1.7 -1.6
v 1.3 1.8 -1.6
v 1.3 2 -1.6
v 1.3 2.5 -1.6
v 1.4 0.9 -1.6
v 1.4 1 -1.6
v 1.4 1.8 -1.6
v 1.4 2 -1.6
v 1.4 2.5 -1.6
v 1.7 0.9 -1.6
v 1.7 1 -1.6
v 1.7 2 -1.6
v 1.7 2.5 -1.6
v 1.8 0.7 -1.6
v 1.8 0.9 -1.6
v 1.8 1 -1.6
v 1.8 2 -1.6
v 1.8 2.5 -1.6
v 1.9 0.7 -1.6
v 1.9 0.9 -1.6
v -1.7 0.7 -1.7
v -1.7 0.9 -1.7
v -1.6 0.7 -1.7
v -1.6 0.9 -1.7
v -1.6 1 -1.7
v -1.6 2 -1.7
v -1.6 2.5 -1.7
v -1.5 2.4 -1.7
v -1.5 2.5 -1.7
v -1.4 2.4 -1.7
v -1.4 2.5 -1.7
v -1.3 0.7 -1.7
v -1.3 0.9 -1.7
v -1.3 1 -1.7
v -1.3 2 -1.7
v -1.3 2.5 -1.7
v -1.2 0.7 -1.7
v -1.2 0.9 -1.7
v -0.7 0.7 -1.7
v -0.7 1.4 -1.7
v -0.6 0.7 -1.7
v -0.6 1.4 -1.7
v -0.6 1.5 -1.7
v 0.6 0.7 -1.7
v 0.6 1.4 -1.7
v 0.6 1.5 -1.7
v 0.7 0.7 -1.7
v 0.7 1.4 -1.7
v 1.3 0.7 -1.7
v 1.3 0.9 -1.7
v 1.4 0.7 -1.7
v 1.4 0.9 -1.7
v 1.4 1 -1.7
v 1.4 2 -1.7
v 1.4 2.5 -1.7
v 1.5 2.4 -1.7
v 1.5 2.5 -1.7
v 1.6 2.4 -1.7
v 1.6 2.5 -1.7
v 1.7 0.7 -1.7
v 1.7 0.9 -1.7
v 1.7 1 -1.7
v 1.7 2 -1.7
v 1.7 2.5 -1.7
v 1.8 0.7 -1.7
v 1.8 0.9 -1.7
v -1.9 0.6 -1.8
v -1.9 0.7 -1.8
v -1.8 0.6 -1.8
v -1.8 0.7 -1.8
v -1.6 0.7 -1.8
v -1.6 0.9 -1.8
v -1.3 0.6 -1.8
v -1.3 0.7 -1.8
v -1.3 0.9 -1.8
v -0.7 0.6 -1.8
v -0.7 0.7 -1.8
v -0.7 1.4 -1.8
v -0.7 1.5 -1.8
v -0.6 1.4 -1.8
v -0.6 1.5 -1.8
v 0.6 1.4 -1.8
v 0.6 1.5 -1.8
v 0.7 0.6 -1.8
v 0.7 0.7 -1.8
v 0.7 1.4 -1.8
v 0.7 1.5 -1.8
v 1.3 0.6 -1.8
v 1.3 0.7 -1.8
v 1.4 0.7 -1.8
v 1.4 0.9 -1.8
v 1.7 0.7 -1.8
v 1.7 0.9 -1.8
v 1.8 0.6 -1.8
v 1.8 0.7 -1.8
v 1.9 0.6 -1.8
v 1.9 0.7 -1.8
v -1.8 0.6 -1.9
v -1.8 0.7 -1.9
v -1.3 0.6 -1.9
v -1.3 0.7 -1.9
v -0.7 1.3 -1.9
v -0.7 1.4 -1.9
v -0.6 1.3 -1.9
v -0.6 1.4 -1.9
v 0.6 1.3 -1.9
v 0.6 1.4 -1.9
v 0.7 1.3 -1.9
v 0.7 1.4 -1.9
v 1.3 0.6 -1.9
v 1.3 0.7 -1.9
v 1.8 0.6 -1.9
v 1.8 0.7 -1.9
v -0.7 1.2 -2
v -0.7 1.3 -2
v -0.6 1.2 -2
v -0.6 1.3 -2
v 0.6 1.2 -2
v 0.6 1.3 -2
v 0.7 1.2 -2
v 0.7 1.3 -2
v -0.7 1.1 -2.1
v -0.7 1.2 -2.1
v -0.6 1.1 -2.1
v -0.6 1.2 -2.1
v 0.6 1.1 -2.1
v 0.6 1.2 -2.1
v 0.7 1.1 -2.1
v 0.7 1.2 -2.1
v -0.7 1 -2.2
v -0.7 1.1 -2.2
v -0.6 1 -2.2
v -0.6 1.1 -2.2
v 0.6 1 -2.2
v 0.6 1.1 -2.2
v 0.7 1 -2.2
v 0.7 1.1 -2.2
v -0.7 0.9 -2.3
v -0.7 1 -2.3
v -0.6 0.9 -2.3
v -0.6 1 -2.3
v 0.6 0.9 -2.3
v 0.6 1 -2.3
v 0.7 0.9 -2.3
v 0.7 1 -2.3
v -0.7 0.8 -2.4
v -0.7 0.9 -2.4
v -0.6 0.8 -2.4
v -0.6 0.9 -2.4
v 0.6 0.8 -2.4
v 0.6 0.9 -2.4
v 0.7 0.8 -2.4
v 0.7 0.9 -2.4
v -2.5 0 -2.5
v -2.5 0.6 -2.5
v -0.7 0.6 -2.5
v -0.7 0.8 -2.5
v -0.6 0.7 -2.5
v -0.6 0.8 -2.5
v 0.6 0.7 -2.5
v 0.6 0.8 -2.5
v 0.7 0.6 -2.5
v 0.7 0.8 -2.5
v 2.5 0 -2.5
v 2.5 0.6 -2.5
v -2.5 0 2.5
v 2.5 0 2.5
v -2.5 0 2.2
v 2.5 0 2.2
v -2.5 0 -2.3
v 2.5 0 -2.3
v -2.5 0 -2.5
v 2.5 0 -2.5
v -0.7 0.8 2.4
v -0.6 0.8 2.4
v 0.6 0.8 2.4
v 0.7 0.8 2.4
v -0.7 0.8 2.3
v -0.6 0.8 2.3
v 0.6 0.8 2.3
v 0.7 0.8 2.3
v -1.4 0.8 0.7
v -1.3 0.8 0.7
v -0.9 0.8 0.7
v 0.9 0.8 0.7
v 1.4 0.8 0.7
v -1.4 0.8 0.6
v -0.9 0.8 0.6
v 0.9 0.8 0.6
v 1.4 0.8 0.6
v -0.7 0.8 -2.3
v -0.6 0.8 -2.3
v 0.6 0.8 -2.3
v 0.7 0.8 -2.3
v -0.7 0.8 -2.4
v -0.6 0.8 -2.4
v 0.6 0.8 -2.4
v 0.7 0.8 -2.4
v -0.7 0.9 2.3
v -0.6 0.9 2.3
v 0.6 0.9 2.3
v 0.7 0.9 2.3
v -0.7 0.9 2.2
v -0.6 0.9 2.2
v 0.6 0.9 2.2
v 0.7 0.9 2.2
v -1.3 0.9 0.8
v -0.9 0.9 0.8
v 0.9 0.9 0.8
v 1.4 0.9 0.8
v -1.3 0.9 0.7
v -0.9 0.9 0.7
v 0.9 0.9 0.7
v 1.4 0.9 0.7
v -1.6 0.9 0.5
v -1.5 0.9 0.5
v -1.6 0.9 0.4
v -1.5 0.9 0.4
v -0.7 0.9 -2.2
v -0.6 0.9 -2.2
v 0.6 0.9 -2.2
v 0.7 0.9 -2.2
v -0.7 0.9 -2.3
v -0.6 0.9 -2.3
v 0.6 0.9 -2.3
v 0.7 0.9 -2.3
v -0.7 1 2.2
v -0.6 1 2.2
v 0.6 1 2.2
v 0.7 1 2.2
v -0.7 1 2.1
v -0.6 1 2.1
v 0.6 1 2.1
v 0.7 1 2.1
v -1.3 1 0.9
v -0.9 1 0.9
v 0.9 1 0.9
v 1.4 1 0.9
v -1.3 1 0.8
v -0.9 1 0.8
v 0.9 1 0.8
v 1.4 1 0.8
v -0.7 1 -2.1
v -0.6 1 -2.1
v 0.6 1 -2.1
v 0.7 1 -2.1
v -0.7 1 -2.2
v -0.6 1 -2.2
v 0.6 1 -2.2
v 0.7 1 -2.2
v -0.7 1.1 2.1
v -0.6 1.1 2.1
v 0.6 1.1 2.1
v 0.7 1.1 2.1
v -0.7 1.1 2
v -0.6 1.1 2
v 0.6 1.1 2
v 0.7 1.1 2
v -1.3 1.1 1
v -0.9 1.1 1
v 0.9 1.1 1
v 1.4 1.1 1
v -1.3 1.1 0.9
v -0.9 1.1 0.9
v 0.9 1.1 0.9
v 1.4 1.1 0.9
v -0.0999999 1.1 -0.1
v 0.1 1.1 -0.1
v -0.0999999 1.1 -0.3
v 0.1 1.1 -0.3
v -0.7 1.1 -2
v -0.6 1.1 -2
v 0.6 1.1 -2
v 0.7 1.1 -2
v -0.7 1.1 -2.1
v -0.6 1.1 -2.1
v 0.6 1.1 -2.1
v 0.7 1.1 -2.1
v -0.7 1.2 2
v -0.6 1.2 2
v 0.6 1.2 2
v 0.7 1.2 2
v -0.7 1.2 1.9
v -0.6 1.2 1.9
v 0.6 1.2 1.9
v 0.7 1.2 1.9
v -1.3 1.2 1.1
v -0.9 1.2 1.1
v 0.9 1.2 1.1
v 1.4 1.2 1.1
v -1.3 1.2 1
v -0.9 1.2 1
v 0.9 1.2 1
v 1.4 1.2 1
v -0.3 1.2 0.9
v -0.2 1.2 0.9
v 0.2 1.2 0.9
v 0.3 1.2 0.9
v -0.3 1.2 0.6
v -0.2 1.2 0.6
v 0.2 1.2 0.6
v 0.3 1.2 0.6
v -0.4 1.2 -0.1
v -0.3 1.2 -0.1
v 0.3 1.2 -0.1
v 0.4 1.2 -0.1
v -0.4 1.2 -0.3
v -0.3 1.2 -0.3
v 0.3 1.2 -0.3
v 0.4 1.2 -0.3
v -0.7 1.2 -1.9
v -0.6 1.2 -1.9
v 0.6 1.2 -1.9
v 0.7 1.2 -1.9
v -0.7 1.2 -2
v -0.6 1.2 -2
v 0.6 1.2 -2
v 0.7 1.2 -2
v -0.7 1.3 1.9
v -0.6 1.3 1.9
v 0.6 1.3 1.9
v 0.7 1.3 1.9
v -0.7 1.3 1.8
v -0.6 1.3 1.8
v 0.6 1.3 1.8
v 0.7 1.3 1.8
v -1.3 1.3 1.2
v -0.9 1.3 1.2
v 0.9 1.3 1.2
v 1.4 1.3 1.2
v -1.3 1.3 1.1
v -0.9 1.3 1.1
v 0.9 1.3 1.1
v 1.4 1.3 1.1
v -0.6 1.3 0.9
v -0.5 1.3 0.9
v -0.2 1.3 0.9
v 0.2 1.3 0.9
v 0.5 1.3 0.9
v 0.6 1.3 0.9
v -0.6 1.3 0.6
v -0.5 1.3 0.6
v -0.2 1.3 0.6
v 0.2 1.3 0.6
v 0.5 1.3 0.6
v 0.6 1.3 0.6
v -0.7 1.3 -1.8
v -0.6 1.3 -1.8
v 0.6 1.3 -1.8
v 0.7 1.3 -1.8
v -0.7 1.3 -1.9
v -0.6 1.3 -1.9
v 0.6 1.3 -1.9
v 0.7 1.3 -1.9
v -0.7 1.4 1.8
v -0.6 1.4 1.8
v 0.6 1.4 1.8
v 0.7 1.4 1.8
v -0.7 1.4 1.7
v -0.6 1.4 1.7
v 0.6 1.4 1.7
v 0.7 1.4 1.7
v -0.7 1.4 -1.3
v 0.7 1.4 -1.3
v -0.7 1.4 -1.4
v -0.6 1.4 -1.4
v 0.6 1.4 -1.4
v 0.7 1.4 -1.4
v -0.7 1.4 -1.7
v -0.6 1.4 -1.7
v 0.6 1.4 -1.7
v 0.7 1.4 -1.7
v -0.7 1.4 -1.8
v -0.6 1.4 -1.8
v 0.6 1.4 -1.8
v 0.7 1.4 -1.8
v -1 1.5 1.6
v -0.9 1.5 1.6
v 0.9 1.5 1.6
v 1 1.5 1.6
v -1.3 1.5 1.3
v -1 1.5 1.3
v 1 1.5 1.3
v 1.4 1.5 1.3
v -1.3 1.5 1.2
v -0.9 1.5 1.2
v 0.9 1.5 1.2
v 1.4 1.5 1.2
v -1 1.5 -1.3
v -0.9 1.5 -1.3
v 0.9 1.5 -1.3
v 1 1.5 -1.3
v -1 1.5 -1.6
v -0.9 1.5 -1.6
v 0.9 1.5 -1.6
v 1 1.5 -1.6
v -0.4 1.7 -2.38419e-07
v 0.4 1.7 -2.38419e-07
v -0.3 1.7 -0.1
v 0.3 1.7 -0.1
v -0.3 1.7 -0.3
v 0.3 1.7 -0.3
v -0.4 1.7 -0.4
v -0.3 1.7 -0.4
v 0.3 1.7 -0.4
v 0.4 1.7 -0.4
v -0.3 1.8 -0.3
v -0.2 1.8 -0.3
v 2.38419e-07 1.8 -0.3
v 0.1 1.8 -0.3
v 0.2 1.8 -0.3
v -0.3 1.8 -0.4
v -0.2 1.8 -0.4
v 2.38419e-07 1.8 -0.4
v 0.2 1.8 -0.4
v -1.5 1.9 1.5
v -1.3 1.9 1.5
v 1.4 1.9 1.5
v 1.6 1.9 1.5
v -1.4 1.9 1.4
v -1.3 1.9 1.4
v 1.4 1.9 1.4
v 1.5 1.9 1.4
v -1.5 1.9 1.3
v -1.4 1.9 1.3
v 1.5 1.9 1.3
v 1.6 1.9 1.3
v -0.2 1.9 -0.3
v 2.38419e-07 1.9 -0.3
v 0.2 1.9 -0.3
v 0.3 1.9 -0.3
v -0.2 1.9 -0.4
v 2.38419e-07 1.9 -0.4
v 0.2 1.9 -0.4
v 0.3 1.9 -0.4
v -1.5 1.9 -1.3
v -1.4 1.9 -1.3
v 1.5 1.9 -1.3
v 1.6 1.9 -1.3
v -1.4 1.9 -1.4
v -1.3 1.9 -1.4
v 1.4 1.9 -1.4
v 1.5 1.9 -1.4
v -1.5 1.9 -1.5
v -1.3 1.9 -1.5
v 1.4 1.9 -1.5
v 1.6 1.9 -1.5
v -1.6 2 1.7
v -1.3 2 1.7
v 1.4 2 1.7
v 1.7 2 1.7
v -1.7 2 1.6
v -1.6 2 1.6
v -1.3 2 1.6
v -1.2 2 1.6
v 1.3 2 1.6
v 1.4 2 1.6
v 1.7 2 1.6
v 1.8 2 1.6
v -1.7 2 1.3
v -1.6 2 1.3
v -1.3 2 1.3
v -1.2 2 1.3
v 1.3 2 1.3
v 1.4 2 1.3
v 1.7 2 1.3
v 1.8 2 1.3
v -1.6 2 1.2
v -1.3 2 1.2
v 1.4 2 1.2
v 1.7 2 1.2
v -1.6 2 -1.2
v -1.3 2 -1.2
v 1.4 2 -1.2
v 1.7 2 -1.2
v -1.7 2 -1.3
v -1.6 2 -1.3
v -1.3 2 -1.3
v -1.2 2 -1.3
v 1.3 2 -1.3
v 1.4 2 -1.3
v 1.7 2 -1.3
v 1.8 2 -1.3
v -1.7 2 -1.6
v -1.6 2 -1.6
v -1.3 2 -1.6
v -1.2 2 -1.6
v 1.3 2 -1.6
v 1.4 2 -1.6
v 1.7 2 -1.6
v 1.8 2 -1.6
v -1.6 2 -1.7
v -1.3 2 -1.7
v 1.4 2 -1.7
v 1.7 2 -1.7
v -2.5 0.6 2.5
v -0.7 0.6 2.5
v 0.7 0.6 2.5
v 2.5 0.6 2.5
v -2.5 0.6 2.2
v -0.7 0.6 2.2
v 0.7 0.6 2.2
v 2.5 0.6 2.2
v -1.8 0.6 1.9
v -1.3 0.6 1.9
v 1.3 0.6 1.9
v 1.8 0.6 1.9
v -1.9 0.6 1.8
v -1.8 0.6 1.8
v 1.8 0.6 1.8
v 1.9 0.6 1.8
v -1.3 0.6 1.7
v -0.7 0.6 1.7
v 0.7 0.6 1.7
v 1.3 0.6 1.7
v -1.9 0.6 1.2
v -1.7 0.6 1.2
v 1.8 0.6 1.2
v 1.9 0.6 1.2
v -1.9 0.6 -1.2
v -1.7 0.6 -1.2
v 1.8 0.6 -1.2
v 1.9 0.6 -1.2
v -1.9 0.6 -1.8
v -1.8 0.6 -1.8
v -1.3 0.6 -1.8
v -0.7 0.6 -1.8
v 0.7 0.6 -1.8
v 1.3 0.6 -1.8
v 1.8 0.6 -1.8
v 1.9 0.6 -1.8
v -1.8 0.6 -1.9
v -1.3 0.6 -1.9
v 1.3 0.6 -1.9
v 1.8 0.6 -1.9
v -2.5 0.6 -2.3
v -0.7 0.6 -2.3
v 0.7 0.6 -2.3
v 2.5 0.6 -2.3
v -2.5 0.6 -2.5
v -0.7 0.6 -2.5
v 0.7 0.6 -2.5
v 2.5 0.6 -2.5
v -0.6 0.7 2.5
v 0.6 0.7 2.5
v -0.7 0.7 2.4
v -0.6 0.7 2.4
v 0.6 0.7 2.4
v 0.7 0.7 2.4
v -1.8 0.7 1.9
v -1.3 0.7 1.9
v 1.3 0.7 1.9
v 1.8 0.7 1.9
v -1.9 0.7 1.8
v -1.8 0.7 1.8
v -1.6 0.7 1.8
v -1.3 0.7 1.8
v 1.4 0.7 1.8
v 1.7 0.7 1.8
v 1.8 0.7 1.8
v 1.9 0.7 1.8
v -1.7 0.7 1.7
v -1.6 0.7 1.7
v -1.2 0.7 1.7
v -0.7 0.7 1.7
v 0.7 0.7 1.7
v 1.3 0.7 1.7
v 1.4 0.7 1.7
v 1.7 0.7 1.7
v 1.8 0.7 1.7
v -1.8 0.7 1.6
v -1.7 0.7 1.6
v -1.2 0.7 1.6
v 1.3 0.7 1.6
v 1.8 0.7 1.6
v 1.9 0.7 1.6
v -1.8 0.7 1.3
v -1.7 0.7 1.3
v -1.2 0.7 1.3
v -0.9 0.7 1.3
v 0.9 0.7 1.3
v 1.3 0.7 1.3
v 1.8 0.7 1.3
v 1.9 0.7 1.3
v -1.9 0.7 1.2
v -1.7 0.7 1.2
v -1.6 0.7 1.2
v -1.3 0.7 1.2
v -1.2 0.7 1.2
v 1.3 0.7 1.2
v 1.4 0.7 1.2
v 1.7 0.7 1.2
v 1.8 0.7 1.2
v 1.9 0.7 1.2
v -0.3 0.7 0.9
v 0.3 0.7 0.9
v -1.4 0.7 0.7
v -1.3 0.7 0.7
v -1.4 0.7 0.6
v -0.9 0.7 0.6
v -0.3 0.7 0.6
v 0.3 0.7 0.6
v 0.9 0.7 0.6
v 1.4 0.7 0.6
v -1.3 0.7 0.4
v -0.9 0.7 0.4
v 0.9 0.7 0.4
v 1.4 0.7 0.4
v -0.3 0.7 -0.1
v -0.0999999 0.7 -0.1
v 0.1 0.7 -0.1
v 0.3 0.7 -0.1
v -0.3 0.7 -0.4
v -0.0999999 0.7 -0.4
v 0.1 0.7 -0.4
v 0.3 0.7 -0.4
v -1.9 0.7 -1.2
v -1.7 0.7 -1.2
v -1.6 0.7 -1.2
v -1.3 0.7 -1.2
v -1.2 0.7 -1.2
v 1.3 0.7 -1.2
v 1.4 0.7 -1.2
v 1.7 0.7 -1.2
v 1.8 0.7 -1.2
v 1.9 0.7 -1.2
v -1.8 0.7 -1.3
v -1.7 0.7 -1.3
v -1.2 0.7 -1.3
v -0.7 0.7 -1.3
v 0.7 0.7 -1.3
v 1.3 0.7 -1.3
v 1.8 0.7 -1.3
v 1.9 0.7 -1.3
v -0.7 0.7 -1.4
v -0.6 0.7 -1.4
v 0.6 0.7 -1.4
v 0.7 0.7 -1.4
v -1.8 0.7 -1.6
v -1.7 0.7 -1.6
v -1.2 0.7 -1.6
v -0.7 0.7 -1.6
v 0.7 0.7 -1.6
v 1.3 0.7 -1.6
v 1.8 0.7 -1.6
v 1.9 0.7 -1.6
v -1.7 0.7 -1.7
v -1.6 0.7 -1.7
v -1.3 0.7 -1.7
v -1.2 0.7 -1.7
v -0.7 0.7 -1.7
v -0.6 0.7 -1.7
v 0.6 0.7 -1.7
v 0.7 0.7 -1.7
v 1.3 0.7 -1.7
v 1.4 0.7 -1.7
v 1.7 0.7 -1.7
v 1.8 0.7 -1.7
v -1.9 0.7 -1.8
v -1.8 0.7 -1.8
v -1.6 0.7 -1.8
v -1.3 0.7 -1.8
v -0.7 0.7 -1.8
v 0.7 0.7 -1.8
v 1.3 0.7 -1.8
v 1.4 0.7 -1.8
v 1.7 0.7 -1.8
v 1.8 0.7 -1.8
v 1.9 0.7 -1.8
v -1.8 0.7 -1.9
v -1.3 0.7 -1.9
v 1.3 0.7 -1.9
v 1.8 0.7 -1.9
v -0.7 0.7 -2.4
v -0.6 0.7 -2.4
v 0.6 0.7 -2.4
v 0.7 0.7 -2.4
v -0.6 0.7 -2.5
v 0.6 0.7 -2.5
v -0.7 0.8 2.5
v -0.6 0.8 2.5
v 0.6 0.8 2.5
v 0.7 0.8 2.5
v -0.7 0.8 2.4
v -0.6 0.8 2.4
v 0.6 0.8 2.4
v 0.7 0.8 2.4
v -1.6 0.8 0.5
v -1.5 0.8 0.5
v -1.3 0.8 0.5
v -0.9 0.8 0.5
v 0.9 0.8 0.5
v 1.4 0.8 0.5
v -1.6 0.8 0.4
v -1.5 0.8 0.4
v -1.3 0.8 0.4
v -0.9 0.8 0.4
v 0.9 0.8 0.4
v 1.4 0.8 0.4
v -0.3 0.8 -0.3
v -0.0999999 0.8 -0.3
v 0.1 0.8 -0.3
v 0.3 0.8 -0.3
v -0.3 0.8 -0.4
v -0.0999999 0.8 -0.4
v 0.1 0.8 -0.4
v 0.3 0.8 -0.4
v -0.7 0.8 -2.4
v -0.6 0.8 -2.4
v 0.6 0.8 -2.4
v 0.7 0.8 -2.4
v -0.7 0.8 -2.5
v -0.6 0.8 -2.5
v 0.6 0.8 -2.5
v 0.7 0.8 -2.5
v -0.7 0.9 2.4
v -0.6 0.9 2.4
v 0.6 0.9 2.4
v 0.7 0.9 2.4
v -0.7 0.9 2.3
v -0.6 0.9 2.3
v 0.6 0.9 2.3
v 0.7 0.9 2.3
v -1.6 0.9 1.8
v -1.3 0.9 1.8
v 1.4 0.9 1.8
v 1.7 0.9 1.8
v -1.7 0.9 1.7
v -1.6 0.9 1.7
v -1.3 0.9 1.7
v -1.2 0.9 1.7
v 1.3 0.9 1.7
v 1.4 0.9 1.7
v 1.7 0.9 1.7
v 1.8 0.9 1.7
v -1.8 0.9 1.6
v -1.7 0.9 1.6
v -1.6 0.9 1.6
v -1.3 0.9 1.6
v -1.2 0.9 1.6
v 1.3 0.9 1.6
v 1.4 0.9 1.6
v 1.7 0.9 1.6
v 1.8 0.9 1.6
v 1.9 0.9 1.6
v -1.8 0.9 1.3
v -1.7 0.9 1.3
v -1.6 0.9 1.3
v -1.3 0.9 1.3
v -1.2 0.9 1.3
v 1.3 0.9 1.3
v 1.4 0.9 1.3
v 1.7 0.9 1.3
v 1.8 0.9 1.3
v 1.9 0.9 1.3
v -1.7 0.9 1.2
v -1.6 0.9 1.2
v -1.3 0.9 1.2
v -1.2 0.9 1.2
v 1.3 0.9 1.2
v 1.4 0.9 1.2
v 1.7 0.9 1.2
v 1.8 0.9 1.2
v -0.6 0.9 0.9
v -0.5 0.9 0.9
v 0.5 0.9 0.9
v 0.6 0.9 0.9
v -1.3 0.9 0.6
v -0.9 0.9 0.6
v -0.6 0.9 0.6
v -0.5 0.9 0.6
v 0.5 0.9 0.6
v 0.6 0.9 0.6
v 0.9 0.9 0.6
v 1.4 0.9 0.6
v -1.3 0.9 0.5
v -0.9 0.9 0.5
v 0.9 0.9 0.5
v 1.4 0.9 0.5
v -1.7 0.9 -1.2
v -1.6 0.9 -1.2
v -1.3 0.9 -1.2
v -1.2 0.9 -1.2
v 1.3 0.9 -1.2
v 1.4 0.9 -1.2
v 1.7 0.9 -1.2
v 1.8 0.9 -1.2
v -1.8 0.9 -1.3
v -1.7 0.9 -1.3
v -1.6 0.9 -1.3
v -1.3 0.9 -1.3
v -1.2 0.9 -1.3
v 1.3 0.9 -1.3
v 1.4 0.9 -1.3
v 1.7 0.9 -1.3
v 1.8 0.9 -1.3
v 1.9 0.9 -1.3
v -1.8 0.9 -1.6
v -1.7 0.9 -1.6
v -1.6 0.9 -1.6
v -1.3 0.9 -1.6
v -1.2 0.9 -1.6
v 1.3 0.9 -1.6
v 1.4 0.9 -1.6
v 1.7 0.9 -1.6
v 1.8 0.9 -1.6
v 1.9 0.9 -1.6
v -1.7 0.9 -1.7
v -1.6 0.9 -1.7
v -1.3 0.9 -1.7
v -1.2 0.9 -1.7
v 1.3 0.9 -1.7
v 1.4 0.9 -1.7
v 1.7 0.9 -1.7
v 1.8 0.9 -1.7
v -1.6 0.9 -1.8
v -1.3 0.9 -1.8
v 1.4 0.9 -1.8
v 1.7 0.9 -1.8
v -0.7 0.9 -2.3
v -0.6 0.9 -2.3
v 0.6 0.9 -2.3
v 0.7 0.9 -2.3
v -0.7 0.9 -2.4
v -0.6 0.9 -2.4
v 0.6 0.9 -2.4
v 0.7 0.9 -2.4
v -0.7 1 2.3
v -0.6 1 2.3
v 0.6 1 2.3
v 0.7 1 2.3
v -0.7 1 2.2
v -0.6 1 2.2
v 0.6 1 2.2
v 0.7 1 2.2
v -1.6 1 1.7
v -1.3 1 1.7
v 1.4 1 1.7
v 1.7 1 1.7
v -1.7 1 1.6
v -1.6 1 1.6
v -1.3 1 1.6
v 1.4 1 1.6
v 1.7 1 1.6
v 1.8 1 1.6
v -1.7 1 1.3
v -1.6 1 1.3
v 1.7 1 1.3
v 1.8 1 1.3
v -1.3 1 0.7
v -0.9 1 0.7
v 0.9 1 0.7
v 1.4 1 0.7
v -1.3 1 0.6
v -0.9 1 0.6
v 0.9 1 0.6
v 1.4 1 0.6
v -1.7 1 -1.3
v -1.6 1 -1.3
v 1.7 1 -1.3
v 1.8 1 -1.3
v -1.7 1 -1.6
v -1.6 1 -1.6
v -1.3 1 -1.6
v 1.4 1 -1.6
v 1.7 1 -1.6
v 1.8 1 -1.6
v -1.6 1 -1.7
v -1.3 1 -1.7
v 1.4 1 -1.7
v 1.7 1 -1.7
v -0.7 1 -2.2
v -0.6 1 -2.2
v 0.6 1 -2.2
v 0.7 1 -2.2
v -0.7 1 -2.3
v -0.6 1 -2.3
v 0.6 1 -2.3
v 0.7 1 -2.3
v -0.7 1.1 2.2
v -0.6 1.1 2.2
v 0.6 1.1 2.2
v 0.7 1.1 2.2
v -0.7 1.1 2.1
v -0.6 1.1 2.1
v 0.6 1.1 2.1
v 0.7 1.1 2.1
v -1 1.1 1.6
v -0.9 1.1 1.6
v 0.9 1.1 1.6
v 1 1.1 1.6
v -1 1.1 1.3
v -0.9 1.1 1.3
v 0.9 1.1 1.3
v 1 1.1 1.3
v -1.3 1.1 0.8
v -0.9 1.1 0.8
v 0.9 1.1 0.8
v 1.4 1.1 0.8
v -1.3 1.1 0.7
v -0.9 1.1 0.7
v 0.9 1.1 0.7
v 1.4 1.1 0.7
v -1 1.1 -1.3
v -0.9 1.1 -1.3
v 0.9 1.1 -1.3
v 1 1.1 -1.3
v -1 1.1 -1.6
v -0.9 1.1 -1.6
v 0.9 1.1 -1.6
v 1 1.1 -1.6
v -0.7 1.1 -2.1
v -0.6 1.1 -2.1
v 0.6 1.1 -2.1
v 0.7 1.1 -2.1
v -0.7 1.1 -2.2
v -0.6 1.1 -2.2
v 0.6 1.1 -2.2
v 0.7 1.1 -2.2
v -0.7 1.2 2.1
v -0.6 1.2 2.1
v 0.6 1.2 2.1
v 0.7 1.2 2.1
v -0.7 1.2 2
v -0.6 1.2 2
v 0.6 1.2 2
v 0.7 1.2 2
v -1.3 1.2 0.9
v -0.9 1.2 0.9
v 0.9 1.2 0.9
v 1.4 1.2 0.9
v -1.3 1.2 0.8
v -0.9 1.2 0.8
v 0.9 1.2 0.8
v 1.4 1.2 0.8
v -0.7 1.2 -2
v -0.6 1.2 -2
v 0.6 1.2 -2
v 0.7 1.2 -2
v -0.7 1.2 -2.1
v -0.6 1.2 -2.1
v 0.6 1.2 -2.1
v 0.7 1.2 -2.1
v -0.7 1.3 2
v -0.6 1.3 2
v 0.6 1.3 2
v 0.7 1.3 2
v -0.7 1.3 1.9
v -0.6 1.3 1.9
v 0.6 1.3 1.9
v 0.7 1.3 1.9
v -1.3 1.3 1
v -0.9 1.3 1
v 0.9 1.3 1
v 1.4 1.3 1
v -1.3 1.3 0.9
v -0.9 1.3 0.9
v 0.9 1.3 0.9
v 1.4 1.3 0.9
v -0.7 1.3 -1.9
v -0.6 1.3 -1.9
v 0.6 1.3 -1.9
v 0.7 1.3 -1.9
v -0.7 1.3 -2
v -0.6 1.3 -2
v 0.6 1.3 -2
v 0.7 1.3 -2
v -0.7 1.4 1.9
v -0.6 1.4 1.9
v 0.6 1.4 1.9
v 0.7 1.4 1.9
v -0.7 1.4 1.8
v -0.6 1.4 1.8
v 0.6 1.4 1.8
v 0.7 1.4 1.8
v -1.3 1.4 1.1
v -0.9 1.4 1.1
v 0.9 1.4 1.1
v 1.4 1.4 1.1
v -1.3 1.4 1
v -0.9 1.4 1
v 0.9 1.4 1
v 1.4 1.4 1
v -0.7 1.4 -1.8
v -0.6 1.4 -1.8
v 0.6 1.4 -1.8
v 0.7 1.4 -1.8
v -0.7 1.4 -1.9
v -0.6 1.4 -1.9
v 0.6 1.4 -1.9
v 0.7 1.4 -1.9
v -0.7 1.5 1.8
v -0.6 1.5 1.8
v 0.6 1.5 1.8
v 0.7 1.5 1.8
v -0.7 1.5 1.7
v -0.6 1.5 1.7
v 0.6 1.5 1.7
v 0.7 1.5 1.7
v -1.3 1.5 1.2
v -0.9 1.5 1.2
v 0.9 1.5 1.2
v 1.4 1.5 1.2
v -1.3 1.5 1.1
v -0.9 1.5 1.1
v 0.9 1.5 1.1
v 1.4 1.5 1.1
v -0.7 1.5 -1.6
v 0.7 1.5 -1.6
v -0.7 1.5 -1.7
v -0.6 1.5 -1.7
v 0.6 1.5 -1.7
v 0.7 1.5 -1.7
v -0.7 1.5 -1.8
v -0.6 1.5 -1.8
v 0.6 1.5 -1.8
v 0.7 1.5 -1.8
v -1.5 1.6 1.5
v 1.6 1.6 1.5
v -1.4 1.6 1.4
v -1.3 1.6 1.4
v 1.4 1.6 1.4
v 1.5 1.6 1.4
v -1 1.6 1.3
v -0.8 1.6 1.3
v 0.8 1.6 1.3
v 1 1.6 1.3
v 1.3 1.6 1.3
v 1.4 1.6 1.3
v 1.5 1.6 1.3
v -1.4 1.6 1.2
v -1.3 1.6 1.2
v -1 1.6 1.2
v 1 1.6 1.2
v 1.3 1.6 1.2
v 1.4 1.6 1.2
v -0.9 1.6 1.1
v -0.8 1.6 1.1
v 0.8 1.6 1.1
v 0.9 1.6 1.1
v -0.9 1.6 1
v -0.8 1.6 1
v 0.8 1.6 1
v 0.9 1.6 1
v -0.9 1.6 0.9
v -0.8 1.6 0.9
v 0.8 1.6 0.9
v 0.9 1.6 0.9
v -0.9 1.6 0.8
v -0.8 1.6 0.8
v 0.8 1.6 0.8
v 0.9 1.6 0.8
v -0.7 1.6 0.7
v -0.6 1.6 0.7
v -0.5 1.6 0.7
v -0.4 1.6 0.7
v -0.3 1.6 0.7
v -0.2 1.6 0.7
v -0.0999999 1.6 0.7
v 0.1 1.6 0.7
v 0.2 1.6 0.7
v 0.3 1.6 0.7
v 0.4 1.6 0.7
v 0.5 1.6 0.7
v 0.6 1.6 0.7
v 0.7 1.6 0.7
v -0.8 1.6 0.6
v -0.7 1.6 0.6
v -0.6 1.6 0.6
v -0.5 1.6 0.6
v -0.4 1.6 0.6
v -0.3 1.6 0.6
v -0.2 1.6 0.6
v -0.0999999 1.6 0.6
v 0.1 1.6 0.6
v 0.2 1.6 0.6
v 0.3 1.6 0.6
v 0.4 1.6 0.6
v 0.5 1.6 0.6
v 0.6 1.6 0.6
v 0.7 1.6 0.6
v 0.8 1.6 0.6
v -0.4 1.6 -0.1
v -0.3 1.6 -0.1
v 0.3 1.6 -0.1
v 0.4 1.6 -0.1
v -0.4 1.6 -0.3
v -0.3 1.6 -0.3
v 0.3 1.6 -0.3
v 0.4 1.6 -0.3
v -1.4 1.6 -1.3
v -1.3 1.6 -1.3
v 1.4 1.6 -1.3
v 1.5 1.6 -1.3
v -1.4 1.6 -1.4
v -1.3 1.6 -1.4
v 1.4 1.6 -1.4
v 1.5 1.6 -1.4
v -1.5 1.6 -1.5
v 1.6 1.6 -1.5
v -1.2 1.7 1.6
v -1.1 1.7 1.6
v -1 1.7 1.6
v -0.9 1.7 1.6
v -0.8 1.7 1.6
v -0.7 1.7 1.6
v -0.6 1.7 1.6
v -0.5 1.7 1.6
v -0.4 1.7 1.6
v -0.3 1.7 1.6
v -0.2 1.7 1.6
v -0.0999999 1.7 1.6
v 0.1 1.7 1.6
v 0.3 1.7 1.6
v 0.4 1.7 1.6
v 0.5 1.7 1.6
v 0.6 1.7 1.6
v 0.7 1.7 1.6
v 0.8 1.7 1.6
v 0.9 1.7 1.6
v 1 1.7 1.6
v 1.1 1.7 1.6
v 1.2 1.7 1.6
v 1.3 1.7 1.6
v -1.2 1.7 1.5
v -1.1 1.7 1.5
v -1 1.7 1.5
v -0.9 1.7 1.5
v -0.8 1.7 1.5
v -0.7 1.7 1.5
v -0.6 1.7 1.5
v -0.5 1.7 1.5
v -0.4 1.7 1.5
v -0.3 1.7 1.5
v -0.2 1.7 1.5
v -0.0999999 1.7 1.5
v 0.1 1.7 1.5
v 0.3 1.7 1.5
v 0.4 1.7 1.5
v 0.5 1.7 1.5
v 0.6 1.7 1.5
v 0.7 1.7 1.5
v 0.8 1.7 1.5
v 0.9 1.7 1.5
v 1 1.7 1.5
v 1.1 1.7 1.5
v 1.2 1.7 1.5
v 1.3 1.7 1.5
v -1.4 1.7 1.3
v -1.3 1.7 1.3
v -1 1.7 1.3
v -0.8 1.7 1.3
v 0.8 1.7 1.3
v 1 1.7 1.3
v 1.3 1.7 1.3
v 1.4 1.7 1.3
v -1.6 1.7 1.2
v -1.5 1.7 1.2
v -1.4 1.7 1.2
v -1.3 1.7 1.2
v -1 1.7 1.2
v -0.9 1.7 1.2
v 0.9 1.7 1.2
v 1 1.7 1.2
v 1.3 1.7 1.2
v 1.4 1.7 1.2
v 1.6 1.7 1.2
v 1.7 1.7 1.2
v -1.6 1.7 1.1
v -1.5 1.7 1.1
v -0.9 1.7 1.1
v -0.8 1.7 1.1
v 0.8 1.7 1.1
v 0.9 1.7 1.1
v 1.6 1.7 1.1
v 1.7 1.7 1.1
v -1.6 1.7 1
v -1.5 1.7 1
v -0.9 1.7 1
v -0.8 1.7 1
v 0.8 1.7 1
v 0.9 1.7 1
v 1.6 1.7 1
v 1.7 1.7 1
v -1.6 1.7 0.9
v -1.5 1.7 0.9
v -0.9 1.7 0.9
v -0.8 1.7 0.9
v 0.8 1.7 0.9
v 0.9 1.7 0.9
v 1.6 1.7 0.9
v 1.7 1.7 0.9
v -1.6 1.7 0.8
v -1.5 1.7 0.8
v -0.9 1.7 0.8
v -0.8 1.7 0.8
v 0.8 1.7 0.8
v 0.9 1.7 0.8
v 1.6 1.7 0.8
v 1.7 1.7 0.8
v -1.6 1.7 0.7
v -1.5 1.7 0.7
v -0.7 1.7 0.7
v -0.6 1.7 0.7
v -0.5 1.7 0.7
v -0.4 1.7 0.7
v -0.3 1.7 0.7
v -0.2 1.7 0.7
v -0.0999999 1.7 0.7
v 0.1 1.7 0.7
v 0.2 1.7 0.7
v 0.3 1.7 0.7
v 0.4 1.7 0.7
v 0.5 1.7 0.7
v 0.6 1.7 0.7
v 0.7 1.7 0.7
v 1.6 1.7 0.7
v 1.7 1.7 0.7
v -1.6 1.7 0.6
v -1.5 1.7 0.6
v -0.9 1.7 0.6
v -0.8 1.7 0.6
v -0.7 1.7 0.6
v -0.6 1.7 0.6
v -0.5 1.7 0.6
v -0.4 1.7 0.6
v -0.3 1.7 0.6
v -0.2 1.7 0.6
v -0.0999999 1.7 0.6
v 0.1 1.7 0.6
v 0.2 1.7 0.6
v 0.3 1.7 0.6
v 0.4 1.7 0.6
v 0.5 1.7 0.6
v 0.6 1.7 0.6
v 0.7 1.7 0.6
v 0.8 1.7 0.6
v 0.9 1.7 0.6
v 1.6 1.7 0.6
v 1.7 1.7 0.6
v -1.6 1.7 0.5
v -1.5 1.7 0.5
v 1.6 1.7 0.5
v 1.7 1.7 0.5
v -1.6 1.7 0.4
v -1.5 1.7 0.4
v 1.6 1.7 0.4
v 1.7 1.7 0.4
v -1.6 1.7 0.3
v -1.5 1.7 0.3
v 1.6 1.7 0.3
v 1.7 1.7 0.3
v -1.6 1.7 0.2
v -1.5 1.7 0.2
v 1.6 1.7 0.2
v 1.7 1.7 0.2
v -1.6 1.7 0.0999999
v -1.5 1.7 0.0999999
v 1.6 1.7 0.0999999
v 1.7 1.7 0.0999999
v -1.6 1.7 -0.1
v -1.5 1.7 -0.1
v 1.6 1.7 -0.1
v 1.7 1.7 -0.1
v -1.6 1.7 -0.2
v -1.5 1.7 -0.2
v 1.6 1.7 -0.2
v 1.7 1.7 -0.2
v -1.6 1.7 -0.3
v -1.5 1.7 -0.3
v 1.6 1.7 -0.3
v 1.7 1.7 -0.3
v -1.6 1.7 -0.4
v -1.5 1.7 -0.4
v 1.6 1.7 -0.4
v 1.7 1.7 -0.4
v -1.6 1.7 -0.5
v -1.5 1.7 -0.5
v 1.6 1.7 -0.5
v 1.7 1.7 -0.5
v -1.6 1.7 -0.6
v -1.5 1.7 -0.6
v 1.6 1.7 -0.6
v 1.7 1.7 -0.6
v -1.6 1.7 -0.7
v -1.5 1.7 -0.7
v 1.6 1.7 -0.7
v 1.7 1.7 -0.7
v -1.6 1.7 -0.8
v -1.5 1.7 -0.8
v 1.6 1.7 -0.8
v 1.7 1.7 -0.8
v -1.6 1.7 -0.9
v -1.5 1.7 -0.9
v 1.6 1.7 -0.9
v 1.7 1.7 -0.9
v -1.6 1.7 -1
v -1.5 1.7 -1
v 1.6 1.7 -1
v 1.7 1.7 -1
v -1.6 1.7 -1.1
v -1.5 1.7 -1.1
v 1.6 1.7 -1.1
v 1.7 1.7 -1.1
v -1.6 1.7 -1.2
v -1.5 1.7 -1.2
v 1.6 1.7 -1.2
v 1.7 1.7 -1.2
v -1.2 1.7 -1.5
v -1.1 1.7 -1.5
v -1 1.7 -1.5
v -0.9 1.7 -1.5
v -0.8 1.7 -1.5
v -0.7 1.7 -1.5
v -0.6 1.7 -1.5
v -0.5 1.7 -1.5
v -0.4 1.7 -1.5
v -0.3 1.7 -1.5
v -0.2 1.7 -1.5
v -0.0999999 1.7 -1.5
v 0.1 1.7 -1.5
v 0.3 1.7 -1.5
v 0.4 1.7 -1.5
v 0.5 1.7 -1.5
v 0.6 1.7 -1.5
v 0.7 1.7 -1.5
v 0.8 1.7 -1.5
v 0.9 1.7 -1.5
v 1 1.7 -1.5
v 1.1 1.7 -1.5
v 1.2 1.7 -1.5
v 1.3 1.7 -1.5
v -1.2 1.7 -1.6
v -1.1 1.7 -1.6
v -1 1.7 -1.6
v -0.9 1.7 -1.6
v -0.8 1.7 -1.6
v -0.7 1.7 -1.6
v -0.6 1.7 -1.6
v -0.5 1.7 -1.6
v -0.4 1.7 -1.6
v -0.3 1.7 -1.6
v -0.2 1.7 -1.6
v -0.0999999 1.7 -1.6
v 0.1 1.7 -1.6
v 0.3 1.7 -1.6
v 0.4 1.7 -1.6
v 0.5 1.7 -1.6
v 0.6 1.7 -1.6
v 0.7 1.7 -1.6
v 0.8 1.7 -1.6
v 0.9 1.7 -1.6
v 1 1.7 -1.6
v 1.1 1.7 -1.6
v 1.2 1.7 -1.6
v 1.3 1.7 -1.6
v -1.3 1.8 1.6
v -1.2 1.8 1.6
v -1.1 1.8 1.6
v -1 1.8 1.6
v -0.9 1.8 1.6
v -0.8 1.8 1.6
v -0.7 1.8 1.6
v -0.6 1.8 1.6
v -0.5 1.8 1.6
v -0.4 1.8 1.6
v -0.3 1.8 1.6
v -0.2 1.8 1.6
v -0.0999999 1.8 1.6
v 0.1 1.8 1.6
v 0.3 1.8 1.6
v 0.4 1.8 1.6
v 0.5 1.8 1.6
v 0.6 1.8 1.6
v 0.7 1.8 1.6
v 0.8 1.8 1.6
v 0.9 1.8 1.6
v 1 1.8 1.6
v 1.1 1.8 1.6
v 1.2 1.8 1.6
v 1.3 1.8 1.6
v 1.4 1.8 1.6
v -1.3 1.8 1.5
v -1.2 1.8 1.5
v -1.1 1.8 1.5
v -1 1.8 1.5
v -0.9 1.8 1.5
v -0.8 1.8 1.5
v -0.7 1.8 1.5
v -0.6 1.8 1.5
v -0.5 1.8 1.5
v -0.4 1.8 1.5
v -0.3 1.8 1.5
v -0.2 1.8 1.5
v -0.0999999 1.8 1.5
v 0.1 1.8 1.5
v 0.3 1.8 1.5
v 0.4 1.8 1.5
v 0.5 1.8 1.5
v 0.6 1.8 1.5
v 0.7 1.8 1.5
v 0.8 1.8 1.5
v 0.9 1.8 1.5
v 1 1.8 1.5
v 1.1 1.8 1.5
v 1.2 1.8 1.5
v 1.3 1.8 1.5
v 1.4 1.8 1.5
v -1.6 1.8 1.3
v -1.5 1.8 1.3
v 1.6 1.8 1.3
v 1.7 1.8 1.3
v -1.6 1.8 1.2
v -1.5 1.8 1.2
v 1.6 1.8 1.2
v 1.7 1.8 1.2
v -1.6 1.8 1.1
v -1.5 1.8 1.1
v 1.6 1.8 1.1
v 1.7 1.8 1.1
v -1.6 1.8 1
v -1.5 1.8 1
v 1.6 1.8 1
v 1.7 1.8 1
v -1.6 1.8 0.9
v -1.5 1.8 0.9
v 1.6 1.8 0.9
v 1.7 1.8 0.9
v -1.6 1.8 0.8
v -1.5 1.8 0.8
v 1.6 1.8 0.8
v 1.7 1.8 0.8
v -1.6 1.8 0.7
v -1.5 1.8 0.7
v 1.6 1.8 0.7
v 1.7 1.8 0.7
v -1.6 1.8 0.6
v -1.5 1.8 0.6
v 1.6 1.8 0.6
v 1.7 1.8 0.6
v -1.6 1.8 0.5
v -1.5 1.8 0.5
v 1.6 1.8 0.5
v 1.7 1.8 0.5
v -1.6 1.8 0.4
v -1.5 1.8 0.4
v 1.6 1.8 0.4
v 1.7 1.8 0.4
v -1.6 1.8 0.3
v -1.5 1.8 0.3
v 1.6 1.8 0.3
v 1.7 1.8 0.3
v -1.6 1.8 0.2
v -1.5 1.8 0.2
v 1.6 1.8 0.2
v 1.7 1.8 0.2
v -1.6 1.8 0.0999999
v -1.5 1.8 0.0999999
v 1.6 1.8 0.0999999
v 1.7 1.8 0.0999999
v -1.6 1.8 -0.1
v -1.5 1.8 -0.1
v 1.6 1.8 -0.1
v 1.7 1.8 -0.1
v -1.6 1.8 -0.2
v -1.5 1.8 -0.2
v 1.6 1.8 -0.2
v 1.7 1.8 -0.2
v -1.6 1.8 -0.3
v -1.5 1.8 -0.3
v 1.6 1.8 -0.3
v 1.7 1.8 -0.3
v -1.6 1.8 -0.4
v -1.5 1.8 -0.4
v 1.6 1.8 -0.4
v 1.7 1.8 -0.4
v -1.6 1.8 -0.5
v -1.5 1.8 -0.5
v 1.6 1.8 -0.5
v 1.7 1.8 -0.5
v -1.6 1.8 -0.6
v -1.5 1.8 -0.6
v 1.6 1.8 -0.6
v 1.7 1.8 -0.6
v -1.6 1.8 -0.7
v -1.5 1.8 -0.7
v 1.6 1.8 -0.7
v 1.7 1.8 -0.7
v -1.6 1.8 -0.8
v -1.5 1.8 -0.8
v 1.6 1.8 -0.8
v 1.7 1.8 -0.8
v -1.6 1.8 -0.9
v -1.5 1.8 -0.9
v 1.6 1.8 -0.9
v 1.7 1.8 -0.9
v -1.6 1.8 -1
v -1.5 1.8 -1
v 1.6 1.8 -1
v 1.7 1.8 -1
v -1.6 1.8 -1.1
v -1.5 1.8 -1.1
v 1.6 1.8 -1.1
v 1.7 1.8 -1.1
v -1.6 1.8 -1.2
v -1.5 1.8 -1.2
v 1.6 1.8 -1.2
v 1.7 1.8 -1.2
v -1.6 1.8 -1.3
v -1.5 1.8 -1.3
v 1.6 1.8 -1.3
v 1.7 1.8 -1.3
v -1.3 1.8 -1.5
v -1.2 1.8 -1.5
v -1.1 1.8 -1.5
v -1 1.8 -1.5
v -0.9 1.8 -1.5
v -0.8 1.8 -1.5
v -0.7 1.8 -1.5
v -0.6 1.8 -1.5
v -0.5 1.8 -1.5
v -0.4 1.8 -1.5
v -0.3 1.8 -1.5
v -0.2 1.8 -1.5
v -0.0999999 1.8 -1.5
v 0.1 1.8 -1.5
v 0.3 1.8 -1.5
v 0.4 1.8 -1.5
v 0.5 1.8 -1.5
v 0.6 1.8 -1.5
v 0.7 1.8 -1.5
v 0.8 1.8 -1.5
v 0.9 1.8 -1.5
v 1 1.8 -1.5
v 1.1 1.8 -1.5
v 1.2 1.8 -1.5
v 1.3 1.8 -1.5
v 1.4 1.8 -1.5
v -1.3 1.8 -1.6
v -1.2 1.8 -1.6
v -1.1 1.8 -1.6
v -1 1.8 -1.6
v -0.9 1.8 -1.6
v -0.8 1.8 -1.6
v -0.7 1.8 -1.6
v -0.6 1.8 -1.6
v -0.5 1.8 -1.6
v -0.4 1.8 -1.6
v -0.3 1.8 -1.6
v -0.2 1.8 -1.6
v -0.0999999 1.8 -1.6
v 0.1 1.8 -1.6
v 0.3 1.8 -1.6
v 0.4 1.8 -1.6
v 0.5 1.8 -1.6
v 0.6 1.8 -1.6
v 0.7 1.8 -1.6
v 0.8 1.8 -1.6
v 0.9 1.8 -1.6
v 1 1.8 -1.6
v 1.1 1.8 -1.6
v 1.2 1.8 -1.6
v 1.3 1.8 -1.6
v 1.4 1.8 -1.6
v -0.4 2 -2.38419e-07
v 0.4 2 -2.38419e-07
v -0.3 2 -0.1
v 0.3 2 -0.1
v -0.3 2 -0.3
v 0.3 2 -0.3
v -0.4 2 -0.4
v 0.4 2 -0.4
v -0.3 2.1 -0.1
v -0.2 2.1 -0.1
v 0.2 2.1 -0.1
v 0.3 2.1 -0.1
v -0.3 2.1 -0.3
v -0.2 2.1 -0.3
v 0.2 2.1 -0.3
v 0.3 2.1 -0.3
v -0.2 2.2 -0.1
v 0.2 2.2 -0.1
v -0.2 2.2 -0.2
v -0.0999999 2.2 -0.2
v 0.1 2.2 -0.2
v 0.2 2.2 -0.2
v -0.0999999 2.2 -0.3
v 0.1 2.2 -0.3
v -1.6 2.3 1.6
v -1.3 2.3 1.6
v 1.4 2.3 1.6
v 1.7 2.3 1.6
v -1.6 2.3 1.3
v -1.3 2.3 1.3
v 1.4 2.3 1.3
v 1.7 2.3 1.3
v -0.2 2.3 -0.2
v -0.0999999 2.3 -0.2
v 0.1 2.3 -0.2
v 0.2 2.3 -0.2
v -0.2 2.3 -0.3
v -0.0999999 2.3 -0.3
v 0.1 2.3 -0.3
v 0.2 2.3 -0.3
v -1.6 2.3 -1.3
v -1.3 2.3 -1.3
v 1.4 2.3 -1.3
v 1.7 2.3 -1.3
v -1.6 2.3 -1.6
v -1.3 2.3 -1.6
v 1.4 2.3 -1.6
v 1.7 2.3 -1.6
v -1.5 2.4 1.7
v -1.4 2.4 1.7
v 1.5 2.4 1.7
v 1.6 2.4 1.7
v -1.5 2.4 1.6
v -1.4 2.4 1.6
v 1.5 2.4 1.6
v 1.6 2.4 1.6
v -1.7 2.4 1.5
v -1.6 2.4 1.5
v -1.3 2.4 1.5
v -1.2 2.4 1.5
v 1.3 2.4 1.5
v 1.4 2.4 1.5
v 1.7 2.4 1.5
v 1.8 2.4 1.5
v -1.7 2.4 1.4
v -1.6 2.4 1.4
v -1.3 2.4 1.4
v -1.2 2.4 1.4
v 1.3 2.4 1.4
v 1.4 2.4 1.4
v 1.7 2.4 1.4
v 1.8 2.4 1.4
v -1.5 2.4 1.3
v -1.4 2.4 1.3
v 1.5 2.4 1.3
v 1.6 2.4 1.3
v -1.5 2.4 1.2
v -1.4 2.4 1.2
v 1.5 2.4 1.2
v 1.6 2.4 1.2
v -1.5 2.4 -1.2
v -1.4 2.4 -1.2
v 1.5 2.4 -1.2
v 1.6 2.4 -1.2
v -1.5 2.4 -1.3
v -1.4 2.4 -1.3
v 1.5 2.4 -1.3
v 1.6 2.4 -1.3
v -1.7 2.4 -1.4
v -1.6 2.4 -1.4
v -1.3 2.4 -1.4
v -1.2 2.4 -1.4
v 1.3 2.4 -1.4
v 1.4 2.4 -1.4
v 1.7 2.4 -1.4
v 1.8 2.4 -1.4
v -1.7 2.4 -1.5
v -1.6 2.4 -1.5
v -1.3 2.4 -1.5
v -1.2 2.4 -1.5
v 1.3 2.4 -1.5
v 1.4 2.4 -1.5
v 1.7 2.4 -1.5
v 1.8 2.4 -1.5
v -1.5 2.4 -1.6
v -1.4 2.4 -1.6
v 1.5 2.4 -1.6
v 1.6 2.4 -1.6
v -1.5 2.4 -1.7
v -1.4 2.4 -1.7
v 1.5 2.4 -1.7
v 1.6 2.4 -1.7
v -1.6 2.5 1.7
v -1.5 2.5 1.7
v -1.4 2.5 1.7
v -1.3 2.5 1.7
v 1.4 2.5 1.7
v 1.5 2.5 1.7
v 1.6 2.5 1.7
v 1.7 2.5 1.7
v -1.7 2.5 1.6
v -1.6 2.5 1.6
v -1.5 2.5 1.6
v -1.4 2.5 1.6
v -1.3 2.5 1.6
v -1.2 2.5 1.6
v 1.3 2.5 1.6
v 1.4 2.5 1.6
v 1.5 2.5 1.6
v 1.6 2.5 1.6
v 1.7 2.5 1.6
v 1.8 2.5 1.6
v -1.7 2.5 1.5
v -1.6 2.5 1.5
v -1.3 2.5 1.5
v -1.2 2.5 1.5
v 1.3 2.5 1.5
v 1.4 2.5 1.5
v 1.7 2.5 1.5
v 1.8 2.5 1.5
v -1.7 2.5 1.4
v -1.6 2.5 1.4
v -1.3 2.5 1.4
v -1.2 2.5 1.4
v 1.3 2.5 1.4
v 1.4 2.5 1.4
v 1.7 2.5 1.4
v 1.8 2.5 1.4
v -1.7 2.5 1.3
v -1.6 2.5 1.3
v -1.5 2.5 1.3
v -1.4 2.5 1.3
v -1.3 2.5 1.3
v -1.2 2.5 1.3
v 1.3 2.5 1.3
v 1.4 2.5 1.3
v 1.5 2.5 1.3
v 1.6 2.5 1.3
v 1.7 2.5 1.3
v 1.8 2.5 1.3
v -1.6 2.5 1.2
v -1.5 2.5 1.2
v -1.4 2.5 1.2
v -1.3 2.5 1.2
v 1.4 2.5 1.2
v 1.5 2.5 1.2
v 1.6 2.5 1.2
v 1.7 2.5 1.2
v -1.6 2.5 -1.2
v -1.5 2.5 -1.2
v -1.4 2.5 -1.2
v -1.3 2.5 -1.2
v 1.4 2.5 -1.2
v 1.5 2.5 -1.2
v 1.6 2.5 -1.2
v 1.7 2.5 -1.2
v -1.7 2.5 -1.3
v -1.6 2.5 -1.3
v -1.5 2.5 -1.3
v -1.4 2.5 -1.3
v -1.3 2.5 -1.3
v -1.2 2.5 -1.3
v 1.3 2.5 -1.3
v 1.4 2.5 -1.3
v 1.5 2.5 -1.3
v 1.6 2.5 -1.3
v 1.7 2.5 -1.3
v 1.8 2.5 -1.3
v -1.7 2.5 -1.4
v -1.6 2.5 -1.4
v -1.3 2.5 -1.4
v -1.2 2.5 -1.4
v 1.3 2.5 -1.4
v 1.4 2.5 -1.4
v 1.7 2.5 -1.4
v 1.8 2.5 -1.4
v -1.7 2.5 -1.5
v -1.6 2.5 -1.5
v -1.3 2.5 -1.5
v -1.2 2.5 -1.5
v 1.3 2.5 -1.5
v 1.4 2.5 -1.5
v 1.7 2.5 -1.5
v 1.8 2.5 -1.5
v -1.7 2.5 -1.6
v -1.6 2.5 -1.6
v -1.5 2.5 -1.6
v -1.4 2.5 -1.6
v -1.3 2.5 -1.6
v -1.2 2.5 -1.6
v 1.3 2.5 -1.6
v 1.4 2.5 -1.6
v 1.5 2.5 -1.6
v 1.6 2.5 -1.6
v 1.7 2.5 -1.6
v 1.8 2.5 -1.6
v -1.6 2.5 -1.7
v -1.5 2.5 -1.7
v -1.4 2.5 -1.7
v -1.3 2.5 -1.7
v 1.4 2.5 -1.7
v 1.5 2.5 -1.7
v 1.6 2.5 -1.7
v 1.7 2.5 -1.7

# faces
f 5/8/1 2/8/1 1/8/1
f 6/5/1 3/5/1 2/5/1
f 6/8/1 2/8/1 5/8/1
f 7/8/1 4/8/1 3/8/1
f 7/5/1 3/5/1 6/5/1
f 8/8/1 4/8/1 7/8/1
f 13/9/1 10/9/1 9/9/1
f 14/9/1 10/9/1 13/9/1
f 15/9/1 12/9/1 11/9/1
f 16/9/1 12/9/1 15/9/1
f 21/9/1 18/9/1 17/9/1
f 22/9/1 18/9/1 21/9/1
f 27/9/1 20/9/1 19/9/1
f 28/9/1 20/9/1 27/9/1
f 29/10/1 24/10/1 23/10/1
f 30/10/1 24/10/1 29/10/1
f 31/10/1 26/10/1 25/10/1
f 32/10/1 26/10/1 31/10/1
f 38/9/1 34/9/1 33/9/1
f 39/9/1 34/9/1 38/9/1
f 43/10/1 36/10/1 35/10/1
f 44/10/1 36/10/1 43/10/1
f 45/10/1 38/10/1 37/10/1
f 46/10/1 38/10/1 45/10/1
f 47/10/1 40/10/1 39/10/1
f 48/10/1 40/10/1 47/10/1
f 49/10/1 42/10/1 41/10/1
f 50/10/1 42/10/1 49/10/1
f 51/10/1 45/10/1 44/10/1
f 52/10/1 45/10/1 51/10/1
f 53/10/1 49/10/1 48/10/1
f 54/10/1 49/10/1 53/10/1
f 59/10/1 56/10/1 55/10/1
f 60/10/1 56/10/1 59/10/1
f 61/10/1 58/10/1 57/10/1
f 62/10/1 58/10/1 61/10/1
f 63/10/1 59/10/1 55/10/1
f 64/10/1 59/10/1 63/10/1
f 65/10/1 56/10/1 60/10/1
f 66/10/1 56/10/1 65/10/1
f 67/10/1 61/10/1 57/10/1
f 68/10/1 61/10/1 67/10/1
f 69/10/1 58/10/1 62/10/1
f 70/10/1 58/10/1 69/10/1
f 77/10/1 74/10/1 73/10/1
f 78/10/1 74/10/1 77/10/1
f 79/10/1 72/10/1 71/10/1
f 80/10/1 72/10/1 79/10/1
f 83/10/1 77/10/1 73/10/1
f 84/10/1 77/10/1 83/10/1
f 85/10/1 74/10/1 78/10/1
f 86/10/1 74/10/1 85/10/1
f 89/10/1 76/10/1 75/10/1
f 90/10/1 76/10/1 89/10/1
f 91/10/1 81/10/1 80/10/1
f 92/10/1 81/10/1 91/10/1
f 93/10/1 84/10/1 83/10/1
f 93/10/1 87/10/1 86/10/1
f 93/10/1 83/10/1 82/10/1
f 93/10/1 85/10/1 84/10/1
f 93/10/1 86/10/1 85/10/1
f 94/10/1 87/10/1 93/10/1
f 95/10/1 89/10/1 88/10/1
f 96/10/1 89/10/1 95/10/1
f 97/10/1 94/10/1 93/10/1
f 97/10/1 95/10/1 94/10/1
f 97/10/1 93/10/1 92/10/1
f 98/10/1 95/10/1 97/10/1
f 99/10/1 95/10/1 98/10/1
f 100/10/1 95/10/1 99/10/1
f 101/10/1 95/10/1 100/10/1
f 102/10/1 95/10/1 101/10/1
f 103/10/1 95/10/1 102/10/1
f 104/10/1 95/10/1 103/10/1
f 105/10/1 95/10/1 104/10/1
f 106/10/1 95/10/1 105/10/1
f 107/10/1 95/10/1 106/10/1
f 108/10/1 95/10/1 107/10/1
f 109/10/1 95/10/1 108/10/1
f 110/10/1 95/10/1 109/10/1
f 111/10/1 95/10/1 110/10/1
f 112/10/1 95/10/1 111/10/1
f 113/10/1 95/10/1 112/10/1
f 114/10/1 95/10/1 113/10/1
f 115/10/1 95/10/1 114/10/1
f 116/10/1 95/10/1 115/10/1
f 117/10/1 95/10/1 116/10/1
f 118/10/1 95/10/1 117/10/1
f 119/10/1 95/10/1 118/10/1
f 120/10/1 95/10/1 119/10/1
f 121/10/1 97/10/1 92/10/1
f 122/10/1 97/10/1 121/10/1
f 123/10/1 99/10/1 98/10/1
f 124/10/1 99/10/1 123/10/1
f 125/10/1 101/10/1 100/10/1
f 126/10/1 101/10/1 125/10/1
f 127/10/1 103/10/1 102/10/1
f 128/10/1 103/10/1 127/10/1
f 129/10/1 105/10/1 104/10/1
f 130/10/1 105/10/1 129/10/1
f 131/10/1 107/10/1 106/10/1
f 132/10/1 107/10/1 131/10/1
f 133/10/1 109/10/1 108/10/1
f 134/10/1 109/10/1 133/10/1
f 135/10/1 111/10/1 110/10/1
f 136/10/1 111/10/1 135/10/1
f 137/10/1 113/10/1 112/10/1
f 138/10/1 113/10/1 137/10/1
f 139/10/1 115/10/1 114/10/1
f 140/10/1 115/10/1 139/10/1
f 141/10/1 117/10/1 116/10/1
f 142/10/1 117/10/1 141/10/1
f 143/10/1 119/10/1 118/10/1
f 144/10/1 119/10/1 143/10/1
f 145/10/1 95/10/1 120/10/1
f 146/10/1 95/10/1 145/10/1
f 148/10/1 121/10/1 92/10/1
f 149/10/1 121/10/1 148/10/1
f 152/10/1 95/10/1 146/10/1
f 153/10/1 95/10/1 152/10/1
f 155/10/1 148/10/1 147/10/1
f 156/10/1 148/10/1 155/10/1
f 157/10/1 150/10/1 149/10/1
f 158/10/1 150/10/1 157/10/1
f 159/10/1 152/10/1 151/10/1
f 160/10/1 152/10/1 159/10/1
f 161/10/1 154/10/1 153/10/1
f 162/10/1 154/10/1 161/10/1
f 165/10/1 164/10/1 163/10/1
f 166/10/1 164/10/1 165/10/1
f 171/10/1 168/10/1 167/10/1
f 172/10/1 168/10/1 171/10/1
f 173/10/1 171/10/1 167/10/1
f 174/10/1 171/10/1 173/10/1
f 175/10/1 170/10/1 169/10/1
f 176/10/1 170/10/1 175/10/1
f 185/10/1 178/10/1 177/10/1
f 186/10/1 178/10/1 185/10/1
f 187/10/1 180/10/1 179/10/1
f 188/10/1 180/10/1 187/10/1
f 189/10/1 182/10/1 181/10/1
f 190/10/1 182/10/1 189/10/1
f 191/10/1 184/10/1 183/10/1
f 192/10/1 184/10/1 191/10/1
f 197/10/1 194/10/1 193/10/1
f 198/10/1 194/10/1 197/10/1
f 199/10/1 196/10/1 195/10/1
f 200/10/1 196/10/1 199/10/1
f 201/10/1 197/10/1 193/10/1
f 202/10/1 197/10/1 201/10/1
f 203/10/1 194/10/1 198/10/1
f 204/10/1 194/10/1 203/10/1
f 205/10/1 199/10/1 195/10/1
f 206/10/1 199/10/1 205/10/1
f 207/10/1 196/10/1 200/10/1
f 208/10/1 196/10/1 207/10/1
f 213/10/1 210/10/1 209/10/1
f 214/10/1 210/10/1 213/10/1
f 215/10/1 212/10/1 211/10/1
f 216/10/1 212/10/1 215/10/1
f 219/10/1 218/10/1 217/10/1
f 220/10/1 218/10/1 219/10/1
f 223/10/1 222/10/1 221/10/1
f 224/10/1 222/10/1 223/10/1
f 225/10/1 223/10/1 221/10/1
f 226/10/1 223/10/1 225/10/1
f 227/10/1 225/10/1 221/10/1
f 228/10/1 225/10/1 227/10/1
f 232/10/1 227/10/1 221/10/1
f 233/10/1 227/10/1 232/10/1
f 234/10/1 227/10/1 233/10/1
f 236/10/1 230/10/1 229/10/1
f 239/10/1 232/10/1 231/10/1
f 239/10/1 233/10/1 232/10/1
f 240/10/1 233/10/1 239/10/1
f 242/10/1 236/10/1 235/10/1
f 243/10/1 239/10/1 231/10/1
f 244/10/1 239/10/1 243/10/1
f 246/10/1 242/10/1 241/10/1
f 248/10/1 246/10/1 245/10/1
f 249/10/1 243/10/1 231/10/1
f 250/10/1 243/10/1 249/10/1
f 251/10/1 248/10/1 247/10/1
f 252/10/1 238/10/1 237/10/1
f 253/10/1 238/10/1 252/10/1
f 254/10/1 251/10/1 250/10/1
f 254/10/1 248/10/1 251/10/1
f 255/10/1 246/10/1 248/10/1
f 255/10/1 248/10/1 254/10/1
f 256/10/1 242/10/1 246/10/1
f 256/10/1 246/10/1 255/10/1
f 257/10/1 236/10/1 242/10/1
f 257/10/1 242/10/1 256/10/1
f 260/10/1 254/10/1 250/10/1
f 261/10/1 254/10/1 260/10/1
f 262/10/1 256/10/1 255/10/1
f 263/10/1 256/10/1 262/10/1
f 264/10/1 236/10/1 257/10/1
f 265/10/1 230/10/1 236/10/1
f 265/10/1 236/10/1 264/10/1
f 268/10/1 259/10/1 258/10/1
f 269/10/1 259/10/1 268/10/1
f 270/10/1 267/10/1 266/10/1
f 271/10/1 267/10/1 270/10/1
f 278/4/1 273/4/1 272/4/1
f 278/4/1 274/4/1 273/4/1
f 279/4/1 274/4/1 278/4/1
f 282/4/1 277/4/1 276/4/1
f 282/4/1 276/4/1 275/4/1
f 283/4/1 277/4/1 282/4/1
f 284/4/1 278/4/1 272/4/1
f 285/4/1 278/4/1 284/4/1
f 288/4/1 277/4/1 283/4/1
f 289/4/1 277/4/1 288/4/1
f 290/4/1 286/4/1 285/4/1
f 291/4/1 286/4/1 290/4/1
f 294/4/1 288/4/1 287/4/1
f 295/4/1 288/4/1 294/4/1
f 296/4/1 292/4/1 291/4/1
f 297/4/1 292/4/1 296/4/1
f 300/4/1 294/4/1 293/4/1
f 301/4/1 294/4/1 300/4/1
f 302/4/1 298/4/1 297/4/1
f 303/4/1 298/4/1 302/4/1
f 306/4/1 300/4/1 299/4/1
f 307/4/1 300/4/1 306/4/1
f 308/4/1 304/4/1 303/4/1
f 309/4/1 304/4/1 308/4/1
f 312/4/1 306/4/1 305/4/1
f 313/4/1 306/4/1 312/4/1
f 314/4/1 310/4/1 309/4/1
f 315/4/1 310/4/1 314/4/1
f 318/4/1 312/4/1 311/4/1
f 319/4/1 312/4/1 318/4/1
f 320/4/1 316/4/1 315/4/1
f 321/4/1 316/4/1 320/4/1
f 323/10/1 281/10/1 280/10/1
f 324/4/1 318/4/1 317/4/1
f 325/4/1 318/4/1 324/4/1
f 326/4/1 322/4/1 321/4/1
f 327/4/1 322/4/1 326/4/1
f 328/10/1 323/10/1 280/10/1
f 329/4/1 324/4/1 323/4/1
f 329/10/1 323/10/1 328/10/1
f 330/4/1 324/4/1 329/4/1
f 335/10/1 332/10/1 331/10/1
f 336/10/1 332/10/1 335/10/1
f 339/10/1 334/10/1 333/10/1
f 340/10/1 334/10/1 339/10/1
f 341/10/1 338/10/1 337/10/1
f 342/10/1 338/10/1 341/10/1
f 345/10/1 344/10/1 343/10/1
f 346/10/1 344/10/1 345/10/1
f 351/10/1 348/10/1 347/10/1
f 352/10/1 348/10/1 351/10/1
f 355/10/1 350/10/1 349/10/1
f 356/10/1 350/10/1 355/10/1
f 357/10/1 354/10/1 353/10/1
f 358/10/1 354/10/1 357/10/1
f 361/1/1 360/1/1 359/1/1
f 362/1/1 360/1/1 361/1/1
f 363/3/1 362/3/1 361/3/1
f 364/3/1 362/3/1 363/3/1
f 367/4/1 366/4/1 365/4/1
f 368/4/1 366/4/1 367/4/1
f 371/11/1 370/11/1 369/11/1
f 372/11/1 370/11/1 371/11/1
f 373/11/1 370/11/1 372/11/1
f 374/6/1 372/6/1 371/6/1
f 375/6/1 372/6/1 374/6/1
f 382/10/1 377/10/1 376/10/1
f 383/10/1 377/10/1 382/10/1
f 384/1/1 379/1/1 378/1/1
f 385/1/1 379/1/1 384/1/1
f 388/10/1 381/10/1 380/10/1
f 389/10/1 381/10/1 388/10/1
f 390/10/1 387/10/1 386/10/1
f 391/10/1 387/10/1 390/10/1
f 394/4/1 393/4/1 392/4/1
f 395/4/1 393/4/1 394/4/1
f 398/2/1 397/2/1 396/2/1
f 399/2/1 397/2/1 398/2/1
f 400/2/1 397/2/1 399/2/1
f 401/2/1 397/2/1 400/2/1
f 406/10/1 403/10/1 402/10/1
f 407/10/1 403/10/1 406/10/1
f 410/10/1 405/10/1 404/10/1
f 411/10/1 405/10/1 410/10/1
f 412/10/1 409/10/1 408/10/1
f 413/10/1 409/10/1 412/10/1
f 416/4/1 415/4/1 414/4/1
f 417/4/1 415/4/1 416/4/1
f 420/11/1 419/11/1 418/11/1
f 421/11/1 419/11/1 420/11/1
f 422/11/1 419/11/1 421/11/1
f 423/6/1 421/6/1 420/6/1
f 424/6/1 421/6/1 423/6/1
f 427/2/1 426/2/1 425/2/1
f 428/2/1 426/2/1 427/2/1
f 431/10/1 430/10/1 429/10/1
f 432/10/1 430/10/1 431/10/1
f 435/10/1 434/10/1 433/10/1
f 436/10/1 434/10/1 435/10/1
f 439/10/1 438/10/1 437/10/1
f 440/10/1 438/10/1 439/10/1
f 447/10/1 442/10/1 441/10/1
f 448/10/1 442/10/1 447/10/1
f 449/10/1 446/10/1 445/10/1
f 450/10/1 446/10/1 449/10/1
f 451/4/1 444/4/1 443/4/1
f 452/4/1 444/4/1 451/4/1
f 455/10/1 454/10/1 453/10/1
f 456/10/1 454/10/1 455/10/1
f 461/10/1 458/10/1 457/10/1
f 462/10/1 458/10/1 461/10/1
f 463/10/1 460/10/1 459/10/1
f 464/10/1 460/10/1 463/10/1
f 471/4/1 466/4/1 465/4/1
f 472/4/1 466/4/1 471/4/1
f 475/4/1 470/4/1 469/4/1
f 476/4/1 470/4/1 475/4/1
f 477/4/1 473/4/1 472/4/1
f 478/4/1 473/4/1 477/4/1
f 483/4/1 475/4/1 474/4/1
f 484/4/1 475/4/1 483/4/1
f 485/4/1 479/4/1 478/4/1
f 486/4/1 479/4/1 485/4/1
f 489/4/1 483/4/1 482/4/1
f 490/4/1 483/4/1 489/4/1
f 491/4/1 487/4/1 486/4/1
f 492/4/1 487/4/1 491/4/1
f 495/4/1 489/4/1 488/4/1
f 496/4/1 489/4/1 495/4/1
f 497/4/1 493/4/1 492/4/1
f 498/4/1 493/4/1 497/4/1
f 501/4/1 495/4/1 494/4/1
f 502/4/1 495/4/1 501/4/1
f 503/4/1 499/4/1 498/4/1
f 504/4/1 499/4/1 503/4/1
f 506/10/1 481/10/1 480/10/1
f 507/10/1 481/10/1 506/10/1
f 509/4/1 501/4/1 500/4/1
f 510/4/1 501/4/1 509/4/1
f 511/4/1 505/4/1 504/4/1
f 512/4/1 505/4/1 511/4/1
f 514/10/1 468/10/1 467/10/1
f 515/10/1 468/10/1 514/10/1
f 516/4/1 509/4/1 508/4/1
f 517/4/1 509/4/1 516/4/1
f 518/4/1 513/4/1 512/4/1
f 519/4/1 513/4/1 518/4/1
f 520/4/1 516/4/1 515/4/1
f 521/4/1 516/4/1 520/4/1
f 524/10/1 523/10/1 522/10/1
f 525/10/1 523/10/1 524/10/1
f 528/10/1 527/10/1 526/10/1
f 529/10/1 527/10/1 528/10/1
f 534/10/1 531/10/1 530/10/1
f 535/10/1 531/10/1 534/10/1
f 536/10/1 533/10/1 532/10/1
f 537/10/1 533/10/1 536/10/1
f 544/10/1 539/10/1 538/10/1
f 545/10/1 539/10/1 544/10/1
f 546/10/1 541/10/1 540/10/1
f 547/10/1 541/10/1 546/10/1
f 548/10/1 543/10/1 542/10/1
f 549/10/1 543/10/1 548/10/1
f 552/10/1 551/10/1 550/10/1
f 553/10/1 551/10/1 552/10/1
f 554/10/1 552/10/1 550/10/1
f 555/10/1 552/10/1 554/10/1
f 560/10/1 557/10/1 556/10/1
f 561/10/1 557/10/1 560/10/1
f 562/10/1 559/10/1 558/10/1
f 563/10/1 559/10/1 562/10/1
f 568/10/1 565/10/1 564/10/1
f 569/10/1 565/10/1 568/10/1
f 570/10/1 567/10/1 566/10/1
f 571/10/1 567/10/1 570/10/1
f 576/10/1 573/10/1 572/10/1
f 577/10/1 573/10/1 576/10/1
f 578/10/1 575/10/1 574/10/1
f 579/10/1 575/10/1 578/10/1
f 584/9/1 581/9/1 580/9/1
f 585/9/1 581/9/1 584/9/1
f 593/9/1 583/9/1 582/9/1
f 594/9/1 583/9/1 593/9/1
f 595/10/1 586/10/1 585/10/1
f 596/10/1 586/10/1 595/10/1
f 597/10/1 588/10/1 587/10/1
f 598/10/1 588/10/1 597/10/1
f 599/10/1 590/10/1 589/10/1
f 600/10/1 590/10/1 599/10/1
f 601/10/1 592/10/1 591/10/1
f 602/10/1 592/10/1 601/10/1
f 607/10/1 604/10/1 603/10/1
f 608/10/1 604/10/1 607/10/1
f 611/10/1 606/10/1 605/10/1
f 612/10/1 606/10/1 611/10/1
f 613/10/1 610/10/1 609/10/1
f 614/10/1 610/10/1 613/10/1
f 619/10/1 616/10/1 615/10/1
f 620/10/1 616/10/1 619/10/1
f 621/10/1 618/10/1 617/10/1
f 622/10/1 618/10/1 621/10/1
f 623/10/1 619/10/1 615/10/1
f 624/10/1 619/10/1 623/10/1
f 625/10/1 616/10/1 620/10/1
f 626/10/1 616/10/1 625/10/1
f 627/10/1 621/10/1 617/10/1
f 628/10/1 621/10/1 627/10/1
f 629/10/1 618/10/1 622/10/1
f 630/10/1 618/10/1 629/10/1
f 639/10/1 634/10/1 633/10/1
f 640/10/1 634/10/1 639/10/1
f 642/10/1 636/10/1 635/10/1
f 643/10/1 632/10/1 631/10/1
f 644/10/1 632/10/1 643/10/1
f 647/10/1 639/10/1 633/10/1
f 648/10/1 639/10/1 647/10/1
f 649/10/1 639/10/1 648/10/1
f 651/10/1 642/10/1 641/10/1
f 652/10/1 636/10/1 642/10/1
f 652/10/1 642/10/1 651/10/1
f 655/10/1 638/10/1 637/10/1
f 656/10/1 638/10/1 655/10/1
f 657/10/1 645/10/1 644/10/1
f 658/10/1 645/10/1 657/10/1
f 659/10/1 647/10/1 646/10/1
f 659/10/1 648/10/1 647/10/1
f 660/10/1 648/10/1 659/10/1
f 662/10/1 653/10/1 652/10/1
f 662/10/1 651/10/1 650/10/1
f 662/10/1 652/10/1 651/10/1
f 663/10/1 655/10/1 654/10/1
f 664/10/1 655/10/1 663/10/1
f 665/10/1 659/10/1 646/10/1
f 666/10/1 659/10/1 665/10/1
f 668/10/1 662/10/1 661/10/1
f 669/10/1 665/10/1 646/10/1
f 670/10/1 665/10/1 669/10/1
f 672/10/1 668/10/1 667/10/1
f 673/10/1 669/10/1 646/10/1
f 674/10/1 669/10/1 673/10/1
f 676/10/1 672/10/1 671/10/1
f 678/10/1 676/10/1 675/10/1
f 679/10/1 673/10/1 646/10/1
f 680/10/1 673/10/1 679/10/1
f 681/10/1 678/10/1 677/10/1
f 684/10/1 681/10/1 680/10/1
f 685/10/1 672/10/1 676/10/1
f 685/10/1 681/10/1 684/10/1
f 685/10/1 653/10/1 662/10/1
f 685/10/1 678/10/1 681/10/1
f 685/10/1 662/10/1 668/10/1
f 685/10/1 668/10/1 672/10/1
f 685/10/1 676/10/1 678/10/1
f 687/10/1 683/10/1 682/10/1
f 692/10/1 689/10/1 688/10/1
f 693/10/1 687/10/1 682/10/1
f 694/10/1 686/10/1 685/10/1
f 695/10/1 691/10/1 690/10/1
f 697/10/1 693/10/1 692/10/1
f 697/10/1 692/10/1 688/10/1
f 698/10/1 687/10/1 693/10/1
f 698/10/1 693/10/1 697/10/1
f 701/10/1 695/10/1 694/10/1
f 701/10/1 694/10/1 685/10/1
f 702/10/1 691/10/1 695/10/1
f 702/10/1 695/10/1 701/10/1
f 704/10/1 697/10/1 696/10/1
f 705/10/1 697/10/1 704/10/1
f 706/10/1 699/10/1 698/10/1
f 707/10/1 699/10/1 706/10/1
f 708/10/1 701/10/1 700/10/1
f 709/10/1 701/10/1 708/10/1
f 710/10/1 703/10/1 702/10/1
f 711/10/1 703/10/1 710/10/1
f 714/10/1 713/10/1 712/10/1
f 715/10/1 713/10/1 714/10/1
f 716/10/1 713/10/1 715/10/1
f 717/10/1 713/10/1 716/10/1
f 718/10/1 713/10/1 717/10/1
f 719/10/1 713/10/1 718/10/1
f 720/10/1 713/10/1 719/10/1
f 721/10/1 713/10/1 720/10/1
f 722/10/1 713/10/1 721/10/1
f 723/10/1 713/10/1 722/10/1
f 724/10/1 713/10/1 723/10/1
f 725/10/1 713/10/1 724/10/1
f 726/10/1 713/10/1 725/10/1
f 727/10/1 713/10/1 726/10/1
f 728/10/1 713/10/1 727/10/1
f 729/10/1 713/10/1 728/10/1
f 730/10/1 713/10/1 729/10/1
f 731/10/1 713/10/1 730/10/1
f 732/10/1 713/10/1 731/10/1
f 733/10/1 713/10/1 732/10/1
f 734/10/1 713/10/1 733/10/1
f 735/10/1 713/10/1 734/10/1
f 736/10/1 713/10/1 735/10/1
f 737/10/1 713/10/1 736/10/1
f 738/10/1 714/10/1 712/10/1
f 739/10/1 714/10/1 738/10/1
f 740/10/1 716/10/1 715/10/1
f 741/10/1 716/10/1 740/10/1
f 742/10/1 718/10/1 717/10/1
f 743/10/1 718/10/1 742/10/1
f 744/10/1 720/10/1 719/10/1
f 745/10/1 720/10/1 744/10/1
f 746/10/1 722/10/1 721/10/1
f 747/10/1 722/10/1 746/10/1
f 748/10/1 724/10/1 723/10/1
f 749/10/1 724/10/1 748/10/1
f 750/10/1 726/10/1 725/10/1
f 751/10/1 726/10/1 750/10/1
f 752/10/1 728/10/1 727/10/1
f 753/10/1 728/10/1 752/10/1
f 754/10/1 730/10/1 729/10/1
f 755/10/1 730/10/1 754/10/1
f 756/10/1 732/10/1 731/10/1
f 757/10/1 732/10/1 756/10/1
f 758/10/1 734/10/1 733/10/1
f 759/10/1 734/10/1 758/10/1
f 760/10/1 736/10/1 735/10/1
f 761/10/1 736/10/1 760/10/1
f 762/10/1 713/10/1 737/10/1
f 763/10/1 713/10/1 762/10/1
f 764/10/1 738/10/1 712/10/1
f 765/10/1 738/10/1 764/10/1
f 766/10/1 713/10/1 763/10/1
f 767/10/1 713/10/1 766/10/1
f 776/10/1 769/10/1 768/10/1
f 777/10/1 769/10/1 776/10/1
f 778/10/1 771/10/1 770/10/1
f 779/10/1 771/10/1 778/10/1
f 780/10/1 773/10/1 772/10/1
f 781/10/1 773/10/1 780/10/1
f 782/10/1 775/10/1 774/10/1
f 783/10/1 775/10/1 782/10/1
f 788/10/1 785/10/1 784/10/1
f 789/10/1 785/10/1 788/10/1
f 790/10/1 787/10/1 786/10/1
f 791/10/1 787/10/1 790/10/1
f 792/10/1 788/10/1 784/10/1
f 793/10/1 788/10/1 792/10/1
f 794/10/1 785/10/1 789/10/1
f 795/10/1 785/10/1 794/10/1
f 796/10/1 790/10/1 786/10/1
f 797/10/1 790/10/1 796/10/1
f 798/10/1 787/10/1 791/10/1
f 799/10/1 787/10/1 798/10/1
f 800/10/2 801/10/2 804/10/2
f 804/10/2 801/10/2 805/10/2
f 802/10/2 803/10/2 806/10/2
f 806/10/2 803/10/2 807/10/2
f 800/10/2 804/10/2 808/10/2
f 808/10/2 804/10/2 809/10/2
f 805/10/2 801/10/2 810/10/2
f 810/10/2 801/10/2 811/10/2
f 802/10/2 806/10/2 812/10/2
f 812/10/2 806/10/2 813/10/2
f 807/10/2 803/10/2 814/10/2
f 814/10/2 803/10/2 815/10/2
f 816/10/2 817/10/2 818/10/2
f 818/10/2 817/10/2 819/10/2
f 819/10/2 817/10/2 820/10/2
f 820/10/2 817/10/2 821/10/2
f 821/10/2 817/10/2 822/10/2
f 822/10/2 817/10/2 823/10/2
f 823/10/2 817/10/2 824/10/2
f 824/10/2 817/10/2 825/10/2
f 825/10/2 817/10/2 826/10/2
f 826/10/2 817/10/2 827/10/2
f 827/10/2 817/10/2 828/10/2
f 828/10/2 817/10/2 829/10/2
f 829/10/2 817/10/2 830/10/2
f 830/10/2 817/10/2 831/10/2
f 831/10/2 817/10/2 832/10/2
f 832/10/2 817/10/2 833/10/2
f 833/10/2 817/10/2 834/10/2
f 834/10/2 817/10/2 835/10/2
f 835/10/2 817/10/2 836/10/2
f 836/10/2 817/10/2 837/10/2
f 837/10/2 817/10/2 838/10/2
f 838/10/2 817/10/2 839/10/2
f 839/10/2 817/10/2 840/10/2
f 840/10/2 817/10/2 841/10/2
f 816/10/2 818/10/2 842/10/2
f 842/10/2 818/10/2 843/10/2
f 819/10/2 820/10/2 844/10/2
f 844/10/2 820/10/2 845/10/2
f 821/10/2 822/10/2 846/10/2
f 846/10/2 822/10/2 847/10/2
f 823/10/2 824/10/2 848/10/2
f 848/10/2 824/10/2 849/10/2
f 825/10/2 826/10/2 850/10/2
f 850/10/2 826/10/2 851/10/2
f 827/10/2 828/10/2 852/10/2
f 852/10/2 828/10/2 853/10/2
f 829/10/2 830/10/2 854/10/2
f 854/10/2 830/10/2 855/10/2
f 831/10/2 832/10/2 856/10/2
f 856/10/2 832/10/2 857/10/2
f 833/10/2 834/10/2 858/10/2
f 858/10/2 834/10/2 859/10/2
f 835/10/2 836/10/2 860/10/2
f 860/10/2 836/10/2 861/10/2
f 837/10/2 838/10/2 862/10/2
f 862/10/2 838/10/2 863/10/2
f 839/10/2 840/10/2 864/10/2
f 864/10/2 840/10/2 865/10/2
f 841/10/2 817/10/2 866/10/2
f 866/10/2 817/10/2 867/10/2
f 816/10/2 842/10/2 868/10/2
f 868/10/2 842/10/2 869/10/2
f 867/10/2 817/10/2 870/10/2
f 870/10/2 817/10/2 871/10/2
f 872/10/2 873/10/2 880/10/2
f 880/10/2 873/10/2 881/10/2
f 874/10/2 875/10/2 882/10/2
f 882/10/2 875/10/2 883/10/2
f 876/10/2 877/10/2 884/10/2
f 884/10/2 877/10/2 885/10/2
f 878/10/2 879/10/2 886/10/2
f 886/10/2 879/10/2 887/10/2
f 888/10/2 889/10/2 890/10/2
f 890/10/2 889/10/2 891/10/2
f 892/9/2 893/9/2 896/9/2
f 896/9/2 893/9/2 897/9/2
f 897/9/2 893/9/2 898/9/2
f 894/9/2 895/9/2 904/9/2
f 904/9/2 895/9/2 905/9/2
f 899/10/2 900/10/2 906/10/2
f 901/10/2 902/10/2 908/10/2
f 897/10/2 898/10/2 909/10/2
f 909/10/2 898/10/2 910/10/2
f 899/10/2 906/10/2 913/10/2
f 913/10/2 906/10/2 914/10/2
f 914/10/2 906/10/2 915/10/2
f 907/10/2 908/10/2 917/10/2
f 908/10/2 902/10/2 918/10/2
f 917/10/2 908/10/2 918/10/2
f 903/10/2 904/10/2 921/10/2
f 921/10/2 904/10/2 922/10/2
f 910/10/2 911/10/2 923/10/2
f 923/10/2 911/10/2 924/10/2
f 912/10/2 913/10/2 925/10/2
f 913/10/2 914/10/2 925/10/2
f 925/10/2 914/10/2 926/10/2
f 918/10/2 919/10/2 928/10/2
f 916/10/2 917/10/2 928/10/2
f 917/10/2 918/10/2 928/10/2
f 920/10/2 921/10/2 929/10/2
f 929/10/2 921/10/2 930/10/2
f 912/10/2 925/10/2 931/10/2
f 931/10/2 925/10/2 932/10/2
f 927/10/2 928/10/2 934/10/2
f 912/10/2 931/10/2 935/10/2
f 935/10/2 931/10/2 936/10/2
f 933/10/2 934/10/2 938/10/2
f 912/10/2 935/10/2 939/10/2
f 939/10/2 935/10/2 940/10/2
f 937/10/2 938/10/2 942/10/2
f 941/10/2 942/10/2 944/10/2
f 912/10/2 939/10/2 945/10/2
f 945/10/2 939/10/2 946/10/2
f 943/10/2 944/10/2 947/10/2
f 946/10/2 947/10/2 949/10/2
f 942/10/2 938/10/2 950/10/2
f 928/10/2 919/10/2 950/10/2
f 949/10/2 947/10/2 950/10/2
f 934/10/2 928/10/2 950/10/2
f 938/10/2 934/10/2 950/10/2
f 947/10/2 944/10/2 950/10/2
f 944/10/2 942/10/2 950/10/2
f 948/10/2 949/10/2 952/10/2
f 952/10/2 949/10/2 953/10/2
f 954/10/2 955/10/2 958/10/2
f 948/10/2 952/10/2 959/10/2
f 950/10/2 951/10/2 960/10/2
f 956/10/2 957/10/2 961/10/2
f 958/10/2 959/10/2 963/10/2
f 954/10/2 958/10/2 963/10/2
f 959/10/2 952/10/2 964/10/2
f 963/10/2 959/10/2 964/10/2
f 960/10/2 961/10/2 967/10/2
f 950/10/2 960/10/2 967/10/2
f 961/10/2 957/10/2 968/10/2
f 967/10/2 961/10/2 968/10/2
f 962/10/2 963/10/2 970/10/2
f 970/10/2 963/10/2 971/10/2
f 964/10/2 965/10/2 972/10/2
f 972/10/2 965/10/2 973/10/2
f 966/10/2 967/10/2 974/10/2
f 974/10/2 967/10/2 975/10/2
f 968/10/2 969/10/2 976/10/2
f 976/10/2 969/10/2 977/10/2
f 978/10/2 979/10/2 986/10/2
f 986/10/2 979/10/2 987/10/2
f 980/10/2 981/10/2 988/10/2
f 988/10/2 981/10/2 989/10/2
f 982/10/2 983/10/2 990/10/2
f 990/10/2 983/10/2 991/10/2
f 984/10/2 985/10/2 992/10/2
f 992/10/2 985/10/2 993/10/2
f 994/10/2 995/10/2 998/10/2
f 998/10/2 995/10/2 999/10/2
f 996/10/2 997/10/2 1000/10/2
f 1000/10/2 997/10/2 1001/10/2
f 1002/10/2 1003/10/2 1006/10/2
f 1006/10/2 1003/10/2 1007/10/2
f 1004/10/2 1005/10/2 1008/10/2
f 1008/10/2 1005/10/2 1009/10/2
f 1002/10/2 1006/10/2 1010/10/2
f 1010/10/2 1006/10/2 1011/10/2
f 1007/10/2 1003/10/2 1012/10/2
f 1012/10/2 1003/10/2 1013/10/2
f 1004/10/2 1008/10/2 1014/10/2
f 1014/10/2 1008/10/2 1015/10/2
f 1009/10/2 1005/10/2 1016/10/2
f 1016/10/2 1005/10/2 1017/10/2
f 1018/10/2 1019/10/2 1022/10/2
f 1022/10/2 1019/10/2 1023/10/2
f 1020/10/2 1021/10/2 1024/10/2
f 1024/10/2 1021/10/2 1025/10/2
f 1026/10/2 1027/10/2 1030/10/2
f 1030/10/2 1027/10/2 1031/10/2
f 1028/10/2 1029/10/2 1032/10/2
f 1032/10/2 1029/10/2 1033/10/2
f 1034/10/2 1035/10/2 1036/10/2
f 1036/10/2 1035/10/2 1037/10/2
f 1034/10/2 1036/10/2 1038/10/2
f 1038/10/2 1036/10/2 1039/10/2
f 1040/10/2 1041/10/2 1048/10/2
f 1048/10/2 1041/10/2 1049/10/2
f 1042/10/2 1043/10/2 1050/10/2
f 1050/10/2 1043/10/2 1051/10/2
f 1044/10/2 1045/10/2 1052/10/2
f 1052/10/2 1045/10/2 1053/10/2
f 1046/10/2 1047/10/2 1056/10/2
f 1056/10/2 1047/10/2 1057/10/2
f 1054/10/2 1055/10/2 1058/10/2
f 1058/10/2 1055/10/2 1059/10/2
f 1060/10/2 1061/10/2 1062/10/2
f 1062/10/2 1061/10/2 1063/10/2
f 1064/4/2 1065/4/2 1070/4/2
f 1070/4/2 1065/4/2 1071/4/2
f 1068/4/2 1069/4/2 1074/4/2
f 1074/4/2 1069/4/2 1075/4/2
f 1071/4/2 1072/4/2 1076/4/2
f 1076/4/2 1072/4/2 1077/4/2
f 1073/4/2 1074/4/2 1082/4/2
f 1082/4/2 1074/4/2 1083/4/2
f 1077/4/2 1078/4/2 1084/4/2
f 1084/4/2 1078/4/2 1085/4/2
f 1081/4/2 1082/4/2 1088/4/2
f 1088/4/2 1082/4/2 1089/4/2
f 1085/4/2 1086/4/2 1090/4/2
f 1090/4/2 1086/4/2 1091/4/2
f 1087/4/2 1088/4/2 1094/4/2
f 1094/4/2 1088/4/2 1095/4/2
f 1091/4/2 1092/4/2 1096/4/2
f 1096/4/2 1092/4/2 1097/4/2
f 1093/4/2 1094/4/2 1100/4/2
f 1100/4/2 1094/4/2 1101/4/2
f 1097/4/2 1098/4/2 1102/4/2
f 1102/4/2 1098/4/2 1103/4/2
f 1079/10/2 1080/10/2 1105/10/2
f 1105/10/2 1080/10/2 1106/10/2
f 1099/4/2 1100/4/2 1108/4/2
f 1108/4/2 1100/4/2 1109/4/2
f 1103/4/2 1104/4/2 1110/4/2
f 1110/4/2 1104/4/2 1111/4/2
f 1066/10/2 1067/10/2 1113/10/2
f 1113/10/2 1067/10/2 1114/10/2
f 1107/4/2 1108/4/2 1115/4/2
f 1115/4/2 1108/4/2 1116/4/2
f 1111/4/2 1112/4/2 1117/4/2
f 1117/4/2 1112/4/2 1118/4/2
f 1114/4/2 1115/4/2 1119/4/2
f 1119/4/2 1115/4/2 1120/4/2
f 1121/10/2 1122/10/2 1125/10/2
f 1125/10/2 1122/10/2 1126/10/2
f 1123/10/2 1124/10/2 1129/10/2
f 1129/10/2 1124/10/2 1130/10/2
f 1127/10/2 1128/10/2 1131/10/2
f 1131/10/2 1128/10/2 1132/10/2
f 1133/10/2 1134/10/2 1137/10/2
f 1137/10/2 1134/10/2 1138/10/2
f 1135/10/2 1136/10/2 1141/10/2
f 1141/10/2 1136/10/2 1142/10/2
f 1139/10/2 1140/10/2 1143/10/2
f 1143/10/2 1140/10/2 1144/10/2
f 1145/10/2 1146/10/2 1147/10/2
f 1147/10/2 1146/10/2 1148/10/2
f 1149/4/2 1150/4/2 1151/4/2
f 1151/4/2 1150/4/2 1152/4/2
f 1153/10/2 1154/10/2 1155/10/2
f 1155/10/2 1154/10/2 1156/10/2
f 1157/10/2 1158/10/2 1161/10/2
f 1161/10/2 1158/10/2 1162/10/2
f 1159/10/2 1160/10/2 1165/10/2
f 1165/10/2 1160/10/2 1166/10/2
f 1163/10/2 1164/10/2 1169/10/2
f 1169/10/2 1164/10/2 1170/10/2
f 1167/4/2 1168/4/2 1171/4/2
f 1171/4/2 1168/4/2 1172/4/2
f 1173/11/2 1174/11/2 1175/11/2
f 1175/11/2 1174/11/2 1176/11/2
f 1176/11/2 1174/11/2 1177/11/2
f 1175/6/2 1176/6/2 1178/6/2
f 1178/6/2 1176/6/2 1179/6/2
f 1180/2/2 1181/2/2 1182/2/2
f 1182/2/2 1181/2/2 1183/2/2
f 1184/10/2 1185/10/2 1188/10/2
f 1188/10/2 1185/10/2 1189/10/2
f 1186/10/2 1187/10/2 1192/10/2
f 1192/10/2 1187/10/2 1193/10/2
f 1190/10/2 1191/10/2 1194/10/2
f 1194/10/2 1191/10/2 1195/10/2
f 1196/4/2 1197/4/2 1198/4/2
f 1198/4/2 1197/4/2 1199/4/2
f 1200/2/2 1201/2/2 1202/2/2
f 1202/2/2 1201/2/2 1203/2/2
f 1203/2/2 1201/2/2 1204/2/2
f 1204/2/2 1201/2/2 1205/2/2
f 1206/11/2 1207/11/2 1208/11/2
f 1208/11/2 1207/11/2 1209/11/2
f 1209/11/2 1207/11/2 1210/11/2
f 1208/6/2 1209/6/2 1211/6/2
f 1211/6/2 1209/6/2 1212/6/2
f 1213/10/2 1214/10/2 1217/10/2
f 1217/10/2 1214/10/2 1218/10/2
f 1215/1/2 1216/1/2 1219/1/2
f 1219/1/2 1216/1/2 1220/1/2
f 1221/4/2 1222/4/2 1223/4/2
f 1223/4/2 1222/4/2 1224/4/2
f 1225/1/2 1226/1/2 1227/1/2
f 1227/1/2 1226/1/2 1228/1/2
f 1227/3/2 1228/3/2 1229/3/2
f 1229/3/2 1228/3/2 1230/3/2
f 1231/10/2 1232/10/2 1237/10/2
f 1237/10/2 1232/10/2 1238/10/2
f 1235/10/2 1236/10/2 1239/10/2
f 1239/10/2 1236/10/2 1240/10/2
f 1233/4/2 1234/4/2 1241/4/2
f 1241/4/2 1234/4/2 1242/4/2
f 1243/10/2 1244/10/2 1245/10/2
f 1245/10/2 1244/10/2 1246/10/2
f 1247/10/2 1248/10/2 1249/10/2
f 1249/10/2 1248/10/2 1250/10/2
f 1251/10/2 1252/10/2 1255/10/2
f 1255/10/2 1252/10/2 1256/10/2
f 1253/10/2 1254/10/2 1257/10/2
f 1257/10/2 1254/10/2 1258/10/2
f 1259/4/2 1260/4/2 1265/4/2
f 1260/4/2 1261/4/2 1265/4/2
f 1265/4/2 1261/4/2 1266/4/2
f 1263/4/2 1264/4/2 1269/4/2
f 1262/4/2 1263/4/2 1269/4/2
f 1269/4/2 1264/4/2 1270/4/2
f 1259/4/2 1265/4/2 1271/4/2
f 1271/4/2 1265/4/2 1272/4/2
f 1270/4/2 1264/4/2 1275/4/2
f 1275/4/2 1264/4/2 1276/4/2
f 1272/4/2 1273/4/2 1277/4/2
f 1277/4/2 1273/4/2 1278/4/2
f 1274/4/2 1275/4/2 1281/4/2
f 1281/4/2 1275/4/2 1282/4/2
f 1278/4/2 1279/4/2 1283/4/2
f 1283/4/2 1279/4/2 1284/4/2
f 1280/4/2 1281/4/2 1287/4/2
f 1287/4/2 1281/4/2 1288/4/2
f 1284/4/2 1285/4/2 1289/4/2
f 1289/4/2 1285/4/2 1290/4/2
f 1286/4/2 1287/4/2 1293/4/2
f 1293/4/2 1287/4/2 1294/4/2
f 1290/4/2 1291/4/2 1295/4/2
f 1295/4/2 1291/4/2 1296/4/2
f 1292/4/2 1293/4/2 1299/4/2
f 1299/4/2 1293/4/2 1300/4/2
f 1296/4/2 1297/4/2 1301/4/2
f 1301/4/2 1297/4/2 1302/4/2
f 1298/4/2 1299/4/2 1305/4/2
f 1305/4/2 1299/4/2 1306/4/2
f 1302/4/2 1303/4/2 1307/4/2
f 1307/4/2 1303/4/2 1308/4/2
f 1267/10/2 1268/10/2 1310/10/2
f 1304/4/2 1305/4/2 1311/4/2
f 1311/4/2 1305/4/2 1312/4/2
f 1308/4/2 1309/4/2 1313/4/2
f 1313/4/2 1309/4/2 1314/4/2
f 1267/10/2 1310/10/2 1315/10/2
f 1310/4/2 1311/4/2 1316/4/2
f 1315/10/2 1310/10/2 1316/10/2
f 1316/4/2 1311/4/2 1317/4/2
f 1318/10/2 1319/10/2 1320/10/2
f 1320/10/2 1319/10/2 1321/10/2
f 1322/10/2 1323/10/2 1326/10/2
f 1326/10/2 1323/10/2 1327/10/2
f 1324/10/2 1325/10/2 1328/10/2
f 1328/10/2 1325/10/2 1329/10/2
f 1330/10/2 1331/10/2 1332/10/2
f 1332/10/2 1331/10/2 1333/10/2
f 1330/10/2 1332/10/2 1334/10/2
f 1334/10/2 1332/10/2 1335/10/2
f 1330/10/2 1334/10/2 1336/10/2
f 1336/10/2 1334/10/2 1337/10/2
f 1330/10/2 1336/10/2 1341/10/2
f 1341/10/2 1336/10/2 1342/10/2
f 1342/10/2 1336/10/2 1343/10/2
f 1338/10/2 1339/10/2 1345/10/2
f 1340/10/2 1341/10/2 1348/10/2
f 1341/10/2 1342/10/2 1348/10/2
f 1348/10/2 1342/10/2 1349/10/2
f 1344/10/2 1345/10/2 1351/10/2
f 1340/10/2 1348/10/2 1352/10/2
f 1352/10/2 1348/10/2 1353/10/2
f 1350/10/2 1351/10/2 1355/10/2
f 1354/10/2 1355/10/2 1357/10/2
f 1340/10/2 1352/10/2 1358/10/2
f 1358/10/2 1352/10/2 1359/10/2
f 1356/10/2 1357/10/2 1360/10/2
f 1346/10/2 1347/10/2 1361/10/2
f 1361/10/2 1347/10/2 1362/10/2
f 1359/10/2 1360/10/2 1363/10/2
f 1360/10/2 1357/10/2 1363/10/2
f 1357/10/2 1355/10/2 1364/10/2
f 1363/10/2 1357/10/2 1364/10/2
f 1355/10/2 1351/10/2 1365/10/2
f 1364/10/2 1355/10/2 1365/10/2
f 1351/10/2 1345/10/2 1366/10/2
f 1365/10/2 1351/10/2 1366/10/2
f 1359/10/2 1363/10/2 1367/10/2
f 1367/10/2 1363/10/2 1368/10/2
f 1364/10/2 1365/10/2 1369/10/2
f 1369/10/2 1365/10/2 1370/10/2
f 1366/10/2 1345/10/2 1371/10/2
f 1345/10/2 1339/10/2 1372/10/2
f 1371/10/2 1345/10/2 1372/10/2
f 1373/10/2 1374/10/2 1377/10/2
f 1377/10/2 1374/10/2 1378/10/2
f 1375/10/2 1376/10/2 1381/10/2
f 1381/10/2 1376/10/2 1382/10/2
f 1379/10/2 1380/10/2 1383/10/2
f 1383/10/2 1380/10/2 1384/10/2
f 1385/10/2 1386/10/2 1389/10/2
f 1389/10/2 1386/10/2 1390/10/2
f 1387/10/2 1388/10/2 1391/10/2
f 1391/10/2 1388/10/2 1392/10/2
f 1393/10/2 1394/10/2 1395/10/2
f 1395/10/2 1394/10/2 1396/10/2
f 1397/10/2 1398/10/2 1401/10/2
f 1401/10/2 1398/10/2 1402/10/2
f 1399/10/2 1400/10/2 1403/10/2
f 1403/10/2 1400/10/2 1404/10/2
f 1397/10/2 1401/10/2 1405/10/2
f 1405/10/2 1401/10/2 1406/10/2
f 1402/10/2 1398/10/2 1407/10/2
f 1407/10/2 1398/10/2 1408/10/2
f 1399/10/2 1403/10/2 1409/10/2
f 1409/10/2 1403/10/2 1410/10/2
f 1404/10/2 1400/10/2 1411/10/2
f 1411/10/2 1400/10/2 1412/10/2
f 1413/10/2 1414/10/2 1417/10/2
f 1417/10/2 1414/10/2 1418/10/2
f 1415/10/2 1416/10/2 1419/10/2
f 1419/10/2 1416/10/2 1420/10/2
f 1421/10/2 1422/10/2 1429/10/2
f 1429/10/2 1422/10/2 1430/10/2
f 1423/10/2 1424/10/2 1431/10/2
f 1431/10/2 1424/10/2 1432/10/2
f 1425/10/2 1426/10/2 1433/10/2
f 1433/10/2 1426/10/2 1434/10/2
f 1427/10/2 1428/10/2 1435/10/2
f 1435/10/2 1428/10/2 1436/10/2
f 1437/10/2 1438/10/2 1443/10/2
f 1443/10/2 1438/10/2 1444/10/2
f 1439/10/2 1440/10/2 1447/10/2
f 1447/10/2 1440/10/2 1448/10/2
f 1441/10/2 1442/10/2 1451/10/2
f 1451/10/2 1442/10/2 1452/10/2
f 1444/10/2 1445/10/2 1453/10/2
f 1453/10/2 1445/10/2 1454/10/2
f 1448/10/2 1449/10/2 1455/10/2
f 1446/10/2 1447/10/2 1455/10/2
f 1447/10/2 1448/10/2 1455/10/2
f 1455/10/2 1449/10/2 1456/10/2
f 1450/10/2 1451/10/2 1457/10/2
f 1457/10/2 1451/10/2 1458/10/2
f 1455/10/2 1456/10/2 1459/10/2
f 1456/10/2 1457/10/2 1459/10/2
f 1454/10/2 1455/10/2 1459/10/2
f 1459/10/2 1457/10/2 1460/10/2
f 1460/10/2 1457/10/2 1461/10/2
f 1461/10/2 1457/10/2 1462/10/2
f 1462/10/2 1457/10/2 1463/10/2
f 1463/10/2 1457/10/2 1464/10/2
f 1464/10/2 1457/10/2 1465/10/2
f 1465/10/2 1457/10/2 1466/10/2
f 1466/10/2 1457/10/2 1467/10/2
f 1467/10/2 1457/10/2 1468/10/2
f 1468/10/2 1457/10/2 1469/10/2
f 1469/10/2 1457/10/2 1470/10/2
f 1470/10/2 1457/10/2 1471/10/2
f 1471/10/2 1457/10/2 1472/10/2
f 1472/10/2 1457/10/2 1473/10/2
f 1473/10/2 1457/10/2 1474/10/2
f 1474/10/2 1457/10/2 1475/10/2
f 1475/10/2 1457/10/2 1476/10/2
f 1476/10/2 1457/10/2 1477/10/2
f 1477/10/2 1457/10/2 1478/10/2
f 1478/10/2 1457/10/2 1479/10/2
f 1479/10/2 1457/10/2 1480/10/2
f 1480/10/2 1457/10/2 1481/10/2
f 1481/10/2 1457/10/2 1482/10/2
f 1454/10/2 1459/10/2 1483/10/2
f 1483/10/2 1459/10/2 1484/10/2
f 1460/10/2 1461/10/2 1485/10/2
f 1485/10/2 1461/10/2 1486/10/2
f 1462/10/2 1463/10/2 1487/10/2
f 1487/10/2 1463/10/2 1488/10/2
f 1464/10/2 1465/10/2 1489/10/2
f 1489/10/2 1465/10/2 1490/10/2
f 1466/10/2 1467/10/2 1491/10/2
f 1491/10/2 1467/10/2 1492/10/2
f 1468/10/2 1469/10/2 1493/10/2
f 1493/10/2 1469/10/2 1494/10/2
f 1470/10/2 1471/10/2 1495/10/2
f 1495/10/2 1471/10/2 1496/10/2
f 1472/10/2 1473/10/2 1497/10/2
f 1497/10/2 1473/10/2 1498/10/2
f 1474/10/2 1475/10/2 1499/10/2
f 1499/10/2 1475/10/2 1500/10/2
f 1476/10/2 1477/10/2 1501/10/2
f 1501/10/2 1477/10/2 1502/10/2
f 1478/10/2 1479/10/2 1503/10/2
f 1503/10/2 1479/10/2 1504/10/2
f 1480/10/2 1481/10/2 1505/10/2
f 1505/10/2 1481/10/2 1506/10/2
f 1482/10/2 1457/10/2 1507/10/2
f 1507/10/2 1457/10/2 1508/10/2
f 1454/10/2 1483/10/2 1510/10/2
f 1510/10/2 1483/10/2 1511/10/2
f 1508/10/2 1457/10/2 1514/10/2
f 1514/10/2 1457/10/2 1515/10/2
f 1509/10/2 1510/10/2 1517/10/2
f 1517/10/2 1510/10/2 1518/10/2
f 1511/10/2 1512/10/2 1519/10/2
f 1519/10/2 1512/10/2 1520/10/2
f 1513/10/2 1514/10/2 1521/10/2
f 1521/10/2 1514/10/2 1522/10/2
f 1515/10/2 1516/10/2 1523/10/2
f 1523/10/2 1516/10/2 1524/10/2
f 1525/9/2 1526/9/2 1531/9/2
f 1531/9/2 1526/9/2 1532/9/2
f 1527/9/2 1528/9/2 1536/9/2
f 1536/9/2 1528/9/2 1537/9/2
f 1529/9/2 1530/9/2 1541/9/2
f 1541/9/2 1530/9/2 1542/9/2
f 1533/10/2 1534/10/2 1543/10/2
f 1543/10/2 1534/10/2 1544/10/2
f 1535/10/2 1536/10/2 1545/10/2
f 1545/10/2 1536/10/2 1546/10/2
f 1537/10/2 1538/10/2 1547/10/2
f 1547/10/2 1538/10/2 1548/10/2
f 1539/10/2 1540/10/2 1549/10/2
f 1549/10/2 1540/10/2 1550/10/2
f 1544/10/2 1545/10/2 1551/10/2
f 1551/10/2 1545/10/2 1552/10/2
f 1548/10/2 1549/10/2 1553/10/2
f 1553/10/2 1549/10/2 1554/10/2
f 1555/10/2 1556/10/2 1559/10/2
f 1559/10/2 1556/10/2 1560/10/2
f 1557/10/2 1558/10/2 1561/10/2
f 1561/10/2 1558/10/2 1562/10/2
f 1555/10/2 1559/10/2 1563/10/2
f 1563/10/2 1559/10/2 1564/10/2
f 1560/10/2 1556/10/2 1565/10/2
f 1565/10/2 1556/10/2 1566/10/2
f 1557/10/2 1561/10/2 1567/10/2
f 1567/10/2 1561/10/2 1568/10/2
f 1562/10/2 1558/10/2 1569/10/2
f 1569/10/2 1558/10/2 1570/10/2
f 1571/9/2 1572/9/2 1575/9/2
f 1575/9/2 1572/9/2 1576/9/2
f 1576/9/2 1572/9/2 1577/9/2
f 1577/9/2 1572/9/2 1578/9/2
f 1573/9/2 1574/9/2 1579/9/2
f 1579/9/2 1574/9/2 1580/9/2
f 1580/9/2 1574/9/2 1581/9/2
f 1581/9/2 1574/9/2 1582/9/2
f 1576/10/2 1577/10/2 1583/10/2
f 1583/10/2 1577/10/2 1584/10/2
f 1580/10/2 1581/10/2 1585/10/2
f 1585/10/2 1581/10/2 1586/10/2
f 1587/8/2 1588/8/2 1591/8/2
f 1588/5/2 1589/5/2 1592/5/2
f 1591/8/2 1588/8/2 1592/8/2
f 1589/8/2 1590/8/2 1593/8/2
f 1592/5/2 1589/5/2 1593/5/2
f 1593/8/2 1590/8/2 1594/8/2
f 1597/8/3 1596/8/3 1595/8/3
f 1599/4/3 1598/4/3 1597/4/3
f 1600/4/3 1598/4/3 1599/4/3
f 1601/4/3 1599/4/3 1597/4/3
f 1603/8/3 1597/8/3 1595/8/3
f 1603/4/3 1602/4/3 1601/4/3
f 1603/4/3 1601/4/3 1597/4/3
f 1604/4/3 1602/4/3 1603/4/3
f 1605/8/3 1603/8/3 1595/8/3
f 1606/8/3 1603/8/3 1605/8/3
f 1609/4/3 1608/4/3 1607/4/3
f 1610/4/3 1608/4/3 1609/4/3
f 1613/4/3 1612/4/3 1611/4/3
f 1614/4/3 1612/4/3 1613/4/3
f 1617/4/3 1616/4/3 1615/4/3
f 1618/4/3 1616/4/3 1617/4/3
f 1621/4/3 1620/4/3 1619/4/3
f 1622/4/3 1620/4/3 1621/4/3
f 1625/4/3 1624/4/3 1623/4/3
f 1626/4/3 1624/4/3 1625/4/3
f 1629/4/3 1628/4/3 1627/4/3
f 1630/4/3 1628/4/3 1629/4/3
f 1633/4/3 1632/4/3 1631/4/3
f 1634/4/3 1632/4/3 1633/4/3
f 1637/4/3 1636/4/3 1635/4/3
f 1638/4/3 1636/4/3 1637/4/3
f 1641/4/3 1640/4/3 1639/4/3
f 1642/4/3 1640/4/3 1641/4/3
f 1645/4/3 1644/4/3 1643/4/3
f 1646/4/3 1644/4/3 1645/4/3
f 1649/9/3 1648/9/3 1647/9/3
f 1650/9/3 1648/9/3 1649/9/3
f 1653/4/3 1652/4/3 1651/4/3
f 1654/4/3 1652/4/3 1653/4/3
f 1657/4/3 1656/4/3 1655/4/3
f 1658/4/3 1656/4/3 1657/4/3
f 1661/9/3 1660/9/3 1659/9/3
f 1662/9/3 1660/9/3 1661/9/3
f 1665/9/3 1664/9/3 1663/9/3
f 1666/9/3 1664/9/3 1665/9/3
f 1669/10/3 1668/10/3 1667/10/3
f 1670/10/3 1668/10/3 1669/10/3
f 1673/4/3 1672/4/3 1671/4/3
f 1674/4/3 1672/4/3 1673/4/3
f 1677/4/3 1676/4/3 1675/4/3
f 1678/4/3 1676/4/3 1677/4/3
f 1681/10/3 1680/10/3 1679/10/3
f 1682/10/3 1680/10/3 1681/10/3
f 1685/9/3 1684/9/3 1683/9/3
f 1686/9/3 1684/9/3 1685/9/3
f 1689/10/3 1688/10/3 1687/10/3
f 1690/10/3 1688/10/3 1689/10/3
f 1694/10/3 1693/10/3 1692/10/3
f 1695/10/3 1693/10/3 1694/10/3
f 1696/10/3 1694/10/3 1692/10/3
f 1700/10/3 1691/10/3 1690/10/3
f 1701/10/3 1691/10/3 1700/10/3
f 1702/10/3 1696/10/3 1692/10/3
f 1702/10/3 1697/10/3 1696/10/3
f 1703/10/3 1697/10/3 1702/10/3
f 1704/9/3 1699/9/3 1698/9/3
f 1704/10/3 1700/10/3 1699/10/3
f 1705/10/3 1700/10/3 1704/10/3
f 1706/9/3 1704/9/3 1698/9/3
f 1707/9/3 1704/9/3 1706/9/3
f 1710/9/3 1709/9/3 1708/9/3
f 1711/9/3 1709/9/3 1710/9/3
f 1713/10/3 1712/10/3 1711/10/3
f 1714/10/3 1712/10/3 1713/10/3
f 1718/10/3 1717/10/3 1716/10/3
f 1719/10/3 1717/10/3 1718/10/3
f 1720/10/3 1718/10/3 1716/10/3
f 1723/10/3 1715/10/3 1714/10/3
f 1724/10/3 1715/10/3 1723/10/3
f 1725/10/3 1721/10/3 1720/10/3
f 1725/10/3 1720/10/3 1716/10/3
f 1726/10/3 1721/10/3 1725/10/3
f 1727/10/3 1723/10/3 1722/10/3
f 1728/10/3 1723/10/3 1727/10/3
f 1731/10/3 1730/10/3 1729/10/3
f 1732/10/3 1730/10/3 1731/10/3
f 1736/10/3 1733/10/3 1732/10/3
f 1737/10/3 1733/10/3 1736/10/3
f 1738/10/3 1735/10/3 1734/10/3
f 1739/10/3 1735/10/3 1738/10/3
f 1741/10/3 1738/10/3 1737/10/3
f 1742/10/3 1738/10/3 1741/10/3
f 1743/10/3 1738/10/3 1742/10/3
f 1746/10/3 1741/10/3 1740/10/3
f 1746/10/3 1742/10/3 1741/10/3
f 1747/10/3 1742/10/3 1746/10/3
f 1748/10/3 1742/10/3 1747/10/3
f 1749/10/3 1744/10/3 1743/10/3
f 1750/10/3 1744/10/3 1749/10/3
f 1751/10/3 1746/10/3 1745/10/3
f 1751/10/3 1747/10/3 1746/10/3
f 1753/10/3 1751/10/3 1745/10/3
f 1753/10/3 1752/10/3 1751/10/3
f 1754/10/3 1752/10/3 1753/10/3
f 1755/10/3 1752/10/3 1754/10/3
f 1756/10/3 1752/10/3 1755/10/3
f 1757/10/3 1753/10/3 1745/10/3
f 1758/10/3 1755/10/3 1754/10/3
f 1759/10/3 1755/10/3 1758/10/3
f 1761/10/3 1758/10/3 1757/10/3
f 1761/10/3 1760/10/3 1759/10/3
f 1761/10/3 1759/10/3 1758/10/3
f 1762/10/3 1760/10/3 1761/10/3
f 1763/10/3 1761/10/3 1757/10/3
f 1765/10/3 1763/10/3 1757/10/3
f 1765/10/3 1764/10/3 1763/10/3
f 1766/10/3 1764/10/3 1765/10/3
f 1767/10/3 1765/10/3 1757/10/3
f 1769/10/3 1767/10/3 1757/10/3
f 1769/10/3 1768/10/3 1767/10/3
f 1770/10/3 1768/10/3 1769/10/3
f 1771/10/3 1769/10/3 1757/10/3
f 1773/10/3 1771/10/3 1757/10/3
f 1773/10/3 1772/10/3 1771/10/3
f 1774/10/3 1772/10/3 1773/10/3
f 1775/10/3 1773/10/3 1757/10/3
f 1777/10/3 1775/10/3 1757/10/3
f 1777/10/3 1776/10/3 1775/10/3
f 1778/10/3 1776/10/3 1777/10/3
f 1779/10/3 1777/10/3 1757/10/3
f 1781/10/3 1779/10/3 1757/10/3
f 1781/10/3 1780/10/3 1779/10/3
f 1782/10/3 1780/10/3 1781/10/3
f 1783/10/3 1781/10/3 1757/10/3
f 1785/10/3 1783/10/3 1757/10/3
f 1785/10/3 1784/10/3 1783/10/3
f 1786/10/3 1784/10/3 1785/10/3
f 1787/10/3 1785/10/3 1757/10/3
f 1789/10/3 1787/10/3 1757/10/3
f 1789/10/3 1788/10/3 1787/10/3
f 1790/10/3 1788/10/3 1789/10/3
f 1791/10/3 1757/10/3 1745/10/3
f 1791/10/3 1789/10/3 1757/10/3
f 1792/10/3 1789/10/3 1791/10/3
f 1793/10/3 1789/10/3 1792/10/3
f 1795/10/3 1791/10/3 1745/10/3
f 1796/10/3 1794/10/3 1793/10/3
f 1796/10/3 1793/10/3 1792/10/3
f 1797/10/3 1794/10/3 1796/10/3
f 1798/10/3 1794/10/3 1797/10/3
f 1799/10/3 1796/10/3 1795/10/3
f 1799/10/3 1797/10/3 1796/10/3
f 1801/10/3 1799/10/3 1795/10/3
f 1801/10/3 1800/10/3 1799/10/3
f 1802/10/3 1800/10/3 1801/10/3
f 1803/10/3 1795/10/3 1745/10/3
f 1803/10/3 1801/10/3 1795/10/3
f 1804/10/3 1801/10/3 1803/10/3
f 1805/10/3 1801/10/3 1804/10/3
f 1809/10/3 1806/10/3 1805/10/3
f 1809/10/3 1805/10/3 1804/10/3
f 1810/10/3 1806/10/3 1809/10/3
f 1811/10/3 1806/10/3 1810/10/3
f 1812/10/3 1808/10/3 1807/10/3
f 1813/10/3 1808/10/3 1812/10/3
f 1815/10/3 1811/10/3 1810/10/3
f 1815/10/3 1812/10/3 1811/10/3
f 1816/10/3 1812/10/3 1815/10/3
f 1819/10/3 1815/10/3 1814/10/3
f 1820/10/3 1815/10/3 1819/10/3
f 1821/10/3 1817/10/3 1816/10/3
f 1822/10/3 1817/10/3 1821/10/3
f 1823/10/3 1819/10/3 1818/10/3
f 1824/10/3 1819/10/3 1823/10/3
f 1827/10/3 1826/10/3 1825/10/3
f 1828/10/3 1826/10/3 1827/10/3
f 1831/10/3 1830/10/3 1829/10/3
f 1832/10/3 1830/10/3 1831/10/3
f 1835/10/3 1834/10/3 1833/10/3
f 1836/10/3 1834/10/3 1835/10/3
f 1841/10/3 1838/10/3 1837/10/3
f 1842/10/3 1838/10/3 1841/10/3
f 1843/10/3 1840/10/3 1839/10/3
f 1844/10/3 1840/10/3 1843/10/3
f 1847/10/3 1846/10/3 1845/10/3
f 1848/10/3 1846/10/3 1847/10/3
f 1851/10/3 1850/10/3 1849/10/3
f 1852/10/3 1850/10/3 1851/10/3
f 1853/10/3 1851/10/3 1849/10/3
f 1855/10/3 1853/10/3 1849/10/3
f 1855/10/3 1854/10/3 1853/10/3
f 1856/10/3 1854/10/3 1855/10/3
f 1859/10/3 1858/10/3 1857/10/3
f 1860/10/3 1858/10/3 1859/10/3
f 1863/10/3 1862/10/3 1861/10/3
f 1864/10/3 1862/10/3 1863/10/3
f 1867/10/3 1866/10/3 1865/10/3
f 1868/10/3 1866/10/3 1867/10/3
f 1871/10/3 1870/10/3 1869/10/3
f 1872/10/3 1870/10/3 1871/10/3
f 1873/10/3 1871/10/3 1869/10/3
f 1875/10/3 1873/10/3 1869/10/3
f 1875/10/3 1874/10/3 1873/10/3
f 1876/10/3 1874/10/3 1875/10/3
f 1879/10/3 1878/10/3 1877/10/3
f 1880/10/3 1878/10/3 1879/10/3
f 1883/10/3 1882/10/3 1881/10/3
f 1884/10/3 1882/10/3 1883/10/3
f 1887/10/3 1886/10/3 1885/10/3
f 1888/10/3 1886/10/3 1887/10/3
f 1891/10/3 1890/10/3 1889/10/3
f 1892/10/3 1890/10/3 1891/10/3
f 1895/10/3 1894/10/3 1893/10/3
f 1896/10/3 1894/10/3 1895/10/3
f 1899/10/3 1898/10/3 1897/10/3
f 1900/10/3 1898/10/3 1899/10/3
f 1903/10/3 1902/10/3 1901/10/3
f 1904/10/3 1902/10/3 1903/10/3
f 1907/10/3 1906/10/3 1905/10/3
f 1908/10/3 1906/10/3 1907/10/3
f 1913/10/3 1910/10/3 1909/10/3
f 1914/10/3 1910/10/3 1913/10/3
f 1915/10/3 1912/10/3 1911/10/3
f 1916/10/3 1912/10/3 1915/10/3
f 1919/10/3 1918/10/3 1917/10/3
f 1920/10/3 1918/10/3 1919/10/3
f 1923/10/3 1922/10/3 1921/10/3
f 1924/10/3 1922/10/3 1923/10/3
f 1927/10/3 1926/10/3 1925/10/3
f 1928/10/3 1926/10/3 1927/10/3
f 1931/10/3 1930/10/3 1929/10/3
f 1932/10/3 1930/10/3 1931/10/3
f 1935/10/3 1934/10/3 1933/10/3
f 1936/10/3 1934/10/3 1935/10/3
f 1939/10/3 1938/10/3 1937/10/3
f 1940/10/3 1938/10/3 1939/10/3
f 1945/10/3 1942/10/3 1941/10/3
f 1946/10/3 1942/10/3 1945/10/3
f 1947/10/3 1944/10/3 1943/10/3
f 1948/10/3 1944/10/3 1947/10/3
f 1951/10/3 1950/10/3 1949/10/3
f 1952/10/3 1950/10/3 1951/10/3
f 1955/10/3 1954/10/3 1953/10/3
f 1956/10/3 1954/10/3 1955/10/3
f 1959/10/3 1958/10/3 1957/10/3
f 1960/10/3 1958/10/3 1959/10/3
f 1963/10/3 1962/10/3 1961/10/3
f 1964/10/3 1962/10/3 1963/10/3
f 1967/10/3 1966/10/3 1965/10/3
f 1968/10/3 1966/10/3 1967/10/3
f 1971/10/3 1970/10/3 1969/10/3
f 1972/10/3 1970/10/3 1971/10/3
f 1975/10/3 1974/10/3 1973/10/3
f 1976/10/3 1974/10/3 1975/10/3
f 1979/10/3 1978/10/3 1977/10/3
f 1980/10/3 1978/10/3 1979/10/3
f 1983/10/3 1982/10/3 1981/10/3
f 1984/10/3 1982/10/3 1983/10/3
f 1987/10/3 1986/10/3 1985/10/3
f 1988/10/3 1986/10/3 1987/10/3
f 1991/10/3 1990/10/3 1989/10/3
f 1992/10/3 1990/10/3 1991/10/3
f 1995/10/3 1994/10/3 1993/10/3
f 1996/10/3 1994/10/3 1995/10/3
f 1999/10/3 1998/10/3 1997/10/3
f 2000/10/3 1998/10/3 1999/10/3
f 2003/10/3 2002/10/3 2001/10/3
f 2004/10/3 2002/10/3 2003/10/3
f 2007/10/3 2006/10/3 2005/10/3
f 2008/10/3 2006/10/3 2007/10/3
f 2011/10/3 2010/10/3 2009/10/3
f 2012/10/3 2010/10/3 2011/10/3
f 2015/10/3 2014/10/3 2013/10/3
f 2016/10/3 2014/10/3 2015/10/3
f 2019/10/3 2018/10/3 2017/10/3
f 2020/10/3 2018/10/3 2019/10/3
f 2023/10/3 2022/10/3 2021/10/3
f 2024/10/3 2022/10/3 2023/10/3
f 2027/10/3 2026/10/3 2025/10/3
f 2028/10/3 2026/10/3 2027/10/3
f 2031/4/3 2030/4/3 2029/4/3
f 2032/4/3 2030/4/3 2031/4/3
f 2038/1/3 2034/1/3 2033/1/3
f 2039/3/3 2035/3/3 2034/3/3
f 2039/1/3 2034/1/3 2038/1/3
f 2040/3/3 2035/3/3 2039/3/3
f 2044/4/3 2043/4/3 2042/4/3
f 2046/11/3 2037/11/3 2036/11/3
f 2047/6/3 2038/6/3 2037/6/3
f 2047/11/3 2037/11/3 2046/11/3
f 2048/6/3 2038/6/3 2047/6/3
f 2051/6/3 2038/6/3 2048/6/3
f 2052/2/3 2045/2/3 2044/2/3
f 2052/4/3 2044/4/3 2042/4/3
f 2053/2/3 2045/2/3 2052/2/3
f 2054/11/3 2050/11/3 2049/11/3
f 2055/6/3 2051/6/3 2050/6/3
f 2055/11/3 2050/11/3 2054/11/3
f 2056/3/3 2039/3/3 2038/3/3
f 2056/6/3 2051/6/3 2055/6/3
f 2056/3/3 2040/3/3 2039/3/3
f 2056/6/3 2038/6/3 2051/6/3
f 2057/3/3 2040/3/3 2056/3/3
f 2058/1/3 2041/1/3 2040/1/3
f 2058/3/3 2040/3/3 2057/3/3
f 2059/1/3 2041/1/3 2058/1/3
f 2060/4/3 2052/4/3 2042/4/3
f 2061/4/3 2052/4/3 2060/4/3
f 2062/1/3 2057/1/3 2056/1/3
f 2063/3/3 2058/3/3 2057/3/3
f 2063/1/3 2057/1/3 2062/1/3
f 2064/3/3 2058/3/3 2063/3/3
f 2067/10/3 2066/10/3 2065/10/3
f 2068/10/3 2066/10/3 2067/10/3
f 2071/2/3 2070/2/3 2069/2/3
f 2072/2/3 2070/2/3 2071/2/3
f 2075/2/3 2074/2/3 2073/2/3
f 2076/2/3 2074/2/3 2075/2/3
f 2079/10/3 2078/10/3 2077/10/3
f 2080/10/3 2078/10/3 2079/10/3
f 2083/10/3 2082/10/3 2081/10/3
f 2084/10/3 2082/10/3 2083/10/3
f 2087/10/3 2086/10/3 2085/10/3
f 2088/10/3 2086/10/3 2087/10/3
f 2091/10/3 2090/10/3 2089/10/3
f 2092/10/3 2090/10/3 2091/10/3
f 2095/10/3 2094/10/3 2093/10/3
f 2096/10/3 2094/10/3 2095/10/3
f 2099/10/3 2098/10/3 2097/10/3
f 2100/10/3 2098/10/3 2099/10/3
f 2103/10/3 2102/10/3 2101/10/3
f 2104/10/3 2102/10/3 2103/10/3
f 2107/10/3 2106/10/3 2105/10/3
f 2108/10/3 2106/10/3 2107/10/3
f 2111/10/3 2110/10/3 2109/10/3
f 2112/10/3 2110/10/3 2111/10/3
f 2115/9/3 2114/9/3 2113/9/3
f 2116/9/3 2114/9/3 2115/9/3
f 2118/10/3 2117/10/3 2116/10/3
f 2119/10/3 2117/10/3 2118/10/3
f 2124/10/3 2121/10/3 2120/10/3
f 2125/10/3 2121/10/3 2124/10/3
f 2126/10/3 2123/10/3 2122/10/3
f 2127/10/3 2123/10/3 2126/10/3
f 2128/10/3 2126/10/3 2122/10/3
f 2132/10/3 2128/10/3 2122/10/3
f 2132/10/3 2129/10/3 2128/10/3
f 2133/10/3 2129/10/3 2132/10/3
f 2134/10/3 2131/10/3 2130/10/3
f 2135/10/3 2131/10/3 2134/10/3
f 2138/10/3 2137/10/3 2136/10/3
f 2139/10/3 2137/10/3 2138/10/3
f 2142/10/3 2141/10/3 2140/10/3
f 2143/10/3 2141/10/3 2142/10/3
f 2146/10/3 2142/10/3 2140/10/3
f 2150/10/3 2145/10/3 2144/10/3
f 2151/10/3 2145/10/3 2150/10/3
f 2152/10/3 2146/10/3 2140/10/3
f 2152/10/3 2147/10/3 2146/10/3
f 2153/10/3 2147/10/3 2152/10/3
f 2155/10/3 2149/10/3 2148/10/3
f 2156/10/3 2149/10/3 2155/10/3
f 2157/9/3 2155/9/3 2154/9/3
f 2158/9/3 2155/9/3 2157/9/3
f 2161/10/3 2160/10/3 2159/10/3
f 2162/10/3 2160/10/3 2161/10/3
f 2166/10/3 2163/10/3 2162/10/3
f 2167/10/3 2163/10/3 2166/10/3
f 2169/10/3 2165/10/3 2164/10/3
f 2170/10/3 2165/10/3 2169/10/3
f 2171/10/3 2169/10/3 2168/10/3
f 2172/10/3 2169/10/3 2171/10/3
f 2174/10/3 2169/10/3 2172/10/3
f 2176/10/3 2174/10/3 2173/10/3
f 2177/10/3 2169/10/3 2174/10/3
f 2177/10/3 2174/10/3 2176/10/3
f 2180/10/3 2176/10/3 2175/10/3
f 2181/10/3 2178/10/3 2177/10/3
f 2182/10/3 2178/10/3 2181/10/3
f 2183/10/3 2180/10/3 2179/10/3
f 2183/10/3 2176/10/3 2180/10/3
f 2184/10/3 2176/10/3 2183/10/3
f 2185/10/3 2183/10/3 2179/10/3
f 2186/10/3 2176/10/3 2184/10/3
f 2187/10/3 2185/10/3 2179/10/3
f 2187/10/3 2186/10/3 2185/10/3
f 2188/10/3 2186/10/3 2187/10/3
f 2190/10/3 2186/10/3 2188/10/3
f 2191/10/3 2190/10/3 2189/10/3
f 2192/10/3 2176/10/3 2186/10/3
f 2192/10/3 2190/10/3 2191/10/3
f 2192/10/3 2186/10/3 2190/10/3
f 2193/10/3 2191/10/3 2189/10/3
f 2194/10/3 2176/10/3 2192/10/3
f 2195/10/3 2193/10/3 2189/10/3
f 2195/10/3 2194/10/3 2193/10/3
f 2196/10/3 2194/10/3 2195/10/3
f 2199/10/3 2194/10/3 2196/10/3
f 2200/10/3 2176/10/3 2194/10/3
f 2200/10/3 2194/10/3 2199/10/3
f 2201/10/3 2198/10/3 2197/10/3
f 2202/10/3 2198/10/3 2201/10/3
f 2203/10/3 2201/10/3 2200/10/3
f 2204/10/3 2201/10/3 2203/10/3
f 2206/10/3 2201/10/3 2204/10/3
f 2209/10/3 2206/10/3 2205/10/3
f 2210/10/3 2201/10/3 2206/10/3
f 2210/10/3 2206/10/3 2209/10/3
f 2213/10/3 2208/10/3 2207/10/3
f 2214/10/3 2208/10/3 2213/10/3
f 2215/10/3 2211/10/3 2210/10/3
f 2216/10/3 2211/10/3 2215/10/3
f 2217/10/3 2213/10/3 2212/10/3
f 2218/10/3 2213/10/3 2217/10/3
f 2221/10/3 2220/10/3 2219/10/3
f 2222/10/3 2220/10/3 2221/10/3
f 2225/10/3 2224/10/3 2223/10/3
f 2226/10/3 2224/10/3 2225/10/3
f 2229/10/3 2228/10/3 2227/10/3
f 2230/10/3 2228/10/3 2229/10/3
f 2233/10/3 2232/10/3 2231/10/3
f 2234/10/3 2232/10/3 2233/10/3
f 2237/10/3 2233/10/3 2231/10/3
f 2238/10/3 2233/10/3 2237/10/3
f 2239/10/3 2236/10/3 2235/10/3
f 2240/10/3 2236/10/3 2239/10/3
f 2241/10/3 2237/10/3 2231/10/3
f 2243/10/3 2241/10/3 2231/10/3
f 2243/10/3 2242/10/3 2241/10/3
f 2244/10/3 2242/10/3 2243/10/3
f 2245/10/3 2243/10/3 2231/10/3
f 2247/10/3 2245/10/3 2231/10/3
f 2247/10/3 2246/10/3 2245/10/3
f 2248/10/3 2246/10/3 2247/10/3
f 2249/10/3 2247/10/3 2231/10/3
f 2251/10/3 2249/10/3 2231/10/3
f 2251/10/3 2250/10/3 2249/10/3
f 2252/10/3 2250/10/3 2251/10/3
f 2253/10/3 2251/10/3 2231/10/3
f 2255/10/3 2253/10/3 2231/10/3
f 2255/10/3 2254/10/3 2253/10/3
f 2256/10/3 2254/10/3 2255/10/3
f 2257/10/3 2255/10/3 2231/10/3
f 2259/10/3 2257/10/3 2231/10/3
f 2259/10/3 2258/10/3 2257/10/3
f 2260/10/3 2258/10/3 2259/10/3
f 2261/10/3 2259/10/3 2231/10/3
f 2263/10/3 2261/10/3 2231/10/3
f 2263/10/3 2262/10/3 2261/10/3
f 2264/10/3 2262/10/3 2263/10/3
f 2265/10/3 2263/10/3 2231/10/3
f 2267/10/3 2265/10/3 2231/10/3
f 2267/10/3 2266/10/3 2265/10/3
f 2268/10/3 2266/10/3 2267/10/3
f 2269/10/3 2267/10/3 2231/10/3
f 2271/10/3 2269/10/3 2231/10/3
f 2271/10/3 2270/10/3 2269/10/3
f 2272/10/3 2270/10/3 2271/10/3
f 2273/10/3 2271/10/3 2231/10/3
f 2275/10/3 2273/10/3 2231/10/3
f 2275/10/3 2274/10/3 2273/10/3
f 2276/10/3 2274/10/3 2275/10/3
f 2277/10/3 2275/10/3 2231/10/3
f 2279/10/3 2277/10/3 2231/10/3
f 2279/10/3 2278/10/3 2277/10/3
f 2280/10/3 2278/10/3 2279/10/3
f 2281/10/3 2279/10/3 2231/10/3
f 2283/10/3 2281/10/3 2231/10/3
f 2283/10/3 2282/10/3 2281/10/3
f 2284/10/3 2282/10/3 2283/10/3
f 2285/10/3 2283/10/3 2231/10/3
f 2289/10/3 2286/10/3 2285/10/3
f 2291/10/3 2288/10/3 2287/10/3
f 2292/10/3 2288/10/3 2291/10/3
f 2293/10/3 2290/10/3 2289/10/3
f 2293/10/3 2285/10/3 2231/10/3
f 2293/10/3 2289/10/3 2285/10/3
f 2294/10/3 2290/10/3 2293/10/3
f 2297/10/3 2296/10/3 2295/10/3
f 2298/10/3 2296/10/3 2297/10/3
f 2301/10/3 2300/10/3 2299/10/3
f 2302/10/3 2300/10/3 2301/10/3
f 2303/10/3 2301/10/3 2299/10/3
f 2305/10/3 2303/10/3 2299/10/3
f 2305/10/3 2304/10/3 2303/10/3
f 2306/10/3 2304/10/3 2305/10/3
f 2309/10/3 2308/10/3 2307/10/3
f 2310/10/3 2308/10/3 2309/10/3
f 2311/10/3 2309/10/3 2307/10/3
f 2313/10/3 2311/10/3 2307/10/3
f 2313/10/3 2312/10/3 2311/10/3
f 2314/10/3 2312/10/3 2313/10/3
f 2317/4/3 2316/4/3 2315/4/3
f 2318/4/3 2316/4/3 2317/4/3
f 2321/4/3 2320/4/3 2319/4/3
f 2322/4/3 2320/4/3 2321/4/3
f 2325/4/3 2324/4/3 2323/4/3
f 2326/4/3 2324/4/3 2325/4/3
f 2329/4/3 2328/4/3 2327/4/3
f 2330/4/3 2328/4/3 2329/4/3
f 2333/4/3 2332/4/3 2331/4/3
f 2334/4/3 2332/4/3 2333/4/3
f 2337/4/3 2336/4/3 2335/4/3
f 2338/4/3 2336/4/3 2337/4/3
f 2341/4/3 2340/4/3 2339/4/3
f 2342/4/3 2340/4/3 2341/4/3
f 2345/4/3 2344/4/3 2343/4/3
f 2346/4/3 2344/4/3 2345/4/3
f 2349/4/3 2348/4/3 2347/4/3
f 2350/4/3 2348/4/3 2349/4/3
f 2353/4/3 2352/4/3 2351/4/3
f 2354/4/3 2352/4/3 2353/4/3
f 2357/4/3 2356/4/3 2355/4/3
f 2358/4/3 2356/4/3 2357/4/3
f 2361/4/3 2360/4/3 2359/4/3
f 2362/4/3 2360/4/3 2361/4/3
f 2365/4/3 2364/4/3 2363/4/3
f 2366/4/3 2364/4/3 2365/4/3
f 2369/4/3 2368/4/3 2367/4/3
f 2370/4/3 2368/4/3 2369/4/3
f 2371/4/4 2372/4/4 2373/4/4
f 2373/4/4 2372/4/4 2374/4/4
f 2375/4/4 2376/4/4 2377/4/4
f 2377/4/4 2376/4/4 2378/4/4
f 2379/4/4 2380/4/4 2381/4/4
f 2381/4/4 2380/4/4 2382/4/4
f 2383/4/4 2384/4/4 2385/4/4
f 2385/4/4 2384/4/4 2386/4/4
f 2387/4/4 2388/4/4 2389/4/4
f 2389/4/4 2388/4/4 2390/4/4
f 2391/4/4 2392/4/4 2393/4/4
f 2393/4/4 2392/4/4 2394/4/4
f 2395/4/4 2396/4/4 2397/4/4
f 2397/4/4 2396/4/4 2398/4/4
f 2399/4/4 2400/4/4 2401/4/4
f 2401/4/4 2400/4/4 2402/4/4
f 2403/4/4 2404/4/4 2405/4/4
f 2405/4/4 2404/4/4 2406/4/4
f 2407/4/4 2408/4/4 2409/4/4
f 2409/4/4 2408/4/4 2410/4/4
f 2411/4/4 2412/4/4 2413/4/4
f 2413/4/4 2412/4/4 2414/4/4
f 2415/4/4 2416/4/4 2417/4/4
f 2417/4/4 2416/4/4 2418/4/4
f 2419/4/4 2420/4/4 2421/4/4
f 2421/4/4 2420/4/4 2422/4/4
f 2423/4/4 2424/4/4 2425/4/4
f 2425/4/4 2424/4/4 2426/4/4
f 2427/4/4 2428/4/4 2429/4/4
f 2429/4/4 2428/4/4 2430/4/4
f 2431/4/4 2432/4/4 2433/4/4
f 2433/4/4 2432/4/4 2434/4/4
f 2435/10/4 2436/10/4 2437/10/4
f 2437/10/4 2436/10/4 2438/10/4
f 2435/10/4 2437/10/4 2439/10/4
f 2435/10/4 2439/10/4 2441/10/4
f 2439/10/4 2440/10/4 2441/10/4
f 2441/10/4 2440/10/4 2442/10/4
f 2443/10/4 2444/10/4 2445/10/4
f 2445/10/4 2444/10/4 2446/10/4
f 2443/10/4 2445/10/4 2447/10/4
f 2443/10/4 2447/10/4 2449/10/4
f 2447/10/4 2448/10/4 2449/10/4
f 2449/10/4 2448/10/4 2450/10/4
f 2451/10/4 2452/10/4 2453/10/4
f 2453/10/4 2452/10/4 2454/10/4
f 2455/10/4 2456/10/4 2457/10/4
f 2457/10/4 2456/10/4 2458/10/4
f 2455/10/4 2457/10/4 2461/10/4
f 2461/10/4 2457/10/4 2462/10/4
f 2459/10/4 2460/10/4 2463/10/4
f 2463/10/4 2460/10/4 2464/10/4
f 2455/10/4 2461/10/4 2465/10/4
f 2455/10/4 2465/10/4 2467/10/4
f 2465/10/4 2466/10/4 2467/10/4
f 2467/10/4 2466/10/4 2468/10/4
f 2455/10/4 2467/10/4 2469/10/4
f 2455/10/4 2469/10/4 2471/10/4
f 2469/10/4 2470/10/4 2471/10/4
f 2471/10/4 2470/10/4 2472/10/4
f 2455/10/4 2471/10/4 2473/10/4
f 2455/10/4 2473/10/4 2475/10/4
f 2473/10/4 2474/10/4 2475/10/4
f 2475/10/4 2474/10/4 2476/10/4
f 2455/10/4 2475/10/4 2477/10/4
f 2455/10/4 2477/10/4 2479/10/4
f 2477/10/4 2478/10/4 2479/10/4
f 2479/10/4 2478/10/4 2480/10/4
f 2455/10/4 2479/10/4 2481/10/4
f 2455/10/4 2481/10/4 2483/10/4
f 2481/10/4 2482/10/4 2483/10/4
f 2483/10/4 2482/10/4 2484/10/4
f 2455/10/4 2483/10/4 2485/10/4
f 2455/10/4 2485/10/4 2487/10/4
f 2485/10/4 2486/10/4 2487/10/4
f 2487/10/4 2486/10/4 2488/10/4
f 2455/10/4 2487/10/4 2489/10/4
f 2455/10/4 2489/10/4 2491/10/4
f 2489/10/4 2490/10/4 2491/10/4
f 2491/10/4 2490/10/4 2492/10/4
f 2455/10/4 2491/10/4 2493/10/4
f 2455/10/4 2493/10/4 2495/10/4
f 2493/10/4 2494/10/4 2495/10/4
f 2495/10/4 2494/10/4 2496/10/4
f 2455/10/4 2495/10/4 2497/10/4
f 2455/10/4 2497/10/4 2499/10/4
f 2497/10/4 2498/10/4 2499/10/4
f 2499/10/4 2498/10/4 2500/10/4
f 2455/10/4 2499/10/4 2501/10/4
f 2455/10/4 2501/10/4 2503/10/4
f 2501/10/4 2502/10/4 2503/10/4
f 2503/10/4 2502/10/4 2504/10/4
f 2455/10/4 2503/10/4 2505/10/4
f 2455/10/4 2505/10/4 2507/10/4
f 2505/10/4 2506/10/4 2507/10/4
f 2507/10/4 2506/10/4 2508/10/4
f 2455/10/4 2507/10/4 2509/10/4
f 2509/10/4 2510/10/4 2513/10/4
f 2511/10/4 2512/10/4 2515/10/4
f 2515/10/4 2512/10/4 2516/10/4
f 2513/10/4 2514/10/4 2517/10/4
f 2455/10/4 2509/10/4 2517/10/4
f 2509/10/4 2513/10/4 2517/10/4
f 2517/10/4 2514/10/4 2518/10/4
f 2519/10/4 2520/10/4 2521/10/4
f 2521/10/4 2520/10/4 2522/10/4
f 2523/10/4 2524/10/4 2525/10/4
f 2525/10/4 2524/10/4 2526/10/4
f 2526/10/4 2527/10/4 2530/10/4
f 2530/10/4 2527/10/4 2531/10/4
f 2528/10/4 2529/10/4 2533/10/4
f 2533/10/4 2529/10/4 2534/10/4
f 2532/10/4 2533/10/4 2535/10/4
f 2535/10/4 2533/10/4 2536/10/4
f 2536/10/4 2533/10/4 2538/10/4
f 2537/10/4 2538/10/4 2541/10/4
f 2538/10/4 2533/10/4 2542/10/4
f 2541/10/4 2538/10/4 2542/10/4
f 2539/10/4 2540/10/4 2545/10/4
f 2542/10/4 2543/10/4 2546/10/4
f 2546/10/4 2543/10/4 2547/10/4
f 2544/10/4 2545/10/4 2548/10/4
f 2545/10/4 2540/10/4 2548/10/4
f 2548/10/4 2540/10/4 2549/10/4
f 2544/10/4 2548/10/4 2550/10/4
f 2550/10/4 2548/10/4 2551/10/4
f 2552/10/4 2553/10/4 2554/10/4
f 2552/10/4 2554/10/4 2556/10/4
f 2554/10/4 2555/10/4 2556/10/4
f 2556/10/4 2555/10/4 2557/10/4
f 2557/10/4 2555/10/4 2560/10/4
f 2560/10/4 2555/10/4 2561/10/4
f 2558/10/4 2559/10/4 2564/10/4
f 2564/10/4 2559/10/4 2565/10/4
f 2562/10/4 2563/10/4 2566/10/4
f 2563/10/4 2564/10/4 2566/10/4
f 2566/10/4 2564/10/4 2567/10/4
f 2567/10/4 2564/10/4 2569/10/4
f 2568/10/4 2569/10/4 2572/10/4
f 2569/10/4 2564/10/4 2573/10/4
f 2572/10/4 2569/10/4 2573/10/4
f 2570/10/4 2571/10/4 2576/10/4
f 2576/10/4 2571/10/4 2577/10/4
f 2573/10/4 2574/10/4 2578/10/4
f 2578/10/4 2574/10/4 2579/10/4
f 2575/10/4 2576/10/4 2580/10/4
f 2580/10/4 2576/10/4 2581/10/4
f 2582/9/4 2583/9/4 2584/9/4
f 2584/9/4 2583/9/4 2585/9/4
f 2585/10/4 2586/10/4 2587/10/4
f 2587/10/4 2586/10/4 2588/10/4
f 2589/10/4 2590/10/4 2593/10/4
f 2593/10/4 2590/10/4 2594/10/4
f 2591/10/4 2592/10/4 2595/10/4
f 2595/10/4 2592/10/4 2596/10/4
f 2591/10/4 2595/10/4 2599/10/4
f 2597/10/4 2598/10/4 2604/10/4
f 2604/10/4 2598/10/4 2605/10/4
f 2591/10/4 2599/10/4 2606/10/4
f 2599/10/4 2600/10/4 2606/10/4
f 2606/10/4 2600/10/4 2607/10/4
f 2601/10/4 2602/10/4 2608/10/4
f 2608/10/4 2602/10/4 2609/10/4
f 2603/10/4 2604/10/4 2610/10/4
f 2603/10/4 2610/10/4 2612/10/4
f 2610/10/4 2611/10/4 2612/10/4
f 2612/10/4 2611/10/4 2613/10/4
f 2614/10/4 2615/10/4 2616/10/4
f 2616/10/4 2615/10/4 2617/10/4
f 2614/10/4 2616/10/4 2620/10/4
f 2618/10/4 2619/10/4 2622/10/4
f 2622/10/4 2619/10/4 2623/10/4
f 2620/10/4 2621/10/4 2624/10/4
f 2614/10/4 2620/10/4 2624/10/4
f 2624/10/4 2621/10/4 2625/10/4
f 2625/10/4 2621/10/4 2626/10/4
f 2627/10/4 2628/10/4 2629/10/4
f 2629/10/4 2628/10/4 2630/10/4
f 2627/10/4 2629/10/4 2633/10/4
f 2631/10/4 2632/10/4 2637/10/4
f 2637/10/4 2632/10/4 2638/10/4
f 2627/10/4 2633/10/4 2639/10/4
f 2633/10/4 2634/10/4 2639/10/4
f 2639/10/4 2634/10/4 2640/10/4
f 2635/10/4 2636/10/4 2642/10/4
f 2642/10/4 2636/10/4 2643/10/4
f 2641/9/4 2642/9/4 2644/9/4
f 2644/9/4 2642/9/4 2645/9/4
f 2646/10/4 2647/10/4 2648/10/4
f 2648/10/4 2647/10/4 2649/10/4
f 2650/10/4 2651/10/4 2652/10/4
f 2652/10/4 2651/10/4 2653/10/4
f 2654/10/4 2655/10/4 2658/10/4
f 2658/10/4 2655/10/4 2659/10/4
f 2656/10/4 2657/10/4 2660/10/4
f 2660/10/4 2657/10/4 2661/10/4
f 2662/10/4 2663/10/4 2664/10/4
f 2664/10/4 2663/10/4 2665/10/4
f 2666/10/4 2667/10/4 2668/10/4
f 2668/10/4 2667/10/4 2669/10/4
f 2670/10/4 2671/10/4 2672/10/4
f 2672/10/4 2671/10/4 2673/10/4
f 2674/10/4 2675/10/4 2676/10/4
f 2676/10/4 2675/10/4 2677/10/4
f 2678/10/4 2679/10/4 2680/10/4
f 2680/10/4 2679/10/4 2681/10/4
f 2682/10/4 2683/10/4 2684/10/4
f 2684/10/4 2683/10/4 2685/10/4
f 2686/10/4 2687/10/4 2688/10/4
f 2688/10/4 2687/10/4 2689/10/4
f 2690/10/4 2691/10/4 2692/10/4
f 2690/10/4 2692/10/4 2694/10/4
f 2692/10/4 2693/10/4 2694/10/4
f 2694/10/4 2693/10/4 2695/10/4
f 2690/10/4 2694/10/4 2696/10/4
f 2696/10/4 2694/10/4 2697/10/4
f 2698/10/4 2699/10/4 2700/10/4
f 2700/10/4 2699/10/4 2701/10/4
f 2702/10/4 2703/10/4 2706/10/4
f 2706/10/4 2703/10/4 2707/10/4
f 2704/10/4 2705/10/4 2708/10/4
f 2708/10/4 2705/10/4 2709/10/4
f 2710/10/4 2711/10/4 2712/10/4
f 2712/10/4 2711/10/4 2713/10/4
f 2714/10/4 2715/10/4 2716/10/4
f 2716/10/4 2715/10/4 2717/10/4
f 2718/10/4 2719/10/4 2720/10/4
f 2720/10/4 2719/10/4 2721/10/4
f 2722/10/4 2723/10/4 2724/10/4
f 2724/10/4 2723/10/4 2725/10/4
f 2726/10/4 2727/10/4 2728/10/4
f 2728/10/4 2727/10/4 2729/10/4
f 2730/10/4 2731/10/4 2732/10/4
f 2732/10/4 2731/10/4 2733/10/4
f 2734/10/4 2735/10/4 2736/10/4
f 2736/10/4 2735/10/4 2737/10/4
f 2738/10/4 2739/10/4 2740/10/4
f 2740/10/4 2739/10/4 2741/10/4
f 2742/10/4 2743/10/4 2745/10/4
f 2745/10/4 2743/10/4 2746/10/4
f 2744/10/4 2745/10/4 2748/10/4
f 2746/10/4 2747/10/4 2748/10/4
f 2745/10/4 2746/10/4 2748/10/4
f 2748/10/4 2747/10/4 2749/10/4
f 2744/10/4 2748/10/4 2750/10/4
f 2744/10/4 2750/10/4 2752/10/4
f 2750/10/4 2751/10/4 2752/10/4
f 2752/10/4 2751/10/4 2753/10/4
f 2753/10/4 2751/10/4 2754/10/4
f 2754/10/4 2751/10/4 2755/10/4
f 2744/10/4 2752/10/4 2756/10/4
f 2753/10/4 2754/10/4 2757/10/4
f 2757/10/4 2754/10/4 2758/10/4
f 2756/10/4 2757/10/4 2760/10/4
f 2758/10/4 2759/10/4 2760/10/4
f 2757/10/4 2758/10/4 2760/10/4
f 2760/10/4 2759/10/4 2761/10/4
f 2744/10/4 2756/10/4 2762/10/4
f 2756/10/4 2760/10/4 2762/10/4
f 2762/10/4 2760/10/4 2763/10/4
f 2763/10/4 2760/10/4 2764/10/4
f 2764/10/4 2765/10/4 2766/10/4
f 2763/10/4 2764/10/4 2766/10/4
f 2766/10/4 2765/10/4 2767/10/4
f 2767/10/4 2765/10/4 2768/10/4
f 2768/10/4 2765/10/4 2769/10/4
f 2767/10/4 2768/10/4 2770/10/4
f 2767/10/4 2770/10/4 2772/10/4
f 2770/10/4 2771/10/4 2772/10/4
f 2772/10/4 2771/10/4 2773/10/4
f 2767/10/4 2772/10/4 2775/10/4
f 2775/10/4 2772/10/4 2776/10/4
f 2774/10/4 2775/10/4 2779/10/4
f 2776/10/4 2777/10/4 2779/10/4
f 2775/10/4 2776/10/4 2779/10/4
f 2779/10/4 2777/10/4 2780/10/4
f 2780/10/4 2777/10/4 2781/10/4
f 2778/10/4 2779/10/4 2782/10/4
f 2779/10/4 2780/10/4 2782/10/4
f 2778/10/4 2782/10/4 2784/10/4
f 2782/10/4 2783/10/4 2784/10/4
f 2784/10/4 2783/10/4 2785/10/4
f 2785/10/4 2783/10/4 2786/10/4
f 2786/10/4 2783/10/4 2787/10/4
f 2778/10/4 2784/10/4 2788/10/4
f 2785/10/4 2786/10/4 2789/10/4
f 2789/10/4 2786/10/4 2790/10/4
f 2788/10/4 2789/10/4 2792/10/4
f 2790/10/4 2791/10/4 2792/10/4
f 2789/10/4 2790/10/4 2792/10/4
f 2792/10/4 2791/10/4 2793/10/4
f 2788/10/4 2792/10/4 2794/10/4
f 2778/10/4 2788/10/4 2796/10/4
f 2794/10/4 2795/10/4 2796/10/4
f 2788/10/4 2794/10/4 2796/10/4
f 2796/10/4 2795/10/4 2797/10/4
f 2797/10/4 2795/10/4 2798/10/4
f 2798/10/4 2795/10/4 2799/10/4
f 2797/10/4 2798/10/4 2800/10/4
f 2800/10/4 2798/10/4 2801/10/4
f 2802/10/4 2803/10/4 2804/10/4
f 2804/10/4 2803/10/4 2805/10/4
f 2806/10/4 2807/10/4 2808/10/4
f 2808/10/4 2807/10/4 2809/10/4
f 2810/10/4 2811/10/4 2812/10/4
f 2812/10/4 2811/10/4 2813/10/4
f 2814/10/4 2815/10/4 2816/10/4
f 2816/10/4 2815/10/4 2817/10/4
f 2818/10/4 2819/10/4 2820/10/4
f 2820/10/4 2819/10/4 2821/10/4
f 2822/10/4 2823/10/4 2824/10/4
f 2824/10/4 2823/10/4 2825/10/4
f 2826/10/4 2827/10/4 2828/10/4
f 2828/10/4 2827/10/4 2829/10/4
f 2830/10/4 2831/10/4 2832/10/4
f 2832/10/4 2831/10/4 2833/10/4
f 2834/10/4 2835/10/4 2836/10/4
f 2836/10/4 2835/10/4 2837/10/4
f 2838/10/4 2839/10/4 2840/10/4
f 2840/10/4 2839/10/4 2841/10/4
f 2842/10/4 2843/10/4 2844/10/4
f 2844/10/4 2843/10/4 2845/10/4
f 2846/10/4 2847/10/4 2848/10/4
f 2848/10/4 2847/10/4 2849/10/4
f 2850/10/4 2851/10/4 2852/10/4
f 2852/10/4 2851/10/4 2853/10/4
f 2854/1/4 2855/1/4 2858/1/4
f 2855/3/4 2856/3/4 2859/3/4
f 2858/1/4 2855/1/4 2859/1/4
f 2859/3/4 2856/3/4 2860/3/4
f 2861/1/4 2862/1/4 2865/1/4
f 2860/1/4 2861/1/4 2865/1/4
f 2865/1/4 2862/1/4 2866/1/4
f 2863/4/4 2864/4/4 2868/4/4
f 2857/6/4 2858/6/4 2870/6/4
f 2870/6/4 2858/6/4 2871/6/4
f 2858/3/4 2859/3/4 2872/3/4
f 2859/3/4 2860/3/4 2872/3/4
f 2860/1/4 2865/1/4 2873/1/4
f 2872/3/4 2860/3/4 2873/3/4
f 2865/7/4 2866/7/4 2874/7/4
f 2873/1/4 2865/1/4 2874/1/4
f 2866/1/4 2867/1/4 2875/1/4
f 2874/7/4 2866/7/4 2875/7/4
f 2868/2/4 2869/2/4 2876/2/4
f 2876/2/4 2869/2/4 2877/2/4
f 2873/1/4 2874/1/4 2878/1/4
f 2875/1/4 2867/1/4 2878/1/4
f 2874/1/4 2875/1/4 2878/1/4
f 2872/1/4 2873/1/4 2878/1/4
f 2878/1/4 2867/1/4 2879/1/4
f 2871/6/4 2858/6/4 2881/6/4
f 2858/3/4 2872/3/4 2882/3/4
f 2872/1/4 2878/1/4 2882/1/4
f 2882/1/4 2878/1/4 2883/1/4
f 2883/1/4 2878/1/4 2884/1/4
f 2884/1/4 2878/1/4 2885/1/4
f 2868/2/4 2876/2/4 2886/2/4
f 2884/7/4 2885/7/4 2888/7/4
f 2883/1/4 2884/1/4 2888/1/4
f 2888/7/4 2885/7/4 2889/7/4
f 2886/2/4 2887/2/4 2891/2/4
f 2868/2/4 2886/2/4 2891/2/4
f 2863/4/4 2868/4/4 2891/4/4
f 2891/2/4 2887/2/4 2892/2/4
f 2880/6/4 2881/6/4 2893/6/4
f 2881/6/4 2858/6/4 2894/6/4
f 2893/6/4 2881/6/4 2894/6/4
f 2858/3/4 2882/3/4 2894/3/4
f 2882/3/4 2883/3/4 2894/3/4
f 2894/3/4 2883/3/4 2895/3/4
f 2889/1/4 2890/1/4 2896/1/4
f 2895/3/4 2883/3/4 2896/3/4
f 2888/1/4 2889/1/4 2896/1/4
f 2883/1/4 2888/1/4 2896/1/4
f 2896/1/4 2890/1/4 2897/1/4
f 2897/1/4 2890/1/4 2898/1/4
f 2863/4/4 2891/4/4 2899/4/4
f 2899/4/4 2891/4/4 2900/4/4
f 2894/1/4 2895/1/4 2901/1/4
f 2895/3/4 2896/3/4 2902/3/4
f 2901/1/4 2895/1/4 2902/1/4
f 2902/3/4 2896/3/4 2903/3/4
f 2904/10/4 2905/10/4 2906/10/4
f 2906/10/4 2905/10/4 2907/10/4
f 2908/4/4 2909/4/4 2912/4/4
f 2912/4/4 2909/4/4 2913/4/4
f 2913/4/4 2909/4/4 2914/4/4
f 2914/4/4 2909/4/4 2915/4/4
f 2910/11/4 2911/11/4 2916/11/4
f 2916/11/4 2911/11/4 2917/11/4
f 2915/4/4 2909/4/4 2919/4/4
f 2918/4/4 2919/4/4 2922/4/4
f 2919/4/4 2909/4/4 2923/4/4
f 2922/4/4 2919/4/4 2923/4/4
f 2920/11/4 2921/11/4 2924/11/4
f 2924/11/4 2921/11/4 2925/11/4
f 2923/4/4 2909/4/4 2927/4/4
f 2926/4/4 2927/4/4 2928/4/4
f 2927/4/4 2909/4/4 2929/4/4
f 2928/4/4 2927/4/4 2929/4/4
f 2930/10/4 2931/10/4 2932/10/4
f 2932/10/4 2931/10/4 2933/10/4
f 2934/10/4 2935/10/4 2936/10/4
f 2936/10/4 2935/10/4 2937/10/4
f 2938/10/4 2939/10/4 2940/10/4
f 2940/10/4 2939/10/4 2941/10/4
f 2942/10/4 2943/10/4 2944/10/4
f 2944/10/4 2943/10/4 2945/10/4
f 2946/10/4 2947/10/4 2948/10/4
f 2948/10/4 2947/10/4 2949/10/4
f 2950/10/4 2951/10/4 2952/10/4
f 2952/10/4 2951/10/4 2953/10/4
f 2954/10/4 2955/10/4 2956/10/4
f 2956/10/4 2955/10/4 2957/10/4
f 2958/10/4 2959/10/4 2960/10/4
f 2960/10/4 2959/10/4 2961/10/4
f 2962/10/4 2963/10/4 2964/10/4
f 2964/10/4 2963/10/4 2965/10/4
f 2962/10/4 2964/10/4 2966/10/4
f 2962/10/4 2966/10/4 2968/10/4
f 2966/10/4 2967/10/4 2968/10/4
f 2968/10/4 2967/10/4 2969/10/4
f 2970/10/4 2971/10/4 2972/10/4
f 2972/10/4 2971/10/4 2973/10/4
f 2970/10/4 2972/10/4 2974/10/4
f 2970/10/4 2974/10/4 2976/10/4
f 2974/10/4 2975/10/4 2976/10/4
f 2976/10/4 2975/10/4 2977/10/4
f 2978/10/4 2979/10/4 2980/10/4
f 2980/10/4 2979/10/4 2981/10/4
f 2982/10/4 2983/10/4 2984/10/4
f 2984/10/4 2983/10/4 2985/10/4
f 2986/10/4 2987/10/4 2988/10/4
f 2988/10/4 2987/10/4 2989/10/4
f 2990/10/4 2991/10/4 2994/10/4
f 2994/10/4 2991/10/4 2995/10/4
f 2992/10/4 2993/10/4 2996/10/4
f 2996/10/4 2993/10/4 2997/10/4
f 2998/10/4 2999/10/4 3000/10/4
f 3000/10/4 2999/10/4 3001/10/4
f 3002/10/4 3003/10/4 3004/10/4
f 3004/10/4 3003/10/4 3005/10/4
f 3005/10/4 3006/10/4 3009/10/4
f 3009/10/4 3006/10/4 3010/10/4
f 3007/10/4 3008/10/4 3011/10/4
f 3011/10/4 3008/10/4 3012/10/4
f 3010/10/4 3011/10/4 3014/10/4
f 3014/10/4 3011/10/4 3015/10/4
f 3015/10/4 3011/10/4 3016/10/4
f 3013/10/4 3014/10/4 3019/10/4
f 3014/10/4 3015/10/4 3019/10/4
f 3019/10/4 3015/10/4 3020/10/4
f 3020/10/4 3015/10/4 3021/10/4
f 3016/10/4 3017/10/4 3022/10/4
f 3022/10/4 3017/10/4 3023/10/4
f 3018/10/4 3019/10/4 3024/10/4
f 3019/10/4 3020/10/4 3024/10/4
f 3018/10/4 3024/10/4 3026/10/4
f 3024/10/4 3025/10/4 3026/10/4
f 3026/10/4 3025/10/4 3027/10/4
f 3027/10/4 3025/10/4 3028/10/4
f 3028/10/4 3025/10/4 3029/10/4
f 3018/10/4 3026/10/4 3030/10/4
f 3027/10/4 3028/10/4 3031/10/4
f 3031/10/4 3028/10/4 3032/10/4
f 3030/10/4 3031/10/4 3034/10/4
f 3032/10/4 3033/10/4 3034/10/4
f 3031/10/4 3032/10/4 3034/10/4
f 3034/10/4 3033/10/4 3035/10/4
f 3018/10/4 3030/10/4 3036/10/4
f 3030/10/4 3034/10/4 3036/10/4
f 3036/10/4 3034/10/4 3037/10/4
f 3037/10/4 3034/10/4 3038/10/4
f 3038/10/4 3039/10/4 3040/10/4
f 3037/10/4 3038/10/4 3040/10/4
f 3040/10/4 3039/10/4 3041/10/4
f 3037/10/4 3040/10/4 3042/10/4
f 3037/10/4 3042/10/4 3044/10/4
f 3042/10/4 3043/10/4 3044/10/4
f 3044/10/4 3043/10/4 3045/10/4
f 3037/10/4 3044/10/4 3046/10/4
f 3037/10/4 3046/10/4 3048/10/4
f 3046/10/4 3047/10/4 3048/10/4
f 3048/10/4 3047/10/4 3049/10/4
f 3037/10/4 3048/10/4 3050/10/4
f 3037/10/4 3050/10/4 3052/10/4
f 3050/10/4 3051/10/4 3052/10/4
f 3052/10/4 3051/10/4 3053/10/4
f 3037/10/4 3052/10/4 3054/10/4
f 3037/10/4 3054/10/4 3056/10/4
f 3054/10/4 3055/10/4 3056/10/4
f 3056/10/4 3055/10/4 3057/10/4
f 3037/10/4 3056/10/4 3058/10/4
f 3037/10/4 3058/10/4 3060/10/4
f 3058/10/4 3059/10/4 3060/10/4
f 3060/10/4 3059/10/4 3061/10/4
f 3037/10/4 3060/10/4 3063/10/4
f 3063/10/4 3060/10/4 3064/10/4
f 3062/10/4 3063/10/4 3066/10/4
f 3064/10/4 3065/10/4 3066/10/4
f 3063/10/4 3064/10/4 3066/10/4
f 3066/10/4 3065/10/4 3067/10/4
f 3062/10/4 3066/10/4 3068/10/4
f 3068/10/4 3066/10/4 3069/10/4
f 3069/10/4 3066/10/4 3070/10/4
f 3062/10/4 3068/10/4 3072/10/4
f 3070/10/4 3071/10/4 3073/10/4
f 3069/10/4 3070/10/4 3073/10/4
f 3073/10/4 3071/10/4 3074/10/4
f 3074/10/4 3071/10/4 3075/10/4
f 3072/10/4 3073/10/4 3076/10/4
f 3073/10/4 3074/10/4 3076/10/4
f 3072/10/4 3076/10/4 3078/10/4
f 3076/10/4 3077/10/4 3078/10/4
f 3078/10/4 3077/10/4 3079/10/4
f 3062/10/4 3072/10/4 3080/10/4
f 3072/10/4 3078/10/4 3080/10/4
f 3080/10/4 3078/10/4 3081/10/4
f 3081/10/4 3078/10/4 3082/10/4
f 3082/10/4 3083/10/4 3086/10/4
f 3081/10/4 3082/10/4 3086/10/4
f 3086/10/4 3083/10/4 3087/10/4
f 3087/10/4 3083/10/4 3088/10/4
f 3084/10/4 3085/10/4 3089/10/4
f 3089/10/4 3085/10/4 3090/10/4
f 3087/10/4 3088/10/4 3092/10/4
f 3088/10/4 3089/10/4 3092/10/4
f 3092/10/4 3089/10/4 3093/10/4
f 3091/10/4 3092/10/4 3096/10/4
f 3096/10/4 3092/10/4 3097/10/4
f 3093/10/4 3094/10/4 3098/10/4
f 3098/10/4 3094/10/4 3099/10/4
f 3095/10/4 3096/10/4 3100/10/4
f 3100/10/4 3096/10/4 3101/10/4
f 3102/10/4 3103/10/4 3104/10/4
f 3104/10/4 3103/10/4 3105/10/4
f 3107/10/4 3108/10/4 3109/10/4
f 3109/10/4 3108/10/4 3110/10/4
f 3107/10/4 3109/10/4 3111/10/4
f 3105/10/4 3106/10/4 3114/10/4
f 3114/10/4 3106/10/4 3115/10/4
f 3111/10/4 3112/10/4 3116/10/4
f 3107/10/4 3111/10/4 3116/10/4
f 3116/10/4 3112/10/4 3117/10/4
f 3113/10/4 3114/10/4 3118/10/4
f 3118/10/4 3114/10/4 3119/10/4
f 3120/10/4 3121/10/4 3122/10/4
f 3122/10/4 3121/10/4 3123/10/4
f 3123/10/4 3124/10/4 3126/10/4
f 3126/10/4 3124/10/4 3127/10/4
f 3125/10/4 3126/10/4 3128/10/4
f 3128/10/4 3126/10/4 3129/10/4
f 3130/10/4 3131/10/4 3132/10/4
f 3132/10/4 3131/10/4 3133/10/4
f 3135/10/4 3136/10/4 3137/10/4
f 3137/10/4 3136/10/4 3138/10/4
f 3135/10/4 3137/10/4 3139/10/4
f 3133/10/4 3134/10/4 3142/10/4
f 3142/10/4 3134/10/4 3143/10/4
f 3139/10/4 3140/10/4 3144/10/4
f 3135/10/4 3139/10/4 3144/10/4
f 3144/10/4 3140/10/4 3145/10/4
f 3141/10/4 3142/10/4 3146/10/4
f 3146/10/4 3142/10/4 3147/10/4
f 3148/9/4 3149/9/4 3150/9/4
f 3150/9/4 3149/9/4 3151/9/4
f 3152/10/4 3153/10/4 3155/10/4
f 3155/10/4 3153/10/4 3156/10/4
f 3154/9/4 3155/9/4 3157/9/4
f 3157/9/4 3155/9/4 3158/9/4
f 3159/4/4 3160/4/4 3161/4/4
f 3161/4/4 3160/4/4 3162/4/4
f 3163/4/4 3164/4/4 3167/4/4
f 3167/4/4 3164/4/4 3168/4/4
f 3165/9/4 3166/9/4 3169/9/4
f 3169/9/4 3166/9/4 3170/9/4
f 3171/10/4 3172/10/4 3173/10/4
f 3173/10/4 3172/10/4 3174/10/4
f 3175/9/4 3176/9/4 3177/9/4
f 3177/9/4 3176/9/4 3178/9/4
f 3179/9/4 3180/9/4 3181/9/4
f 3181/9/4 3180/9/4 3182/9/4
f 3183/4/4 3184/4/4 3185/4/4
f 3185/4/4 3184/4/4 3186/4/4
f 3187/4/4 3188/4/4 3189/4/4
f 3189/4/4 3188/4/4 3190/4/4
f 3191/9/4 3192/9/4 3193/9/4
f 3193/9/4 3192/9/4 3194/9/4
f 3195/4/4 3196/4/4 3197/4/4
f 3197/4/4 3196/4/4 3198/4/4
f 3199/4/4 3200/4/4 3201/4/4
f 3201/4/4 3200/4/4 3202/4/4
f 3203/4/4 3204/4/4 3205/4/4
f 3205/4/4 3204/4/4 3206/4/4
f 3207/4/4 3208/4/4 3209/4/4
f 3209/4/4 3208/4/4 3210/4/4
f 3211/4/4 3212/4/4 3213/4/4
f 3213/4/4 3212/4/4 3214/4/4
f 3215/4/4 3216/4/4 3217/4/4
f 3217/4/4 3216/4/4 3218/4/4
f 3219/4/4 3220/4/4 3221/4/4
f 3221/4/4 3220/4/4 3222/4/4
f 3223/4/4 3224/4/4 3225/4/4
f 3225/4/4 3224/4/4 3226/4/4
f 3227/4/4 3228/4/4 3229/4/4
f 3229/4/4 3228/4/4 3230/4/4
f 3231/4/4 3232/4/4 3233/4/4
f 3233/4/4 3232/4/4 3234/4/4
f 3235/8/4 3236/8/4 3237/8/4
f 3237/4/4 3238/4/4 3239/4/4
f 3239/4/4 3238/4/4 3240/4/4
f 3237/4/4 3239/4/4 3241/4/4
f 3235/8/4 3237/8/4 3243/8/4
f 3241/4/4 3242/4/4 3243/4/4
f 3237/4/4 3241/4/4 3243/4/4
f 3243/4/4 3242/4/4 3244/4/4
f 3235/8/4 3243/8/4 3245/8/4
f 3245/8/4 3243/8/4 3246/8/4
f 3249/8/5 3248/8/5 3247/8/5
f 3250/8/5 3248/8/5 3249/8/5
f 3251/5/5 3250/5/5 3249/5/5
f 3252/5/5 3250/5/5 3251/5/5
f 3253/8/5 3252/8/5 3251/8/5
f 3254/8/5 3252/8/5 3253/8/5
f 3259/4/5 3256/4/5 3255/4/5
f 3260/4/5 3256/4/5 3259/4/5
f 3261/4/5 3258/4/5 3257/4/5
f 3262/4/5 3258/4/5 3261/4/5
f 3268/10/5 3265/10/5 3264/10/5
f 3268/10/5 3264/10/5 3263/10/5
f 3269/10/5 3265/10/5 3268/10/5
f 3270/10/5 3267/10/5 3266/10/5
f 3271/10/5 3267/10/5 3270/10/5
f 3276/4/5 3273/4/5 3272/4/5
f 3277/4/5 3273/4/5 3276/4/5
f 3278/4/5 3275/4/5 3274/4/5
f 3279/4/5 3275/4/5 3278/4/5
f 3284/4/5 3281/4/5 3280/4/5
f 3285/4/5 3281/4/5 3284/4/5
f 3286/4/5 3283/4/5 3282/4/5
f 3287/4/5 3283/4/5 3286/4/5
f 3292/10/5 3289/10/5 3288/10/5
f 3293/10/5 3289/10/5 3292/10/5
f 3294/10/5 3291/10/5 3290/10/5
f 3295/10/5 3291/10/5 3294/10/5
f 3298/10/5 3297/10/5 3296/10/5
f 3299/10/5 3297/10/5 3298/10/5
f 3304/4/5 3301/4/5 3300/4/5
f 3305/4/5 3301/4/5 3304/4/5
f 3306/4/5 3303/4/5 3302/4/5
f 3307/4/5 3303/4/5 3306/4/5
f 3312/4/5 3309/4/5 3308/4/5
f 3313/4/5 3309/4/5 3312/4/5
f 3314/4/5 3311/4/5 3310/4/5
f 3315/4/5 3311/4/5 3314/4/5
f 3320/10/5 3317/10/5 3316/10/5
f 3321/10/5 3317/10/5 3320/10/5
f 3322/10/5 3319/10/5 3318/10/5
f 3323/10/5 3319/10/5 3322/10/5
f 3328/4/5 3325/4/5 3324/4/5
f 3329/4/5 3325/4/5 3328/4/5
f 3330/4/5 3327/4/5 3326/4/5
f 3331/4/5 3327/4/5 3330/4/5
f 3336/4/5 3333/4/5 3332/4/5
f 3337/4/5 3333/4/5 3336/4/5
f 3338/4/5 3335/4/5 3334/4/5
f 3339/4/5 3335/4/5 3338/4/5
f 3344/10/5 3341/10/5 3340/10/5
f 3345/10/5 3341/10/5 3344/10/5
f 3346/10/5 3343/10/5 3342/10/5
f 3347/10/5 3343/10/5 3346/10/5
f 3350/6/5 3349/6/5 3348/6/5
f 3351/6/5 3349/6/5 3350/6/5
f 3356/4/5 3353/4/5 3352/4/5
f 3357/4/5 3353/4/5 3356/4/5
f 3358/4/5 3355/4/5 3354/4/5
f 3359/4/5 3355/4/5 3358/4/5
f 3364/4/5 3361/4/5 3360/4/5
f 3365/4/5 3361/4/5 3364/4/5
f 3366/4/5 3363/4/5 3362/4/5
f 3367/4/5 3363/4/5 3366/4/5
f 3372/10/5 3369/10/5 3368/10/5
f 3373/10/5 3369/10/5 3372/10/5
f 3374/10/5 3371/10/5 3370/10/5
f 3375/10/5 3371/10/5 3374/10/5
f 3380/10/5 3377/10/5 3376/10/5
f 3381/10/5 3377/10/5 3380/10/5
f 3382/10/5 3379/10/5 3378/10/5
f 3383/10/5 3379/10/5 3382/10/5
f 3388/1/5 3385/1/5 3384/1/5
f 3389/1/5 3385/1/5 3388/1/5
f 3390/1/5 3387/1/5 3386/1/5
f 3391/1/5 3387/1/5 3390/1/5
f 3396/4/5 3393/4/5 3392/4/5
f 3397/4/5 3393/4/5 3396/4/5
f 3398/4/5 3395/4/5 3394/4/5
f 3399/4/5 3395/4/5 3398/4/5
f 3404/4/5 3401/4/5 3400/4/5
f 3405/4/5 3401/4/5 3404/4/5
f 3406/4/5 3403/4/5 3402/4/5
f 3407/4/5 3403/4/5 3406/4/5
f 3412/10/5 3409/10/5 3408/10/5
f 3413/10/5 3409/10/5 3412/10/5
f 3414/10/5 3411/10/5 3410/10/5
f 3415/10/5 3411/10/5 3414/10/5
f 3422/10/5 3417/10/5 3416/10/5
f 3423/10/5 3417/10/5 3422/10/5
f 3424/10/5 3419/10/5 3418/10/5
f 3425/10/5 3419/10/5 3424/10/5
f 3426/10/5 3421/10/5 3420/10/5
f 3427/10/5 3421/10/5 3426/10/5
f 3432/4/5 3429/4/5 3428/4/5
f 3433/4/5 3429/4/5 3432/4/5
f 3434/4/5 3431/4/5 3430/4/5
f 3435/4/5 3431/4/5 3434/4/5
f 3440/4/5 3437/4/5 3436/4/5
f 3441/4/5 3437/4/5 3440/4/5
f 3442/4/5 3439/4/5 3438/4/5
f 3443/4/5 3439/4/5 3442/4/5
f 3446/10/5 3445/10/5 3444/10/5
f 3447/10/5 3445/10/5 3446/10/5
f 3448/10/5 3445/10/5 3447/10/5
f 3449/10/5 3445/10/5 3448/10/5
f 3451/10/5 3448/10/5 3447/10/5
f 3452/10/5 3448/10/5 3451/10/5
f 3454/4/5 3451/4/5 3450/4/5
f 3455/4/5 3451/4/5 3454/4/5
f 3456/4/5 3453/4/5 3452/4/5
f 3457/4/5 3453/4/5 3456/4/5
f 3463/10/5 3459/10/5 3458/10/5
f 3464/10/5 3461/10/5 3460/10/5
f 3466/10/5 3463/10/5 3462/10/5
f 3467/10/5 3459/10/5 3463/10/5
f 3467/10/5 3463/10/5 3466/10/5
f 3468/10/5 3465/10/5 3464/10/5
f 3468/10/5 3464/10/5 3460/10/5
f 3469/10/5 3465/10/5 3468/10/5
f 3474/10/5 3471/10/5 3470/10/5
f 3475/10/5 3471/10/5 3474/10/5
f 3476/10/5 3473/10/5 3472/10/5
f 3477/10/5 3473/10/5 3476/10/5
f 3480/4/5 3479/4/5 3478/4/5
f 3481/4/5 3479/4/5 3480/4/5
f 3482/4/5 3480/4/5 3478/4/5
f 3483/4/5 3479/4/5 3481/4/5
f 3484/4/5 3482/4/5 3478/4/5
f 3485/4/5 3482/4/5 3484/4/5
f 3486/4/5 3479/4/5 3483/4/5
f 3487/4/5 3479/4/5 3486/4/5
f 3493/4/5 3489/4/5 3488/4/5
f 3494/4/5 3489/4/5 3493/4/5
f 3495/4/5 3492/4/5 3491/4/5
f 3495/4/5 3491/4/5 3490/4/5
f 3496/4/5 3492/4/5 3495/4/5
f 3501/10/5 3498/10/5 3497/10/5
f 3502/10/5 3498/10/5 3501/10/5
f 3503/10/5 3500/10/5 3499/10/5
f 3504/10/5 3500/10/5 3503/10/5
f 3505/10/5 3501/10/5 3497/10/5
f 3506/10/5 3501/10/5 3505/10/5
f 3507/10/5 3500/10/5 3504/10/5
f 3508/10/5 3500/10/5 3507/10/5
f 3513/4/5 3510/4/5 3509/4/5
f 3514/4/5 3510/4/5 3513/4/5
f 3515/4/5 3512/4/5 3511/4/5
f 3516/4/5 3512/4/5 3515/4/5
f 3521/10/5 3518/10/5 3517/10/5
f 3524/10/5 3520/10/5 3519/10/5
f 3525/10/5 3522/10/5 3521/10/5
f 3525/10/5 3521/10/5 3517/10/5
f 3526/10/5 3522/10/5 3525/10/5
f 3527/10/5 3524/10/5 3523/10/5
f 3528/10/5 3520/10/5 3524/10/5
f 3528/10/5 3524/10/5 3527/10/5
f 3534/10/5 3530/10/5 3529/10/5
f 3535/10/5 3530/10/5 3534/10/5
f 3538/10/5 3532/10/5 3531/10/5
f 3539/10/5 3532/10/5 3538/10/5
f 3541/10/5 3534/10/5 3533/10/5
f 3542/10/5 3534/10/5 3541/10/5
f 3543/10/5 3536/10/5 3535/10/5
f 3544/10/5 3536/10/5 3543/10/5
f 3545/10/5 3538/10/5 3537/10/5
f 3546/10/5 3538/10/5 3545/10/5
f 3547/10/5 3540/10/5 3539/10/5
f 3548/10/5 3540/10/5 3547/10/5
f 3549/10/5 3543/10/5 3542/10/5
f 3550/10/5 3543/10/5 3549/10/5
f 3551/10/5 3547/10/5 3546/10/5
f 3552/10/5 3547/10/5 3551/10/5
f 3558/10/5 3554/10/5 3553/10/5
f 3559/10/5 3554/10/5 3558/10/5
f 3562/10/5 3556/10/5 3555/10/5
f 3563/10/5 3556/10/5 3562/10/5
f 3565/10/5 3558/10/5 3557/10/5
f 3566/10/5 3558/10/5 3565/10/5
f 3567/10/5 3560/10/5 3559/10/5
f 3568/10/5 3560/10/5 3567/10/5
f 3569/10/5 3562/10/5 3561/10/5
f 3570/10/5 3562/10/5 3569/10/5
f 3571/10/5 3564/10/5 3563/10/5
f 3572/10/5 3564/10/5 3571/10/5
f 3573/10/5 3567/10/5 3566/10/5
f 3574/10/5 3567/10/5 3573/10/5
f 3575/10/5 3571/10/5 3570/10/5
f 3576/10/5 3571/10/5 3575/10/5
f 3577/8/6 3578/8/6 3581/8/6
f 3581/8/6 3578/8/6 3582/8/6
f 3579/8/6 3580/8/6 3583/8/6
f 3583/8/6 3580/8/6 3584/8/6
f 3581/5/6 3582/5/6 3585/5/6
f 3585/5/6 3582/5/6 3586/5/6
f 3583/5/6 3584/5/6 3587/5/6
f 3587/5/6 3584/5/6 3588/5/6
f 3581/5/6 3585/5/6 3589/5/6
f 3589/5/6 3585/5/6 3590/5/6
f 3588/5/6 3584/5/6 3591/5/6
f 3591/5/6 3584/5/6 3592/5/6
f 3586/5/6 3582/5/6 3593/5/6
f 3593/5/6 3582/5/6 3594/5/6
f 3583/5/6 3587/5/6 3595/5/6
f 3595/5/6 3587/5/6 3596/5/6
f 3581/5/6 3589/5/6 3597/5/6
f 3592/5/6 3584/5/6 3600/5/6
f 3581/5/6 3597/5/6 3601/5/6
f 3597/5/6 3598/5/6 3601/5/6
f 3601/5/6 3598/5/6 3602/5/6
f 3599/5/6 3600/5/6 3603/5/6
f 3600/5/6 3584/5/6 3604/5/6
f 3603/5/6 3600/5/6 3604/5/6
f 3581/5/6 3601/5/6 3605/5/6
f 3604/5/6 3584/5/6 3612/5/6
f 3605/5/6 3606/5/6 3613/5/6
f 3607/5/6 3608/5/6 3614/5/6
f 3609/5/6 3610/5/6 3615/5/6
f 3611/5/6 3612/5/6 3616/5/6
f 3613/5/6 3614/5/6 3617/5/6
f 3581/5/6 3605/5/6 3617/5/6
f 3605/5/6 3613/5/6 3617/5/6
f 3614/5/6 3608/5/6 3618/5/6
f 3617/5/6 3614/5/6 3618/5/6
f 3615/5/6 3616/5/6 3619/5/6
f 3609/5/6 3615/5/6 3619/5/6
f 3616/5/6 3612/5/6 3620/5/6
f 3619/5/6 3616/5/6 3620/5/6
f 3612/5/6 3584/5/6 3620/5/6
f 3617/8/6 3618/8/6 3621/8/6
f 3621/8/6 3618/8/6 3622/8/6
f 3619/8/6 3620/8/6 3623/8/6
f 3623/8/6 3620/8/6 3624/8/6
f 3625/4/6 3626/4/6 3628/4/6
f 3628/4/6 3626/4/6 3629/4/6
f 3631/9/6 3632/9/6 3636/9/6
f 3636/9/6 3632/9/6 3637/9/6
f 3637/9/6 3632/9/6 3638/9/6
f 3633/9/6 3634/9/6 3639/9/6
f 3639/9/6 3634/9/6 3640/9/6
f 3640/9/6 3634/9/6 3641/9/6
f 3635/9/6 3636/9/6 3643/9/6
f 3636/9/6 3637/9/6 3643/9/6
f 3643/9/6 3637/9/6 3644/9/6
f 3627/4/6 3628/4/6 3646/4/6
f 3628/4/6 3629/4/6 3646/4/6
f 3629/4/6 3630/4/6 3646/4/6
f 3646/4/6 3630/4/6 3647/4/6
f 3633/9/6 3639/9/6 3648/9/6
f 3648/9/6 3639/9/6 3649/9/6
f 3641/9/6 3642/9/6 3650/9/6
f 3640/9/6 3641/9/6 3650/9/6
f 3650/9/6 3642/9/6 3651/9/6
f 3635/9/6 3643/9/6 3652/9/6
f 3652/9/6 3643/9/6 3653/9/6
f 3646/9/6 3647/9/6 3654/9/6
f 3647/9/6 3648/9/6 3654/9/6
f 3645/9/6 3646/9/6 3654/9/6
f 3654/9/6 3648/9/6 3655/9/6
f 3651/9/6 3642/9/6 3656/9/6
f 3656/9/6 3642/9/6 3657/9/6
f 3635/9/6 3652/9/6 3658/9/6
f 3635/9/6 3658/9/6 3666/9/6
f 3658/9/6 3659/9/6 3666/9/6
f 3666/9/6 3659/9/6 3667/9/6
f 3660/9/6 3661/9/6 3670/9/6
f 3662/9/6 3663/9/6 3671/9/6
f 3664/9/6 3665/9/6 3674/9/6
f 3674/9/6 3665/9/6 3675/9/6
f 3669/9/6 3670/9/6 3679/9/6
f 3678/9/6 3679/9/6 3680/9/6
f 3670/9/6 3661/9/6 3681/9/6
f 3680/9/6 3679/9/6 3681/9/6
f 3679/9/6 3670/9/6 3681/9/6
f 3676/9/6 3677/9/6 3682/9/6
f 3682/9/6 3677/9/6 3683/9/6
f 3671/9/6 3672/9/6 3684/9/6
f 3662/9/6 3671/9/6 3684/9/6
f 3684/9/6 3672/9/6 3685/9/6
f 3682/9/6 3683/9/6 3687/9/6
f 3683/9/6 3684/9/6 3687/9/6
f 3681/9/6 3682/9/6 3687/9/6
f 3687/9/6 3684/9/6 3688/9/6
f 3686/9/6 3687/9/6 3690/9/6
f 3688/9/6 3689/9/6 3690/9/6
f 3687/9/6 3688/9/6 3690/9/6
f 3690/9/6 3689/9/6 3691/9/6
f 3691/9/6 3689/9/6 3692/9/6
f 3692/9/6 3689/9/6 3693/9/6
f 3686/9/6 3690/9/6 3694/9/6
f 3691/9/6 3692/9/6 3695/9/6
f 3695/9/6 3692/9/6 3696/9/6
f 3693/9/6 3689/9/6 3697/9/6
f 3667/9/6 3668/9/6 3699/9/6
f 3699/9/6 3668/9/6 3700/9/6
f 3696/9/6 3697/9/6 3701/9/6
f 3695/9/6 3696/9/6 3701/9/6
f 3686/9/6 3694/9/6 3701/9/6
f 3694/9/6 3695/9/6 3701/9/6
f 3701/9/6 3697/9/6 3702/9/6
f 3697/9/6 3689/9/6 3703/9/6
f 3702/9/6 3697/9/6 3703/9/6
f 3703/9/6 3689/9/6 3704/9/6
f 3673/9/6 3674/9/6 3705/9/6
f 3705/9/6 3674/9/6 3706/9/6
f 3698/9/6 3699/9/6 3708/9/6
f 3708/9/6 3699/9/6 3709/9/6
f 3702/9/6 3703/9/6 3710/9/6
f 3710/9/6 3703/9/6 3711/9/6
f 3711/9/6 3703/9/6 3712/9/6
f 3712/9/6 3703/9/6 3713/9/6
f 3706/9/6 3707/9/6 3714/9/6
f 3714/9/6 3707/9/6 3715/9/6
f 3711/9/6 3712/9/6 3716/9/6
f 3716/9/6 3712/9/6 3717/9/6
f 3717/9/6 3712/9/6 3718/9/6
f 3718/9/6 3712/9/6 3719/9/6
f 3698/9/6 3708/9/6 3720/9/6
f 3720/9/6 3721/9/6 3728/9/6
f 3722/9/6 3723/9/6 3731/9/6
f 3731/9/6 3723/9/6 3732/9/6
f 3717/9/6 3718/9/6 3733/9/6
f 3733/9/6 3718/9/6 3734/9/6
f 3724/9/6 3725/9/6 3735/9/6
f 3735/9/6 3725/9/6 3736/9/6
f 3726/9/6 3727/9/6 3739/9/6
f 3728/9/6 3729/9/6 3740/9/6
f 3698/9/6 3720/9/6 3740/9/6
f 3720/9/6 3728/9/6 3740/9/6
f 3740/9/6 3729/9/6 3741/9/6
f 3741/9/6 3729/9/6 3742/9/6
f 3731/9/6 3732/9/6 3743/9/6
f 3736/9/6 3737/9/6 3743/9/6
f 3733/9/6 3734/9/6 3743/9/6
f 3730/9/6 3731/9/6 3743/9/6
f 3735/9/6 3736/9/6 3743/9/6
f 3734/9/6 3735/9/6 3743/9/6
f 3732/9/6 3733/9/6 3743/9/6
f 3743/9/6 3737/9/6 3744/9/6
f 3744/9/6 3737/9/6 3745/9/6
f 3745/9/6 3737/9/6 3746/9/6
f 3746/9/6 3737/9/6 3747/9/6
f 3738/9/6 3739/9/6 3748/9/6
f 3739/9/6 3727/9/6 3749/9/6
f 3748/9/6 3739/9/6 3749/9/6
f 3749/9/6 3727/9/6 3750/9/6
f 3741/9/6 3742/9/6 3751/9/6
f 3742/9/6 3743/9/6 3751/9/6
f 3751/9/6 3743/9/6 3752/9/6
f 3746/9/6 3747/9/6 3753/9/6
f 3747/9/6 3748/9/6 3753/9/6
f 3748/9/6 3749/9/6 3753/9/6
f 3753/9/6 3749/9/6 3754/9/6
f 3744/4/6 3745/4/6 3755/4/6
f 3755/4/6 3745/4/6 3756/4/6
f 3756/4/6 3745/4/6 3757/4/6
f 3757/4/6 3745/4/6 3758/4/6
f 3756/4/6 3757/4/6 3759/4/6
f 3759/4/6 3757/4/6 3760/4/6
f 3761/4/6 3762/4/6 3765/4/6
f 3765/4/6 3762/4/6 3766/4/6
f 3763/4/6 3764/4/6 3767/4/6
f 3767/4/6 3764/4/6 3768/4/6
f 3769/10/6 3770/10/6 3775/10/6
f 3775/10/6 3770/10/6 3776/10/6
f 3771/10/6 3772/10/6 3777/10/6
f 3777/10/6 3772/10/6 3778/10/6
f 3773/10/6 3774/10/6 3779/10/6
f 3779/10/6 3774/10/6 3780/10/6
f 3781/11/6 3782/11/6 3785/11/6
f 3785/11/6 3782/11/6 3786/11/6
f 3783/11/6 3784/11/6 3787/11/6
f 3787/11/6 3784/11/6 3788/11/6
f 3789/4/6 3790/4/6 3793/4/6
f 3793/4/6 3790/4/6 3794/4/6
f 3791/4/6 3792/4/6 3795/4/6
f 3795/4/6 3792/4/6 3796/4/6
f 3797/4/6 3798/4/6 3801/4/6
f 3801/4/6 3798/4/6 3802/4/6
f 3799/4/6 3800/4/6 3803/4/6
f 3803/4/6 3800/4/6 3804/4/6
f 3805/10/6 3806/10/6 3810/10/6
f 3810/10/6 3806/10/6 3811/10/6
f 3807/10/6 3808/10/6 3814/10/6
f 3814/10/6 3808/10/6 3815/10/6
f 3809/10/6 3810/10/6 3818/10/6
f 3818/10/6 3810/10/6 3819/10/6
f 3811/10/6 3812/10/6 3820/10/6
f 3820/10/6 3812/10/6 3821/10/6
f 3813/10/6 3814/10/6 3822/10/6
f 3822/10/6 3814/10/6 3823/10/6
f 3815/10/6 3816/10/6 3824/10/6
f 3824/10/6 3816/10/6 3825/10/6
f 3817/10/6 3818/10/6 3827/10/6
f 3827/10/6 3818/10/6 3828/10/6
f 3825/10/6 3826/10/6 3835/10/6
f 3835/10/6 3826/10/6 3836/10/6
f 3828/10/6 3829/10/6 3837/10/6
f 3837/10/6 3829/10/6 3838/10/6
f 3830/10/6 3831/10/6 3839/10/6
f 3839/10/6 3831/10/6 3840/10/6
f 3832/10/6 3833/10/6 3841/10/6
f 3841/10/6 3833/10/6 3842/10/6
f 3834/10/6 3835/10/6 3843/10/6
f 3843/10/6 3835/10/6 3844/10/6
f 3845/10/6 3846/10/6 3851/10/6
f 3851/10/6 3846/10/6 3852/10/6
f 3847/10/6 3848/10/6 3853/10/6
f 3853/10/6 3848/10/6 3854/10/6
f 3849/10/6 3850/10/6 3857/10/6
f 3857/10/6 3850/10/6 3858/10/6
f 3855/10/6 3856/10/6 3859/10/6
f 3859/10/6 3856/10/6 3860/10/6
f 3861/10/6 3862/10/6 3870/10/6
f 3870/10/6 3862/10/6 3871/10/6
f 3863/10/6 3864/10/6 3872/10/6
f 3872/10/6 3864/10/6 3873/10/6
f 3865/10/6 3866/10/6 3874/10/6
f 3874/10/6 3866/10/6 3875/10/6
f 3867/10/6 3868/10/6 3876/10/6
f 3876/10/6 3868/10/6 3877/10/6
f 3869/10/6 3870/10/6 3879/10/6
f 3879/10/6 3870/10/6 3880/10/6
f 3877/10/6 3878/10/6 3887/10/6
f 3887/10/6 3878/10/6 3888/10/6
f 3880/10/6 3881/10/6 3889/10/6
f 3889/10/6 3881/10/6 3890/10/6
f 3882/10/6 3883/10/6 3891/10/6
f 3891/10/6 3883/10/6 3892/10/6
f 3884/10/6 3885/10/6 3893/10/6
f 3893/10/6 3885/10/6 3894/10/6
f 3886/10/6 3887/10/6 3895/10/6
f 3895/10/6 3887/10/6 3896/10/6
f 3890/10/6 3891/10/6 3897/10/6
f 3897/10/6 3891/10/6 3898/10/6
f 3894/10/6 3895/10/6 3899/10/6
f 3899/10/6 3895/10/6 3900/10/6
f 3901/4/6 3902/4/6 3905/4/6
f 3905/4/6 3902/4/6 3906/4/6
f 3903/4/6 3904/4/6 3907/4/6
f 3907/4/6 3904/4/6 3908/4/6
f 3909/4/6 3910/4/6 3913/4/6
f 3913/4/6 3910/4/6 3914/4/6
f 3911/4/6 3912/4/6 3915/4/6
f 3915/4/6 3912/4/6 3916/4/6
f 3917/10/6 3918/10/6 3922/10/6
f 3922/10/6 3918/10/6 3923/10/6
f 3919/10/6 3920/10/6 3924/10/6
f 3924/10/6 3920/10/6 3925/10/6
f 3921/10/6 3922/10/6 3927/10/6
f 3927/10/6 3922/10/6 3928/10/6
f 3925/10/6 3926/10/6 3929/10/6
f 3929/10/6 3926/10/6 3930/10/6
f 3931/10/6 3932/10/6 3935/10/6
f 3935/10/6 3932/10/6 3936/10/6
f 3933/10/6 3934/10/6 3937/10/6
f 3937/10/6 3934/10/6 3938/10/6
f 3939/10/6 3940/10/6 3943/10/6
f 3943/10/6 3940/10/6 3944/10/6
f 3941/10/6 3942/10/6 3947/10/6
f 3947/10/6 3942/10/6 3948/10/6
f 3944/10/6 3945/10/6 3949/10/6
f 3949/10/6 3945/10/6 3950/10/6
f 3946/10/6 3947/10/6 3951/10/6
f 3951/10/6 3947/10/6 3952/10/6
f 3953/4/6 3954/4/6 3957/4/6
f 3957/4/6 3954/4/6 3958/4/6
f 3955/4/6 3956/4/6 3959/4/6
f 3959/4/6 3956/4/6 3960/4/6
f 3961/4/6 3962/4/6 3965/4/6
f 3965/4/6 3962/4/6 3966/4/6
f 3963/4/6 3964/4/6 3967/4/6
f 3967/4/6 3964/4/6 3968/4/6
f 3969/10/6 3970/10/6 3973/10/6
f 3973/10/6 3970/10/6 3974/10/6
f 3971/10/6 3972/10/6 3975/10/6
f 3975/10/6 3972/10/6 3976/10/6
f 3977/10/6 3978/10/6 3981/10/6
f 3981/10/6 3978/10/6 3982/10/6
f 3979/10/6 3980/10/6 3983/10/6
f 3983/10/6 3980/10/6 3984/10/6
f 3985/10/6 3986/10/6 3989/10/6
f 3989/10/6 3986/10/6 3990/10/6
f 3987/10/6 3988/10/6 3991/10/6
f 3991/10/6 3988/10/6 3992/10/6
f 3993/4/6 3994/4/6 3997/4/6
f 3997/4/6 3994/4/6 3998/4/6
f 3995/4/6 3996/4/6 3999/4/6
f 3999/4/6 3996/4/6 4000/4/6
f 4001/4/6 4002/4/6 4005/4/6
f 4005/4/6 4002/4/6 4006/4/6
f 4003/4/6 4004/4/6 4007/4/6
f 4007/4/6 4004/4/6 4008/4/6
f 4009/10/6 4010/10/6 4013/10/6
f 4013/10/6 4010/10/6 4014/10/6
f 4011/10/6 4012/10/6 4015/10/6
f 4015/10/6 4012/10/6 4016/10/6
f 4017/4/6 4018/4/6 4021/4/6
f 4021/4/6 4018/4/6 4022/4/6
f 4019/4/6 4020/4/6 4023/4/6
f 4023/4/6 4020/4/6 4024/4/6
f 4025/4/6 4026/4/6 4029/4/6
f 4029/4/6 4026/4/6 4030/4/6
f 4027/4/6 4028/4/6 4031/4/6
f 4031/4/6 4028/4/6 4032/4/6
f 4033/10/6 4034/10/6 4037/10/6
f 4037/10/6 4034/10/6 4038/10/6
f 4035/10/6 4036/10/6 4039/10/6
f 4039/10/6 4036/10/6 4040/10/6
f 4041/4/6 4042/4/6 4045/4/6
f 4045/4/6 4042/4/6 4046/4/6
f 4043/4/6 4044/4/6 4047/4/6
f 4047/4/6 4044/4/6 4048/4/6
f 4049/4/6 4050/4/6 4053/4/6
f 4053/4/6 4050/4/6 4054/4/6
f 4051/4/6 4052/4/6 4055/4/6
f 4055/4/6 4052/4/6 4056/4/6
f 4057/10/6 4058/10/6 4061/10/6
f 4061/10/6 4058/10/6 4062/10/6
f 4059/10/6 4060/10/6 4063/10/6
f 4063/10/6 4060/10/6 4064/10/6
f 4065/4/6 4066/4/6 4069/4/6
f 4069/4/6 4066/4/6 4070/4/6
f 4067/4/6 4068/4/6 4071/4/6
f 4071/4/6 4068/4/6 4072/4/6
f 4073/4/6 4074/4/6 4077/4/6
f 4077/4/6 4074/4/6 4078/4/6
f 4075/4/6 4076/4/6 4079/4/6
f 4079/4/6 4076/4/6 4080/4/6
f 4081/10/6 4082/10/6 4085/10/6
f 4085/10/6 4082/10/6 4086/10/6
f 4083/10/6 4084/10/6 4087/10/6
f 4087/10/6 4084/10/6 4088/10/6
f 4089/10/6 4090/10/6 4091/10/6
f 4091/10/6 4090/10/6 4092/10/6
f 4092/10/6 4090/10/6 4093/10/6
f 4093/10/6 4090/10/6 4094/10/6
f 4091/4/6 4092/4/6 4095/4/6
f 4095/4/6 4092/4/6 4096/4/6
f 4093/4/6 4094/4/6 4097/4/6
f 4097/4/6 4094/4/6 4098/4/6
f 4099/10/6 4100/10/6 4101/10/6
f 4101/10/6 4100/10/6 4102/10/6
f 4102/10/6 4100/10/6 4103/10/6
f 4103/10/6 4100/10/6 4104/10/6
f 4102/10/6 4103/10/6 4105/10/6
f 4105/10/6 4103/10/6 4106/10/6
f 4106/10/6 4103/10/6 4107/10/6
f 4107/10/6 4103/10/6 4108/10/6
f 4108/10/6 4103/10/6 4109/10/6
f 4109/10/6 4103/10/6 4110/10/6
f 4104/10/6 4100/10/6 4111/10/6
f 4099/10/6 4101/10/6 4112/10/6
f 4102/10/6 4105/10/6 4113/10/6
f 4113/10/6 4105/10/6 4114/10/6
f 4108/10/6 4109/10/6 4115/10/6
f 4115/10/6 4109/10/6 4116/10/6
f 4110/10/6 4111/10/6 4117/10/6
f 4106/10/6 4107/10/6 4119/10/6
f 4119/10/6 4107/10/6 4120/10/6
f 4118/10/6 4119/10/6 4122/10/6
f 4120/10/6 4121/10/6 4122/10/6
f 4119/10/6 4120/10/6 4122/10/6
f 4122/10/6 4121/10/6 4123/10/6
f 4123/10/6 4121/10/6 4124/10/6
f 4124/10/6 4121/10/6 4125/10/6
f 4123/10/6 4124/10/6 4127/10/6
f 4127/10/6 4124/10/6 4128/10/6
f 4126/10/6 4127/10/6 4130/10/6
f 4128/10/6 4129/10/6 4130/10/6
f 4127/10/6 4128/10/6 4130/10/6
f 4130/10/6 4129/10/6 4131/10/6
f 4131/10/6 4129/10/6 4132/10/6
f 4132/10/6 4129/10/6 4133/10/6
f 4131/10/6 4132/10/6 4134/10/6
f 4134/10/6 4132/10/6 4135/10/6
f 4135/10/6 4132/10/6 4136/10/6
f 4136/10/6 4132/10/6 4137/10/6
f 4137/10/6 4132/10/6 4138/10/6
f 4138/10/6 4132/10/6 4139/10/6
f 4139/10/6 4132/10/6 4140/10/6
f 4140/10/6 4132/10/6 4141/10/6
f 4141/10/6 4132/10/6 4142/10/6
f 4142/10/6 4132/10/6 4143/10/6
f 4143/10/6 4132/10/6 4144/10/6
f 4144/10/6 4132/10/6 4145/10/6
f 4145/10/6 4132/10/6 4146/10/6
f 4146/10/6 4132/10/6 4147/10/6
f 4131/10/6 4134/10/6 4148/10/6
f 4148/10/6 4134/10/6 4149/10/6
f 4135/10/6 4136/10/6 4150/10/6
f 4150/10/6 4136/10/6 4151/10/6
f 4137/10/6 4138/10/6 4152/10/6
f 4152/10/6 4138/10/6 4153/10/6
f 4139/10/6 4140/10/6 4154/10/6
f 4154/10/6 4140/10/6 4155/10/6
f 4141/10/6 4142/10/6 4156/10/6
f 4156/10/6 4142/10/6 4157/10/6
f 4143/10/6 4144/10/6 4158/10/6
f 4158/10/6 4144/10/6 4159/10/6
f 4145/10/6 4146/10/6 4160/10/6
f 4160/10/6 4146/10/6 4161/10/6
f 4147/10/6 4132/10/6 4162/10/6
f 4162/10/6 4132/10/6 4163/10/6
f 4164/3/6 4165/3/6 4168/3/6
f 4168/3/6 4165/3/6 4169/3/6
f 4166/3/6 4167/3/6 4170/3/6
f 4170/3/6 4167/3/6 4171/3/6
f 4099/10/6 4112/10/6 4172/10/6
f 4112/10/6 4113/10/6 4172/10/6
f 4172/10/6 4113/10/6 4173/10/6
f 4117/10/6 4111/10/6 4174/10/6
f 4111/10/6 4100/10/6 4175/10/6
f 4174/10/6 4111/10/6 4175/10/6
f 4099/10/6 4172/10/6 4176/10/6
f 4173/10/6 4174/10/6 4177/10/6
f 4177/10/6 4174/10/6 4178/10/6
f 4175/10/6 4100/10/6 4179/10/6
f 4177/10/6 4178/10/6 4180/10/6
f 4178/10/6 4179/10/6 4180/10/6
f 4099/10/6 4176/10/6 4180/10/6
f 4176/10/6 4177/10/6 4180/10/6
f 4179/10/6 4100/10/6 4181/10/6
f 4180/10/6 4179/10/6 4181/10/6
f 4182/10/6 4183/10/6 4206/10/6
f 4206/10/6 4183/10/6 4207/10/6
f 4184/10/6 4185/10/6 4208/10/6
f 4208/10/6 4185/10/6 4209/10/6
f 4186/10/6 4187/10/6 4210/10/6
f 4210/10/6 4187/10/6 4211/10/6
f 4188/10/6 4189/10/6 4212/10/6
f 4212/10/6 4189/10/6 4213/10/6
f 4190/10/6 4191/10/6 4214/10/6
f 4214/10/6 4191/10/6 4215/10/6
f 4192/10/6 4193/10/6 4216/10/6
f 4216/10/6 4193/10/6 4217/10/6
f 4194/10/6 4195/10/6 4218/10/6
f 4218/10/6 4195/10/6 4219/10/6
f 4196/10/6 4197/10/6 4220/10/6
f 4220/10/6 4197/10/6 4221/10/6
f 4198/10/6 4199/10/6 4222/10/6
f 4222/10/6 4199/10/6 4223/10/6
f 4200/10/6 4201/10/6 4224/10/6
f 4224/10/6 4201/10/6 4225/10/6
f 4202/10/6 4203/10/6 4226/10/6
f 4226/10/6 4203/10/6 4227/10/6
f 4204/10/6 4205/10/6 4228/10/6
f 4228/10/6 4205/10/6 4229/10/6
f 4230/10/6 4231/10/6 4240/10/6
f 4240/10/6 4231/10/6 4241/10/6
f 4232/10/6 4233/10/6 4242/10/6
f 4242/10/6 4233/10/6 4243/10/6
f 4234/10/6 4235/10/6 4244/10/6
f 4244/10/6 4235/10/6 4245/10/6
f 4236/10/6 4237/10/6 4246/10/6
f 4246/10/6 4237/10/6 4247/10/6
f 4238/10/6 4239/10/6 4250/10/6
f 4250/10/6 4239/10/6 4251/10/6
f 4243/10/6 4233/10/6 4252/10/6
f 4252/10/6 4233/10/6 4253/10/6
f 4234/10/6 4244/10/6 4254/10/6
f 4254/10/6 4244/10/6 4255/10/6
f 4248/10/6 4249/10/6 4256/10/6
f 4256/10/6 4249/10/6 4257/10/6
f 4258/10/6 4259/10/6 4266/10/6
f 4266/10/6 4259/10/6 4267/10/6
f 4260/10/6 4261/10/6 4268/10/6
f 4268/10/6 4261/10/6 4269/10/6
f 4262/10/6 4263/10/6 4270/10/6
f 4270/10/6 4263/10/6 4271/10/6
f 4264/10/6 4265/10/6 4272/10/6
f 4272/10/6 4265/10/6 4273/10/6
f 4274/10/6 4275/10/6 4282/10/6
f 4282/10/6 4275/10/6 4283/10/6
f 4280/10/6 4281/10/6 4298/10/6
f 4298/10/6 4281/10/6 4299/10/6
f 4276/10/6 4277/10/6 4302/10/6
f 4302/10/6 4277/10/6 4303/10/6
f 4284/10/6 4285/10/6 4304/10/6
f 4304/10/6 4285/10/6 4305/10/6
f 4286/10/6 4287/10/6 4306/10/6
f 4306/10/6 4287/10/6 4307/10/6
f 4288/10/6 4289/10/6 4308/10/6
f 4308/10/6 4289/10/6 4309/10/6
f 4290/10/6 4291/10/6 4310/10/6
f 4310/10/6 4291/10/6 4311/10/6
f 4292/10/6 4293/10/6 4312/10/6
f 4312/10/6 4293/10/6 4313/10/6
f 4294/10/6 4295/10/6 4314/10/6
f 4314/10/6 4295/10/6 4315/10/6
f 4296/10/6 4297/10/6 4316/10/6
f 4316/10/6 4297/10/6 4317/10/6
f 4278/10/6 4279/10/6 4318/10/6
f 4318/10/6 4279/10/6 4319/10/6
f 4300/10/6 4301/10/6 4322/10/6
f 4322/10/6 4301/10/6 4323/10/6
f 4320/10/6 4321/10/6 4324/10/6
f 4324/10/6 4321/10/6 4325/10/6
f 4326/10/6 4327/10/6 4330/10/6
f 4330/10/6 4327/10/6 4331/10/6
f 4328/10/6 4329/10/6 4332/10/6
f 4332/10/6 4329/10/6 4333/10/6
f 4334/10/6 4335/10/6 4338/10/6
f 4338/10/6 4335/10/6 4339/10/6
f 4336/10/6 4337/10/6 4340/10/6
f 4340/10/6 4337/10/6 4341/10/6
f 4342/10/6 4343/10/6 4346/10/6
f 4346/10/6 4343/10/6 4347/10/6
f 4344/10/6 4345/10/6 4348/10/6
f 4348/10/6 4345/10/6 4349/10/6
f 4350/10/6 4351/10/6 4354/10/6
f 4354/10/6 4351/10/6 4355/10/6
f 4352/10/6 4353/10/6 4356/10/6
f 4356/10/6 4353/10/6 4357/10/6
f 4358/10/6 4359/10/6 4362/10/6
f 4362/10/6 4359/10/6 4363/10/6
f 4360/10/6 4361/10/6 4364/10/6
f 4364/10/6 4361/10/6 4365/10/6
f 4366/10/6 4367/10/6 4370/10/6
f 4370/10/6 4367/10/6 4371/10/6
f 4368/10/6 4369/10/6 4372/10/6
f 4372/10/6 4369/10/6 4373/10/6
f 4374/10/6 4375/10/6 4378/10/6
f 4378/10/6 4375/10/6 4379/10/6
f 4376/10/6 4377/10/6 4380/10/6
f 4380/10/6 4377/10/6 4381/10/6
f 4382/10/6 4383/10/6 4386/10/6
f 4386/10/6 4383/10/6 4387/10/6
f 4384/10/6 4385/10/6 4388/10/6
f 4388/10/6 4385/10/6 4389/10/6
f 4390/10/6 4391/10/6 4414/10/6
f 4414/10/6 4391/10/6 4415/10/6
f 4392/10/6 4393/10/6 4416/10/6
f 4416/10/6 4393/10/6 4417/10/6
f 4394/10/6 4395/10/6 4418/10/6
f 4418/10/6 4395/10/6 4419/10/6
f 4396/10/6 4397/10/6 4420/10/6
f 4420/10/6 4397/10/6 4421/10/6
f 4398/10/6 4399/10/6 4422/10/6
f 4422/10/6 4399/10/6 4423/10/6
f 4400/10/6 4401/10/6 4424/10/6
f 4424/10/6 4401/10/6 4425/10/6
f 4402/10/6 4403/10/6 4426/10/6
f 4426/10/6 4403/10/6 4427/10/6
f 4404/10/6 4405/10/6 4428/10/6
f 4428/10/6 4405/10/6 4429/10/6
f 4406/10/6 4407/10/6 4430/10/6
f 4430/10/6 4407/10/6 4431/10/6
f 4408/10/6 4409/10/6 4432/10/6
f 4432/10/6 4409/10/6 4433/10/6
f 4410/10/6 4411/10/6 4434/10/6
f 4434/10/6 4411/10/6 4435/10/6
f 4412/10/6 4413/10/6 4436/10/6
f 4436/10/6 4413/10/6 4437/10/6
f 4438/10/6 4439/10/6 4464/10/6
f 4464/10/6 4439/10/6 4465/10/6
f 4440/10/6 4441/10/6 4466/10/6
f 4466/10/6 4441/10/6 4467/10/6
f 4442/10/6 4443/10/6 4468/10/6
f 4468/10/6 4443/10/6 4469/10/6
f 4444/10/6 4445/10/6 4470/10/6
f 4470/10/6 4445/10/6 4471/10/6
f 4446/10/6 4447/10/6 4472/10/6
f 4472/10/6 4447/10/6 4473/10/6
f 4448/10/6 4449/10/6 4474/10/6
f 4474/10/6 4449/10/6 4475/10/6
f 4450/10/6 4451/10/6 4476/10/6
f 4476/10/6 4451/10/6 4477/10/6
f 4452/10/6 4453/10/6 4478/10/6
f 4478/10/6 4453/10/6 4479/10/6
f 4454/10/6 4455/10/6 4480/10/6
f 4480/10/6 4455/10/6 4481/10/6
f 4456/10/6 4457/10/6 4482/10/6
f 4482/10/6 4457/10/6 4483/10/6
f 4458/10/6 4459/10/6 4484/10/6
f 4484/10/6 4459/10/6 4485/10/6
f 4460/10/6 4461/10/6 4486/10/6
f 4486/10/6 4461/10/6 4487/10/6
f 4462/10/6 4463/10/6 4488/10/6
f 4488/10/6 4463/10/6 4489/10/6
f 4490/10/6 4491/10/6 4494/10/6
f 4494/10/6 4491/10/6 4495/10/6
f 4492/10/6 4493/10/6 4496/10/6
f 4496/10/6 4493/10/6 4497/10/6
f 4498/10/6 4499/10/6 4502/10/6
f 4502/10/6 4499/10/6 4503/10/6
f 4500/10/6 4501/10/6 4504/10/6
f 4504/10/6 4501/10/6 4505/10/6
f 4506/10/6 4507/10/6 4510/10/6
f 4510/10/6 4507/10/6 4511/10/6
f 4508/10/6 4509/10/6 4512/10/6
f 4512/10/6 4509/10/6 4513/10/6
f 4514/10/6 4515/10/6 4518/10/6
f 4518/10/6 4515/10/6 4519/10/6
f 4516/10/6 4517/10/6 4520/10/6
f 4520/10/6 4517/10/6 4521/10/6
f 4522/10/6 4523/10/6 4526/10/6
f 4526/10/6 4523/10/6 4527/10/6
f 4524/10/6 4525/10/6 4528/10/6
f 4528/10/6 4525/10/6 4529/10/6
f 4530/10/6 4531/10/6 4534/10/6
f 4534/10/6 4531/10/6 4535/10/6
f 4532/10/6 4533/10/6 4536/10/6
f 4536/10/6 4533/10/6 4537/10/6
f 4538/10/6 4539/10/6 4542/10/6
f 4542/10/6 4539/10/6 4543/10/6
f 4540/10/6 4541/10/6 4544/10/6
f 4544/10/6 4541/10/6 4545/10/6
f 4546/10/6 4547/10/6 4550/10/6
f 4550/10/6 4547/10/6 4551/10/6
f 4548/10/6 4549/10/6 4552/10/6
f 4552/10/6 4549/10/6 4553/10/6
f 4554/10/6 4555/10/6 4558/10/6
f 4558/10/6 4555/10/6 4559/10/6
f 4556/10/6 4557/10/6 4560/10/6
f 4560/10/6 4557/10/6 4561/10/6
f 4562/10/6 4563/10/6 4566/10/6
f 4566/10/6 4563/10/6 4567/10/6
f 4564/10/6 4565/10/6 4568/10/6
f 4568/10/6 4565/10/6 4569/10/6
f 4570/10/6 4571/10/6 4574/10/6
f 4574/10/6 4571/10/6 4575/10/6
f 4572/10/6 4573/10/6 4576/10/6
f 4576/10/6 4573/10/6 4577/10/6
f 4578/10/6 4579/10/6 4582/10/6
f 4582/10/6 4579/10/6 4583/10/6
f 4580/10/6 4581/10/6 4584/10/6
f 4584/10/6 4581/10/6 4585/10/6
f 4586/10/6 4587/10/6 4590/10/6
f 4590/10/6 4587/10/6 4591/10/6
f 4588/10/6 4589/10/6 4592/10/6
f 4592/10/6 4589/10/6 4593/10/6
f 4594/10/6 4595/10/6 4620/10/6
f 4620/10/6 4595/10/6 4621/10/6
f 4596/10/6 4597/10/6 4622/10/6
f 4622/10/6 4597/10/6 4623/10/6
f 4598/10/6 4599/10/6 4624/10/6
f 4624/10/6 4599/10/6 4625/10/6
f 4600/10/6 4601/10/6 4626/10/6
f 4626/10/6 4601/10/6 4627/10/6
f 4602/10/6 4603/10/6 4628/10/6
f 4628/10/6 4603/10/6 4629/10/6
f 4604/10/6 4605/10/6 4630/10/6
f 4630/10/6 4605/10/6 4631/10/6
f 4606/10/6 4607/10/6 4632/10/6
f 4632/10/6 4607/10/6 4633/10/6
f 4608/10/6 4609/10/6 4634/10/6
f 4634/10/6 4609/10/6 4635/10/6
f 4610/10/6 4611/10/6 4636/10/6
f 4636/10/6 4611/10/6 4637/10/6
f 4612/10/6 4613/10/6 4638/10/6
f 4638/10/6 4613/10/6 4639/10/6
f 4614/10/6 4615/10/6 4640/10/6
f 4640/10/6 4615/10/6 4641/10/6
f 4616/10/6 4617/10/6 4642/10/6
f 4642/10/6 4617/10/6 4643/10/6
f 4618/10/6 4619/10/6 4644/10/6
f 4644/10/6 4619/10/6 4645/10/6
f 4646/4/6 4647/4/6 4648/4/6
f 4648/4/6 4647/4/6 4649/4/6
f 4646/4/6 4648/4/6 4650/4/6
f 4649/4/6 4647/4/6 4651/4/6
f 4646/4/6 4650/4/6 4652/4/6
f 4650/4/6 4651/4/6 4652/4/6
f 4651/4/6 4647/4/6 4653/4/6
f 4652/4/6 4651/4/6 4653/4/6
f 4654/4/6 4655/4/6 4658/4/6
f 4658/4/6 4655/4/6 4659/4/6
f 4656/4/6 4657/4/6 4660/4/6
f 4660/4/6 4657/4/6 4661/4/6
f 4662/2/6 4663/2/6 4664/2/6
f 4664/2/6 4663/2/6 4665/2/6
f 4665/2/6 4663/2/6 4666/2/6
f 4666/2/6 4663/2/6 4667/2/6
f 4665/2/6 4666/2/6 4668/2/6
f 4668/2/6 4666/2/6 4669/2/6
f 4670/10/6 4671/10/6 4674/10/6
f 4674/10/6 4671/10/6 4675/10/6
f 4672/10/6 4673/10/6 4676/10/6
f 4676/10/6 4673/10/6 4677/10/6
f 4678/2/6 4679/2/6 4682/2/6
f 4682/2/6 4679/2/6 4683/2/6
f 4680/2/6 4681/2/6 4684/2/6
f 4684/2/6 4681/2/6 4685/2/6
f 4686/10/6 4687/10/6 4690/10/6
f 4690/10/6 4687/10/6 4691/10/6
f 4688/10/6 4689/10/6 4692/10/6
f 4692/10/6 4689/10/6 4693/10/6
f 4694/10/6 4695/10/6 4698/10/6
f 4698/10/6 4695/10/6 4699/10/6
f 4696/10/6 4697/10/6 4700/10/6
f 4700/10/6 4697/10/6 4701/10/6
f 4702/10/6 4703/10/6 4710/10/6
f 4710/10/6 4703/10/6 4711/10/6
f 4704/10/6 4705/10/6 4712/10/6
f 4712/10/6 4705/10/6 4713/10/6
f 4706/10/6 4707/10/6 4714/10/6
f 4714/10/6 4707/10/6 4715/10/6
f 4708/10/6 4709/10/6 4716/10/6
f 4716/10/6 4709/10/6 4717/10/6
f 4718/10/6 4719/10/6 4722/10/6
f 4722/10/6 4719/10/6 4723/10/6
f 4720/10/6 4721/10/6 4724/10/6
f 4724/10/6 4721/10/6 4725/10/6
f 4726/10/6 4727/10/6 4730/10/6
f 4730/10/6 4727/10/6 4731/10/6
f 4728/10/6 4729/10/6 4732/10/6
f 4732/10/6 4729/10/6 4733/10/6
f 4734/10/6 4735/10/6 4742/10/6
f 4742/10/6 4735/10/6 4743/10/6
f 4736/10/6 4737/10/6 4744/10/6
f 4744/10/6 4737/10/6 4745/10/6
f 4738/10/6 4739/10/6 4746/10/6
f 4746/10/6 4739/10/6 4747/10/6
f 4740/10/6 4741/10/6 4748/10/6
f 4748/10/6 4741/10/6 4749/10/6
f 4750/10/6 4751/10/6 4754/10/6
f 4754/10/6 4751/10/6 4755/10/6
f 4752/10/6 4753/10/6 4756/10/6
f 4756/10/6 4753/10/6 4757/10/6
f 4758/10/6 4759/10/6 4767/10/6
f 4767/10/6 4759/10/6 4768/10/6
f 4760/10/6 4761/10/6 4769/10/6
f 4769/10/6 4761/10/6 4770/10/6
f 4762/10/6 4763/10/6 4773/10/6
f 4773/10/6 4763/10/6 4774/10/6
f 4764/10/6 4765/10/6 4775/10/6
f 4775/10/6 4765/10/6 4776/10/6
f 4766/10/6 4767/10/6 4778/10/6
f 4778/10/6 4767/10/6 4779/10/6
f 4770/10/6 4771/10/6 4780/10/6
f 4780/10/6 4771/10/6 4781/10/6
f 4772/10/6 4773/10/6 4782/10/6
f 4782/10/6 4773/10/6 4783/10/6
f 4776/10/6 4777/10/6 4784/10/6
f 4784/10/6 4777/10/6 4785/10/6
f 4786/10/6 4787/10/6 4794/10/6
f 4794/10/6 4787/10/6 4795/10/6
f 4788/10/6 4789/10/6 4798/10/6
f 4798/10/6 4789/10/6 4799/10/6
f 4790/10/6 4791/10/6 4800/10/6
f 4800/10/6 4791/10/6 4801/10/6
f 4792/10/6 4793/10/6 4804/10/6
f 4804/10/6 4793/10/6 4805/10/6
f 4795/10/6 4796/10/6 4806/10/6
f 4806/10/6 4796/10/6 4807/10/6
f 4797/10/6 4798/10/6 4808/10/6
f 4808/10/6 4798/10/6 4809/10/6
f 4801/10/6 4802/10/6 4810/10/6
f 4810/10/6 4802/10/6 4811/10/6
f 4803/10/6 4804/10/6 4812/10/6
f 4812/10/6 4804/10/6 4813/10/6
f 4814/10/6 4815/10/6 4823/10/6
f 4823/10/6 4815/10/6 4824/10/6
f 4816/10/6 4817/10/6 4825/10/6
f 4825/10/6 4817/10/6 4826/10/6
f 4818/10/6 4819/10/6 4829/10/6
f 4829/10/6 4819/10/6 4830/10/6
f 4820/10/6 4821/10/6 4831/10/6
f 4831/10/6 4821/10/6 4832/10/6
f 4822/10/6 4823/10/6 4834/10/6
f 4834/10/6 4823/10/6 4835/10/6
f 4826/10/6 4827/10/6 4836/10/6
f 4836/10/6 4827/10/6 4837/10/6
f 4828/10/6 4829/10/6 4838/10/6
f 4838/10/6 4829/10/6 4839/10/6
f 4832/10/6 4833/10/6 4840/10/6
f 4840/10/6 4833/10/6 4841/10/6
f 4842/10/6 4843/10/6 4850/10/6
f 4850/10/6 4843/10/6 4851/10/6
f 4844/10/6 4845/10/6 4854/10/6
f 4854/10/6 4845/10/6 4855/10/6
f 4846/10/6 4847/10/6 4856/10/6
f 4856/10/6 4847/10/6 4857/10/6
f 4848/10/6 4849/10/6 4860/10/6
f 4860/10/6 4849/10/6 4861/10/6
f 4851/10/6 4852/10/6 4862/10/6
f 4862/10/6 4852/10/6 4863/10/6
f 4853/10/6 4854/10/6 4864/10/6
f 4864/10/6 4854/10/6 4865/10/6
f 4857/10/6 4858/10/6 4866/10/6
f 4866/10/6 4858/10/6 4867/10/6
f 4859/10/6 4860/10/6 4868/10/6
f 4868/10/6 4860/10/6 4869/10/6
